Order_ID,Customer_ID,Customer_Name,Gender,Age,City,Order_Date,Category,Product,Quantity,Unit_Price,Discount,Sales,Cost,Profit,Payment_Method,Returned
ORD00001,1388,Kathleen Walker DDS,Female,39,Kolkata,2023/02/09,Electronics,Smartphone,1,38494.03,0.08,35414.51,30157.26,5257.25,UPI,No
ORD00002,1386,Jessica Ramirez,Male,18,Bangalore,03-09-2024,Home,Vacuum Cleaner,2,283.19,0.13,492.75,308.6,184.15,Credit Card,Yes
ORD00003,1488,Steven Castaneda,Female,48,Kolkata,2024/08/10,Electronics,Headphones,2,39545.58,0.01,78300.25,68383.14,9917.11,Debit Card,No
ORD00004,1407,Caleb Lam,Female,52,Chennai,13-01-2023,Beauty,Perfume,5,32010.08,0.17,132841.83,117986.0,14855.83,Cash on Delivery,No
ORD00005,1498,Sue Taylor,Female,28,bangalore,26-03-2023,Beauty,Face Wash,5,1785.7,0.23,6874.94,4499.23,2375.71,Net Banking,Yes
ORD00006,1372,Steven Jones Jr.,Male,40,mumbai,05-10-2024,Beauty,Moisturizer,5,38981.18,0.0,194905.9,151219.79,43686.11,Cash on Delivery,Yes
ORD00007,1455,Tiffany Lopez,Female,47,Delhi,2024/07/03,Home,Lamp,2,27299.67,0.29,38765.53,25047.51,13718.02,Net Banking,No
ORD00008,1111,Emma Fernandez,Male,50,Bangalore,01-01-2023,Electronics,Smartphone,3,34311.32,0.29,73083.11,57756.16,15326.95,Credit Card,No
ORD00009,1268,Adam Smith,,20,Kolkata,27-11-2023,Electronics,Tablet,4,3859.5,0.21,12196.02,8796.53,3399.49,Net Banking,No
ORD00010,1240,Henry Thompson,Male,58,Delhi,15-11-2024, Electronics ,Headphones,4,3399.48,0.26,10062.46,6472.13,3590.33,Net Banking,No
ORD00011,1644,Gabrielle Mayo,Male,55,Hyderabad,03-05-2023,Fashion,Sneakers,4,18550.71,0.16,62330.39,43713.38,18617.01,UPI,No
ORD00012,1461,,Female,45,,15-11-2024,Electronics,Smartphone,4,43579.64,0.22,135968.48,121573.73,14394.75,UPI,No
ORD00013,1348,Michael Hayes,,35,Pune,2024/08/06,Fashion,Sneakers,5,5417.92,0.22,21129.89,14103.59,7026.3,Debit Card,No
ORD00014,1198,Ashley Howell,Female,54,Mumbai,2023/01/18,Beauty,Lipstick,5,4202.02,0.06,19749.49,13031.7,,Debit Card,Yes
ORD00015,1495,Ruth Turner,Female,43,Kolkata,2023/05/19,Home,Desk,5,6846.69,0.27,24990.42,22007.49,2982.93,Cash on Delivery,No
ORD00016,1615,Karl Martinez,Female,39,Chennai,07-01-2023,Home,Lamp,2,42048.94,0.28,60550.47,47406.49,13143.98,CREDIT CARD,No
ORD00017,1185,Angelica Obrien,Female,21,Kolkata,17-07-2023,Beauty,Face Wash,4,15912.23,0.06,59829.98,43957.93,15872.05,Cash on Delivery,No
ORD00018,1514,Lauren Merritt,Female,21,Hyderabad,2023/09/29,Fashion,Dress,4,18552.16,0.28,53430.22,34018.92,19411.3,Net Banking,No
ORD00019,1272,Alexa Sawyer,Female,54,Pune,01-04-2024,Electronics,Smartwatch,5,38326.64,0.21,151390.23,101855.6,49534.63,NET BANKING,No
ORD00020,1488,Caitlin Davis,Male,48,Pune,2023/05/16,Home,Mixer,2,6342.3,0.13,11035.6,8264.97,2770.63,Debit Card,No
ORD00021,1722,Katie Franklin,Male,38,Chennai,23-10-2023, Electronics ,Smartwatch,5,44999.21,0.27,164247.12,136701.11,27546.01,Credit Card,No
ORD00022,1168,Daniel Hayes,Male,20,Bangalore,20-11-2024, Home ,Vacuum Cleaner,4,18009.76,0.01,71318.65,43068.7,28249.95,Cash on Delivery,No
ORD00023,1558,Elizabeth Mcconnell,Female,30,,19-09-2024,Home,Lamp,4,11362.0,0.16,38176.32,24088.05,14088.27,Credit Card,No
ORD00024,1365,Patrick Horton,Male,49,Mumbai,2024/06/13, Beauty ,Moisturizer,1,3195.56,0.13,2780.14,2213.62,566.52,UPI,No
ORD00025,1329,Kevin Lee MD,Male,20,,02-11-2024, Electronics ,Headphones,2,3857.31,0.28,5554.53,3350.97,2203.56,Net Banking,No
ORD00026,1026,Brittany Castro,Female,27,Hyderabad,2024/06/11,Fashion,Sneakers,1,14270.89,0.19,11559.42,8062.05,3497.37,UPI,No
ORD00027,1293,Heather Johnston,Male,48,,13-02-2023,Beauty,Shampoo,2,19626.32,0.3,27476.85,20582.36,6894.49,Credit Card,No
ORD00028,1371,Linda Patel,Male,42,Delhi,2023/10/23,Electronics,Smartwatch,3,27679.65,0.01,82208.56,62171.18,20037.38,CREDIT CARD,No
ORD00029,1166,Colin Cunningham,Male,39,nan,2023/01/06,Electronics,Headphones,4,9153.87,0.04,35150.86,26101.24,9049.62,UPI,No
ORD00030,1137,Kyle Taylor,Male,40,Hyderabad,03-04-2023,Beauty,Perfume,4,3169.35,0.05,12043.53,8892.95,3150.58,UPI,No
ORD00031,1685,Ashley Gonzalez,Female,40,Kolkata,2023/12/02,Fashion,Jacket,3,33644.98,0.03,97906.89,59024.39,38882.5,CREDIT CARD,Yes
ORD00032,1785,Jerry Greene,Female,44,Pune,11-09-2024,Electronics,Laptop,2,14545.79,0.04,27927.92,23397.65,4530.27,UPI,No
ORD00033,1518,Tami Owen,,59,Bangalore,2023/12/25,Electronics,Tablet,3,17622.79,0.21,41766.01,25100.79,16665.22,UPI,No
ORD00034,1072,Kimberly Ryan,Male,31,nan,25-11-2024, Beauty ,Lipstick,5,47836.8,0.16,200914.56,144602.54,56312.02,Net Banking,No
ORD00035,1688,Christina Beasley,Male,30,Bangalore,2024/10/02,Fashion,Jacket,1,13166.14,0.01,13034.48,11393.77,1640.71,UPI,Yes
ORD00036,1420,Jennifer Castillo,Male,57,Bangalore,16-09-2023,Home,Mixer,1,18183.29,0.27,13273.8,9402.44,3871.36,CASH ON DELIVERY,Yes
ORD00037,1315,Thomas King,Female,33,Delhi,2024/11/04,Electronics,Smartphone,3,40002.52,0.19,97206.12,80546.73,16659.39,Credit Card,Yes
ORD00038,1000,Michael Phelps,Female,31,Mumbai,01-02-2024,Beauty,Moisturizer,3,47160.26,,134406.74,117111.52,17295.22,Net Banking,No
ORD00039,1066,Sean Soto,Male,25,Kolkata,09-11-2023,Electronics,Headphones,5,13480.76,0.05,64033.61,55400.72,8632.89,Debit Card,Yes
ORD00040,1681,Lisa Vasquez,Male,37,Bangalore,24-01-2023,Fashion,Sneakers,3,29952.83,0.24,68292.45,47904.79,20387.66,UPI,No
ORD00041,1174,Logan Brady,Male,53,Mumbai,07-06-2023,Fashion,Jacket,1,21251.56,0.26,15726.15,13212.96,2513.19,Credit Card,No
ORD00042,1076,Nancy Andrews,Male,23,,2024/01/09,Fashion,Jacket,5,35973.37,0.26,133101.47,108257.06,24844.41,Cash on Delivery,No
ORD00043,1421,Stephen Obrien,Female,57,Hyderabad,21-02-2023,Electronics,Headphones,1,7978.03,0.19,6462.2,4068.49,2393.71,UPI,No
ORD00044,1800,,Female,41,Pune,20-05-2023,Beauty,Lipstick,1,2366.56,0.05,2248.23,1890.47,357.76,Debit Card,No
ORD00045,1594,Sandra Ball,Male,51,Kolkata,03-01-2023,Beauty,Perfume,5,26551.16,,106204.64,81238.36,24966.28,Cash on Delivery,Yes
ORD00046,1382,Matthew Blevins,Female,52,Kolkata,21-04-2024,Beauty,Perfume,5,24074.15,0.11,107129.97,90246.34,16883.63,CASH ON DELIVERY,No
ORD00047,1772,Connie Howard,Female,60,Mumbai,17-01-2024,Fashion,Jeans,1,18869.72,,15473.17,11562.31,3910.86,Cash on Delivery,Yes
ORD00048,1538,Pamela Thompson,Male,58,Kolkata,14-05-2024,Fashion,Dress,4,48770.0,0.15,165818.0,134950.08,30867.92,Debit Card,No
ORD00049,1054,Robert Green,Male,41,Delhi,2024/12/30,Beauty,Face Wash,3,33869.44,0.05,96527.9,60873.8,35654.1,UPI,No
ORD00050,1512,Anne Spencer,Male,48,Mumbai,2024/05/12,Fashion,Dress,2,25529.84,0.2,40847.74,33968.5,6879.24,Cash on Delivery,No
ORD00051,1653,James Lambert,Female,44,Chennai,2023/02/18,Fashion,T-Shirt,4,37377.41,0.26,110637.13,79536.23,31100.9,Debit Card,No
ORD00052,1717,Brandon Brown,Female,55,Chennai,02-09-2023,Beauty,Lipstick,1,2092.69,0.29,1485.81,1054.24,431.57,UPI,Yes
ORD00053,1014,,Female,59,,2024/10/16,Fashion,Jeans,4,10276.18,0.2,32883.78,24355.99,8527.79,Debit Card,No
ORD00054,1010,Mary Herrera,Female,50,Hyderabad,13-06-2024,Electronics,Smartphone,2,39792.81,0.04,76402.2,48787.49,27614.71,Net Banking,Yes
ORD00055,1405,Victor Garcia,Male,40,Pune,30-04-2023,Fashion,Jeans,3,11598.48,0.21,27488.4,22571.63,4916.77,CREDIT CARD,No
ORD00056,1660,,Female,45,Hyderabad,08-03-2024,Home,Mixer,1,18535.8,0.06,17423.65,14978.42,2445.23,Net Banking,Yes
ORD00057,1357,Vanessa Miller,Male,39,Pune,2024/01/12,Electronics,Smartphone,5,19750.43,0.25,74064.11,60693.83,13370.28,Credit Card,No
ORD00058,1293,Andrew Jones,Male,38,pune,20-12-2024, Beauty ,Shampoo,3,1841.89,0.06,5194.13,3563.7,1630.43,UPI,Yes
ORD00059,1795,Louis Hernandez,Male,30,Hyderabad,16-11-2023,Beauty,Perfume,2,16642.74,0.21,26295.53,20180.08,6115.45,Debit Card,No
ORD00060,1477,Lisa Mejia,Male,57,Kolkata,08-02-2024,Beauty,Moisturizer,3,21930.61,0.27,48028.04,29959.77,18068.27,Cash on Delivery,No
ORD00061,1279,William Patterson,Male,36,Mumbai,16-09-2024,Fashion,T-Shirt,2,34868.9,0.24,53000.73,38862.45,14138.28,UPI,No
ORD00062,1172,Raymond Moore,Female,55,Mumbai,2023/05/19,Electronics,Tablet,4,27476.1,0.11,97814.92,79060.42,18754.5,Debit Card,No
ORD00063,1195,Frank Thomas II,Male,37,Kolkata,2023/10/31,Fashion,Jeans,4,13557.69,0.07,50434.61,42614.51,7820.1,Net Banking,Yes
ORD00064,1249,,Male,40,Mumbai,2023/04/13,Fashion,Jeans,3,31207.97,0.24,71154.17,49646.82,21507.35,Net Banking,No
ORD00065,1424,Jennifer Benson,Male,33,Chennai,15-04-2023,Fashion,T-Shirt,5,26304.33,0.18,107847.75,72378.14,35469.61,Net Banking,No
ORD00066,1163,Kathryn Ross,Male,30,Mumbai,2024/09/07,Home,Lamp,1,30851.1,0.09,28074.5,20482.08,7592.42,Net Banking,No
ORD00067,1309,Patrick Mckay,Male,19,Hyderabad,07-04-2023,Fashion,Jeans,5,8599.64,0.15,36548.47,30096.1,6452.37,Net Banking,No
ORD00068,1257,Christopher Butler,Female,35,Mumbai,02-10-2023,Fashion,Dress,4,45996.22,0.3,128789.42,80287.16,48502.26,Cash on Delivery,No
ORD00069,1476,Philip Willis,Female,50,Delhi,09-07-2023,Fashion,T-Shirt,1,20620.77,0.09,18764.9,14007.67,4757.23,DEBIT CARD,Yes
ORD00070,1309,Katherine Moore,Male,49,Hyderabad,23-04-2024,Beauty,Lipstick,2,13400.29,0.04,25728.56,21707.26,4021.3,Debit Card,Yes
ORD00071,1730,Denise Cook,Female,41,Kolkata,21-10-2024,Fashion,Sneakers,3,13516.41,0.16,34061.35,21494.38,12566.97,Net Banking,No
ORD00072,1796,Jesus Murphy,Male,45,Bangalore,28-05-2023,Fashion,Jeans,2,32502.31,0.1,58504.16,47759.17,10744.99,Debit Card,No
ORD00073,1230,Richard Escobar,,27,Pune,01-05-2024,Beauty,Shampoo,4,34426.33,0.0,137705.32,120674.79,17030.53,CASH ON DELIVERY,No
ORD00074,1136,Kimberly Kelly,,29,Hyderabad,2023/09/23,Electronics,Smartwatch,3,22815.93,0.2,54758.23,36755.38,18002.85,UPI,No
ORD00075,1429,Suzanne Lopez,Female,60,Bangalore,30-07-2024,Fashion,Jeans,3,39204.77,0.16,98796.02,60945.77,37850.25,Credit Card,No
ORD00076,1556,Dr. Mark Jackson DDS,Female,57,Delhi,2024/04/13,Beauty,Face Wash,1,45445.45,0.05,43173.18,31310.69,11862.49,UPI,No
ORD00077,1382,Travis Rivas,Male,30,Mumbai,2024/09/28,Beauty,Perfume,1,25976.24,0.01,25716.48,22051.55,3664.93,Credit Card,Yes
ORD00078,1642,,,51,Pune,2024/02/06,Beauty,Shampoo,4,14694.83,0.28,42321.11,29509.96,12811.15,UPI,Yes
ORD00079,1328,Regina Wallace,Male,33,Mumbai,2024/02/05,Fashion,Sneakers,3,43069.06,0.09,117578.53,89554.88,,Debit Card,No
ORD00080,1628,Andrew Boyle,Male,59,pune,14-01-2024,Home,Mixer,5,22013.59,0.02,107866.59,89034.26,18832.33,DEBIT CARD,Yes
ORD00081,1207,Richard Adams,Female,36,Hyderabad,14-11-2023,Fashion,Jeans,3,32166.26,0.07,89743.87,69685.09,20058.78,Debit Card,No
ORD00082,1136,Lawrence Kirby,Male,58,Hyderabad,23-10-2024,Home,Desk,5,18483.02,0.14,79476.99,60185.45,19291.54,Debit Card,No
ORD00083,1130,Taylor Barry,Female,33,Hyderabad,2024/09/21,Beauty,Perfume,2,16561.25,0.06,31135.15,20813.35,10321.8,Cash on Delivery,No
ORD00084,1620,Edwin Baker,Male,60,Mumbai,2024/12/23,Beauty,Perfume,1,3379.6,0.29,2399.52,1866.27,533.25,Net Banking,No
ORD00085,1664,Terry Banks,Female,29,Kolkata,15-11-2023,Home,Vacuum Cleaner,4,19986.02,0.29,56760.3,35154.65,,UPI,No
ORD00086,1654,John Hernandez,Female,47,Kolkata,23-03-2024,Fashion,Sneakers,5,36267.1,0.17,150508.46,91994.14,58514.32,Credit Card,No
ORD00087,1343,,Male,34,Mumbai,2023/05/16,Electronics,Tablet,1,20190.73,0.05,19181.19,16985.92,2195.27,UPI,No
ORD00088,1168,Amber Ross,,48,Pune,09-12-2024,Electronics,Laptop,1,25442.2,0.14,21880.29,16755.87,5124.42,Cash on Delivery,No
ORD00089,1074,Kevin Price,Male,46,Pune,07-11-2024,Electronics,Smartwatch,1,23176.62,0.2,18541.3,13077.29,5464.01,CASH ON DELIVERY,No
ORD00090,1313,Sheri Hampton,Male,33,Mumbai,2024/10/01,Fashion,Jeans,2,8370.69,0.26,12388.62,8420.9,,Debit Card,No
ORD00091,1756,Jeremy Knapp,Female,23,Kolkata,20-12-2024,Home,Mixer,2,25801.87,0.09,46959.4,39496.6,7462.8,Cash on Delivery,No
ORD00092,1497,Michael Williams,Male,22,Kolkata,23-03-2024,Fashion,Sneakers,3,45731.05,0.26,101522.93,67289.78,34233.15,CREDIT CARD,Yes
ORD00093,1562,Beth King,Male,40,Chennai,11-01-2023,Beauty,Moisturizer,2,26263.23,0.21,41495.9,33827.66,7668.24,UPI,No
ORD00094,1281,William Brewer,Male,34,Hyderabad,03-04-2023,Home,Chair,1,46623.5,0.26,34501.39,20889.53,13611.86,Net Banking,No
ORD00095,1609,Jennifer Gonzales,Female,52,Chennai,03-07-2024,Electronics,Headphones,4,33515.83,0.23,103228.76,92573.1,10655.66,Debit Card,No
ORD00096,1095,Jennifer Rodriguez,Female,33,,15-03-2023,Home,Vacuum Cleaner,2,38936.79,0.24,59183.92,43584.48,15599.44,Net Banking,No
ORD00097,1562,Vanessa Olson,Male,51,Delhi,28-08-2024,Home,Desk,5,35312.67,0.08,162438.28,140237.66,22200.62,UPI,No
ORD00098,1280,Larry Parker,Male,33,Delhi,2023/05/05,Beauty,Moisturizer,2,48351.66,0.3,67692.32,55291.89,12400.43,Cash on Delivery,No
ORD00099,1767,Matthew Ross,Male,51,hyderabad,03-08-2024,Home,Vacuum Cleaner,3,46393.13,0.13,121086.07,75521.15,45564.92,Credit Card,No
ORD00100,1695,Jessica Snow,Male,50,Kolkata,12-08-2023,Fashion,Sneakers,4,33572.05,0.06,126230.91,78437.99,47792.92,UPI,No
ORD00101,1770,Lisa Rivas,Male,18,Bangalore,04-04-2024,Fashion,Sneakers,1,20304.87,0.25,15228.65,11046.92,4181.73,Credit Card,No
ORD00102,1743,Carlos Osborne,Male,46,Mumbai,2023/02/27,Beauty,Moisturizer,2,40728.7,0.09,74126.23,61592.85,12533.38,Credit Card,No
ORD00103,1065,Ryan Conway,Male,47,Kolkata,2024/08/11,Home,Vacuum Cleaner,4,44676.08,0.22,139389.37,118355.52,21033.85,Cash on Delivery,No
ORD00104,1530,Amy Green,Male,21,Delhi,2024/07/01,Electronics,Headphones,2,48138.73,0.17,79910.29,61080.18,18830.11,Net Banking,No
ORD00105,1263,Marissa Mcbride,,58,Hyderabad,11-09-2024,Fashion,Jacket,4,4880.6,0.25,14641.8,13080.96,1560.84,Debit Card,Yes
ORD00106,1142,Darlene Weaver,Female,57,Hyderabad,17-02-2024,Fashion,Jeans,2,45192.03,0.24,68691.89,51509.4,17182.49,Cash on Delivery,No
ORD00107,1077,Keith Gates,Male,41,Chennai,30-11-2023,Home,Vacuum Cleaner,1,38517.68,0.24,29273.44,21707.31,7566.13,UPI,No
ORD00108,1771,,Female,47,Mumbai,2024/09/03,Beauty,Moisturizer,1,38284.15,0.23,29478.8,24949.5,4529.3,Net Banking,Yes
ORD00109,1794,Tony Gomez DDS,Male,29,bangalore,18-10-2024,Beauty,Face Wash,1,32758.04,0.06,30792.56,20502.7,10289.86,UPI,Yes
ORD00110,1401,Gabrielle Rose,Female,59,Pune,13-11-2024,Electronics,Smartphone,5,13177.18,0.2,52708.72,31850.12,20858.6,Cash on Delivery,No
ORD00111,1442,Kimberly Fischer,Male,41,Mumbai,05-04-2023,Beauty,Moisturizer,4,7796.05,0.22,24323.68,15915.33,8408.35,Credit Card,Yes
ORD00112,1374,Matthew White,Female,54,Mumbai,09-11-2024, Beauty ,Perfume,5,32665.93,,117597.35,78381.05,39216.3,UPI,No
ORD00113,1366,John Miller,Male,34,Delhi,03-03-2023,Electronics,Smartphone,3,14350.85,0.01,42622.02,26392.62,16229.4,Credit Card,No
ORD00114,1184,Jennifer Gross,,31,Pune,01-10-2024,Electronics,Headphones,3,13407.54,0.1,36200.36,26231.76,9968.6,Net Banking,No
ORD00115,1532,Adriana Todd,Male,30,Hyderabad,2023/10/19,Electronics,Headphones,3,20889.81,0.15,53269.02,47676.96,5592.06,Debit Card,No
ORD00116,1118,Alan Shelton,Male,38,Bangalore,2023/02/17,Home,Chair,5,49182.07,0.26,181973.66,162194.07,19779.59,Debit Card,No
ORD00117,1703,Catherine Carroll,Female,57,Bangalore,28-11-2023,Beauty,Face Wash,5,37550.73,0.17,155835.53,120226.09,35609.44,Net Banking,No
ORD00118,1143,Kyle Ward,Female,49,Delhi,2024/07/21,Beauty,Moisturizer,1,29399.16,0.19,23813.32,20697.3,3116.02,Credit Card,Yes
ORD00119,1645,Lori Kim,Male,40,Delhi,12-03-2023,Fashion,Jacket,3,7393.33,0.2,17743.99,12569.36,5174.63,NET BANKING,Yes
ORD00120,1163,Ashley Spencer,Male,20,Chennai,19-06-2024,Beauty,Perfume,5,45518.47,0.07,211660.89,189926.1,21734.79,CASH ON DELIVERY,No
ORD00121,1390,,,29,Bangalore,2024/05/04,Electronics,Headphones,3,2000.32,,4680.75,4074.17,606.58,Net Banking,No
ORD00122,1018,John Espinoza,Male,40,Mumbai,10-03-2023,Electronics,Smartphone,5,43407.95,0.23,167120.61,150005.46,17115.15,NET BANKING,No
ORD00123,1787,Kathy Johnson,Male,31,Pune,03-02-2024,Beauty,Lipstick,1,11574.14,0.19,9375.05,5675.4,3699.65,Credit Card,No
ORD00124,1135,Lisa Simmons,Female,49,chennai,05-04-2023,Electronics,Smartwatch,4,39024.48,0.27,113951.48,84919.17,,Credit Card,No
ORD00125,1063,Latoya Sanchez,Female,23,Hyderabad,17-10-2024,Home,Desk,2,19146.87,0.11,34081.43,24067.78,10013.65,Cash on Delivery,No
ORD00126,1425,Rebecca Krause,Female,42,Chennai,08-07-2023,Home,Lamp,5,46505.28,0.17,192996.91,167828.35,25168.56,Debit Card,No
ORD00127,1082,Tina Willis,Female,38,,2024/01/22,Home,Desk,4,44513.05,0.17,147783.33,103569.45,44213.88,Credit Card,No
ORD00128,1063,Alison Brooks,Male,46,Delhi,07-12-2023,Home,Desk,4,36260.77,0.14,124737.05,81745.9,42991.15,Net Banking,No
ORD00129,1581,Scott Lucas,Male,41,Bangalore,05-06-2023,Home,Vacuum Cleaner,3,31825.3,0.04,91656.86,78588.08,13068.78,UPI,No
ORD00130,1278,Beth Gonzales,Male,24,Delhi,2024/01/20,Beauty,Face Wash,2,26928.71,0.09,49010.25,33224.28,15785.97,NET BANKING,Yes
ORD00131,1438,Matthew Collier,Male,36,Delhi,2023/11/24,Fashion,Jeans,4,32635.66,0.19,105739.54,65503.58,40235.96,CASH ON DELIVERY,No
ORD00132,1639,Ian Willis,Female,35,Pune,2024/03/07,Fashion,Sneakers,5,13737.49,0.11,61131.83,47282.47,13849.36,Net Banking,No
ORD00133,1174,John Lewis,Female,37,Mumbai,23-05-2023,Electronics,Headphones,3,21168.75,0.1,57155.62,40757.04,16398.58,Net Banking,No
ORD00134,1769,Jenna Price,Male,21,Chennai,11-01-2024,Home,Desk,5,42161.43,0.15,179186.08,126712.53,52473.55,Debit Card,Yes
ORD00135,1228,Jeanne Parks,Female,28,Delhi,30-07-2023,Fashion,Jacket,1,7625.14,0.01,7548.89,6399.14,1149.75,UPI,Yes
ORD00136,1606,Christian Johnson,Male,57,Mumbai,30-11-2024,Electronics,Tablet,5,40214.46,0.05,191018.68,120997.11,70021.57,Credit Card,Yes
ORD00137,1426,Earl Day,Female,39,Pune,2024/01/26,Beauty,Face Wash,2,35312.22,0.03,68505.71,52684.81,15820.9,Credit Card,No
ORD00138,1703,Steven Smith,Female,19,Bangalore,02-12-2023,Beauty,Face Wash,1,44449.84,0.21,35115.37,29446.76,5668.61,NET BANKING,No
ORD00139,1009,Kyle Lee,Female,59,Hyderabad,30-03-2024,Home,Vacuum Cleaner,1,20599.03,0.01,20393.04,13301.8,7091.24,UPI,No
ORD00140,1342,William Hess,Female,57,Bangalore,07-01-2024,Beauty,Shampoo,3,35426.22,0.24,80771.78,59964.47,20807.31,Debit Card,No
ORD00141,1697,Brian Harris,Female,24,Kolkata,09-07-2023,Home,Lamp,2,37659.5,0.05,71553.05,56298.1,15254.95,Net Banking,No
ORD00142,1781,Dana Newton,Female,40,delhi,12-06-2023,Electronics,Smartphone,3,38720.59,0.03,112676.92,88461.61,24215.31,Credit Card,No
ORD00143,1088,Andrew Compton,Female,28,Chennai,2024/11/08,Fashion,Jacket,1,43564.73,0.22,33980.49,26606.28,7374.21,UPI,No
ORD00144,1501,Russell Scott,Male,55,Hyderabad,29-11-2023,Beauty,Lipstick,3,39072.54,0.26,86741.04,64353.55,22387.49,Debit Card,No
ORD00145,1270,Angela Stephenson,Male,24,,23-08-2023,Home,Mixer,3,29845.95,0.13,77897.93,69473.4,8424.53,Debit Card,No
ORD00146,1147,Michael Cummings,Male,55,Hyderabad,2023/11/04,Home,Vacuum Cleaner,3,4464.54,0.14,11518.51,7251.03,4267.48,Credit Card,No
ORD00147,1072,Nancy Miller,Male,42,,17-02-2024,Beauty,Moisturizer,1,3821.2,,2865.9,1971.29,894.61,Cash on Delivery,No
ORD00148,1224,Gary Williams,Male,46,Chennai,26-10-2023,Fashion,Jacket,3,21911.73,0.02,64420.49,46252.95,18167.54,Cash on Delivery,No
ORD00149,1112,Gregory Hancock,Female,42,Delhi,03-08-2024,Home,Mixer,4,26648.4,0.15,90604.56,67627.81,22976.75,Debit Card,Yes
ORD00150,1622,Adam Russell,Male,31,,30-05-2023,Electronics,Laptop,1,15583.96,0.06,14648.92,12498.57,2150.35,Credit Card,No
ORD00151,1238,Stephen Smith,Male,39,Chennai,2023/03/19,Home,Mixer,1,46265.59,0.13,40251.06,26246.5,,Credit Card,No
ORD00152,1220,Peter White,Female,43,Hyderabad,21-04-2023,Electronics,Headphones,3,3767.85,0.15,9608.02,8172.4,1435.62,UPI,Yes
ORD00153,1433,Jennifer Phillips,Female,45,Kolkata,12-02-2023,Home,Mixer,2,30638.25,0.09,55761.62,35802.85,19958.77,UPI,No
ORD00154,1471,Christopher Fisher,Female,42,Kolkata,09-07-2023,Home,Chair,4,29787.64,0.18,97703.46,81231.45,16472.01,Debit Card,Yes
ORD00155,1165,Danielle Butler,Male,25,Kolkata,05-06-2024,Beauty,Face Wash,5,13761.31,0.08,63302.03,52947.74,10354.29,Credit Card,No
ORD00156,1285,William Gregory,Male,46,Kolkata,23-05-2024,Fashion,Jeans,4,17165.59,0.07,63855.99,44828.85,19027.14,Net Banking,Yes
ORD00157,1050,David Lee,Male,32,Mumbai,29-08-2023,Home,Desk,1,33181.34,0.26,24554.19,18607.22,5946.97,Credit Card,No
ORD00158,1682,Laura Campbell,Female,52,Delhi,23-05-2023,Electronics,Tablet,5,26996.33,0.22,105285.69,73506.13,31779.56,Debit Card,No
ORD00159,1591,Charles Jennings,Female,57,Chennai,2023/02/15,Home,Mixer,4,12970.24,0.08,47730.48,31748.72,15981.76,Debit Card,Yes
ORD00160,1169,Christina Watkins,Male,54,,2023/11/18,Electronics,Smartwatch,4,35139.42,0.26,104012.68,79576.66,24436.02,Net Banking,Yes
ORD00161,1673,Carrie Velez,Female,26,Pune,19-03-2023,Electronics,Headphones,5,21413.95,0.1,96362.78,62275.0,34087.78,Cash on Delivery,No
ORD00162,1277,Richard Patel,Male,18,Bangalore,09-09-2023,Beauty,Perfume,4,49830.4,0.2,159457.28,102510.88,56946.4,Credit Card,Yes
ORD00163,1677,,Female,28,Kolkata,29-06-2023,Beauty,Face Wash,5,889.55,0.02,4358.8,2728.25,1630.55,Debit Card,No
ORD00164,1142,Brian Sharp,Female,18,Kolkata,31-10-2024,Home,Mixer,3,35877.97,0.09,97946.86,59107.6,38839.26,UPI,No
ORD00165,1789,Paul Saunders,Female,53,Kolkata,25-12-2024,Fashion,T-Shirt,4,17873.8,0.18,58626.06,49211.26,9414.8,Cash on Delivery,No
ORD00166,1399,Renee Charles,Male,24,Kolkata,2024/11/27,Electronics,Smartwatch,1,48480.28,0.15,41208.24,24844.48,16363.76,Debit Card,No
ORD00167,1754,,Female,24,Chennai,23-01-2023,Home,Chair,3,33154.84,0.24,75593.04,51238.05,24354.99,Net Banking,Yes
ORD00168,1137,Kurt Ruiz,Male,49,Chennai,15-10-2024,Electronics,Smartphone,5,16788.15,0.06,78904.3,60592.74,18311.56,Credit Card,No
ORD00169,1724,Stephen Sanchez,Female,21,Delhi,2023/03/19,Fashion,Jeans,2,29298.42,0.07,54495.06,42848.3,11646.76,Net Banking,Yes
ORD00170,1431,Angel Flores,Female,31,pune,04-04-2024,Home,Mixer,2,13422.09,0.05,25501.97,17021.32,8480.65,Credit Card,No
ORD00171,1524,Ross Hart,Male,44,Kolkata,2024/12/22,Home,Desk,4,5597.14,0.24,17015.31,11498.36,5516.95,UPI,No
ORD00172,1355,Jonathan Brown,Male,25,Pune,29-10-2023,Fashion,T-Shirt,5,7635.31,,27487.12,21375.71,6111.41,Credit Card,No
ORD00173,1797,James Johnson,,46,Chennai,2024/11/17,Home,Chair,2,6721.66,0.28,9679.19,8114.11,1565.08,Cash on Delivery,Yes
ORD00174,1474,Mark Cobb,Male,46,Delhi,10-03-2023,Electronics,Smartwatch,2,36082.42,0.16,60618.47,45115.57,15502.9,Credit Card,No
ORD00175,1736,Hannah Christensen,Female,26,Pune,27-08-2024,Electronics,Tablet,3,3599.2,0.15,9177.96,5918.24,3259.72,Cash on Delivery,No
ORD00176,1601,Amber George MD,Male,19,Mumbai,2023/11/01,Fashion,Jeans,2,16152.56,0.2,25844.1,18701.36,7142.74,UPI,No
ORD00177,1222,Cynthia Young,Female,30,Kolkata,23-02-2024,Electronics,Laptop,1,22485.26,0.28,16189.39,12155.33,4034.06,Credit Card,Yes
ORD00178,1755,Patricia Gomez,Male,42,,12-06-2023,Electronics,Laptop,3,49396.61,0.26,109660.47,82174.45,27486.02,UPI,No
ORD00179,1101,April Kline DDS,Male,42,Bangalore,13-01-2023,Beauty,Moisturizer,3,38179.04,0.11,101938.04,79329.88,22608.16,UPI,No
ORD00180,1560,Daniel Cochran,Female,18,Chennai,2024/10/30,Home,Mixer,2,15744.29,0.19,25505.75,17693.28,7812.47,Cash on Delivery,Yes
ORD00181,1077,James Barton,,39,Bangalore,2024/06/15,Electronics,Smartwatch,5,49309.5,0.03,239151.07,185062.03,54089.04,UPI,No
ORD00182,1217,,,27,hyderabad,2024/05/22,Fashion,Dress,3,22037.04,0.2,52888.9,47219.94,5668.96,Cash on Delivery,No
ORD00183,1284,Stephanie Baldwin,Female,25,Pune,26-02-2024,Home,Chair,1,26502.9,0.28,19082.09,15323.41,3758.68,Cash on Delivery,No
ORD00184,1312,,Female,42,Hyderabad,10-02-2023,Fashion,Jeans,4,21263.0,0.15,72294.2,58021.63,14272.57,Cash on Delivery,No
ORD00185,1063,Veronica Rosales,Male,38,Mumbai,2023/01/26,Beauty,Face Wash,4,8552.95,0.07,31816.97,25169.99,6646.98,NET BANKING,No
ORD00186,1618,Ryan Mata,Male,27,Kolkata,05-01-2023,Home,Lamp,3,13534.2,0.22,31670.03,24062.54,7607.49,UPI,No
ORD00187,1090,Jason Perez,Male,33,Kolkata,15-11-2023,Electronics,Laptop,2,41503.77,0.09,75536.86,54370.31,21166.55,CASH ON DELIVERY,No
ORD00188,1641,Misty Mann,Male,20,Chennai,09-06-2024,Beauty,Lipstick,5,39080.64,0.12,171954.82,124586.5,47368.32,UPI,No
ORD00189,1348,Denise Thompson,,26,Kolkata,09-03-2024,Electronics,Tablet,3,1744.59,0.02,5129.09,3292.64,1836.45,Debit Card,No
ORD00190,1696,Frank Martinez,Male,60,Chennai,2023/01/04,Electronics,Smartphone,4,15713.17,0.18,51539.2,32072.77,19466.43,UPI,No
ORD00191,1329,Steven Miller,Male,45,Mumbai,29-03-2024,Electronics,Smartphone,4,11373.11,0.28,32754.56,20612.23,12142.33,UPI,No
ORD00192,1713,Alexis Smith,Male,23,Kolkata,24-07-2024,Fashion,Jeans,5,5152.68,,22929.43,19087.87,3841.56,Credit Card,Yes
ORD00193,1005,Randy Fisher,Male,50,Pune,29-10-2023,Fashion,Sneakers,2,11254.91,0.09,20483.94,14129.3,6354.64,UPI,No
ORD00194,1704,Danielle Miller,Male,55,Bangalore,2024/11/28,Home,Lamp,1,23376.02,0.09,21272.18,16320.14,4952.04,Net Banking,Yes
ORD00195,1187,Trevor Johnson,Male,19,Delhi,26-01-2024,Electronics,Laptop,3,21786.42,0.02,64052.07,41969.95,22082.12,Debit Card,No
ORD00196,1389,David Mitchell,Male,45,Chennai,20-02-2024,Electronics,Smartwatch,1,41008.98,0.13,35677.81,28404.75,7273.06,Credit Card,No
ORD00197,1149,Richard Arias,Female,39,Kolkata,2023/11/04,Home,Vacuum Cleaner,5,16061.67,0.22,62640.51,43684.63,18955.88,Credit Card,Yes
ORD00198,1420,Kristin Williams,Male,52,Hyderabad,2023/01/25,Beauty,Perfume,5,30298.48,0.16,127253.62,80086.94,47166.68,Credit Card,No
ORD00199,1342,Kimberly Maynard,Female,52,Chennai,29-09-2023,Electronics,Laptop,4,970.05,0.07,3608.59,2599.81,1008.78,UPI,No
ORD00200,1007,Jonathan Davis,Male,42,Mumbai,06-04-2024,Beauty,Moisturizer,4,23246.6,0.18,76248.85,59988.98,16259.87,Debit Card,No
ORD00201,1046,Russell Phillips,Male,25,chennai,2023/01/28,Electronics,Tablet,3,34871.19,0.18,85783.13,76770.15,9012.98,Credit Card,No
ORD00202,1424,Megan Maxwell,Male,49,Mumbai,2023/09/07,Home,Vacuum Cleaner,2,24396.86,0.25,36595.29,22985.98,13609.31,Credit Card,No
ORD00203,1091,Lee Carr,Male,56,Pune,17-11-2024,Fashion,Jacket,5,40528.25,0.18,166165.83,132981.1,33184.73,Debit Card,No
ORD00204,1326,James Sanchez,Male,26,pune,2024/04/21,Electronics,Smartphone,5,25059.17,0.19,101489.64,69670.2,31819.44,Debit Card,No
ORD00205,1556,Frank Brown,Male,30,Kolkata,27-08-2023,Home,Chair,4,23151.86,0.3,64825.21,58280.9,6544.31,UPI,No
ORD00206,1368,Christine Howard,Male,21,Bangalore,22-06-2024,Beauty,Face Wash,2,27298.71,0.1,49137.68,40322.91,8814.77,Debit Card,No
ORD00207,1141,Billy Jenkins,Male,41,chennai,2023/05/10,Home,Lamp,1,9075.38,0.2,7260.3,6269.06,991.24,UPI,No
ORD00208,1378,,Female,27,Mumbai,25-07-2023,Electronics,Smartwatch,4,15952.93,0.06,59983.02,39621.28,20361.74,CASH ON DELIVERY,Yes
ORD00209,1712,Desiree Nelson,Male,46,Delhi,11-05-2024,Fashion,Jeans,4,4641.92,0.27,13554.41,12147.23,1407.18,Net Banking,No
ORD00210,1262,Nicole Hodges,Male,48,Bangalore,2023/09/21, Electronics ,Tablet,4,2438.53,0.15,8291.0,6865.58,1425.42,Net Banking,No
ORD00211,1377,Danielle Cohen,Male,52,Bangalore,17-11-2024,Beauty,Face Wash,2,47526.12,0.1,85547.02,58400.7,27146.32,Net Banking,No
ORD00212,1695,Alexis Jones,Male,55,Pune,24-10-2024,Electronics,Smartphone,3,3892.62,0.09,10626.85,7280.61,3346.24,Cash on Delivery,Yes
ORD00213,1763,Amy Washington,Male,44,Mumbai,2024/01/23,Fashion,Dress,2,9405.38,0.27,13731.85,8726.32,5005.53,Credit Card,No
ORD00214,1472,Jennifer Walker,Male,43,Chennai,27-01-2024, Fashion ,Dress,2,17217.49,,25137.54,20610.3,4527.24,NET BANKING,No
ORD00215,1554,Melinda Burns,Male,52,Chennai,03-01-2023,Beauty,Face Wash,3,37524.79,0.06,105819.91,92246.02,13573.89,Credit Card,No
ORD00216,1587,,Female,57,Pune,27-10-2023,Electronics,Laptop,5,26667.14,0.05,126668.92,84640.72,42028.2,Cash on Delivery,No
ORD00217,1454,Jordan Phillips,Male,53,Delhi,26-08-2024,Beauty,Moisturizer,1,25393.7,0.21,20061.02,13744.66,,Net Banking,No
ORD00218,1322,Helen Williams,Female,47,Pune,13-12-2023,Electronics,Headphones,5,3979.14,0.3,13926.99,8411.51,5515.48,Debit Card,No
ORD00219,1149,Brent Mckinney,Female,42,Chennai,17-07-2023,Home,Vacuum Cleaner,4,29389.19,0.14,101098.81,81222.88,19875.93,CASH ON DELIVERY,No
ORD00220,1183,Kimberly Richardson,Female,21,chennai,21-06-2024,Home,Chair,2,41241.12,0.22,64336.15,56182.47,8153.68,Debit Card,No
ORD00221,1703,Tyler Weaver,Male,19,Bangalore,2023/03/15,Beauty,Lipstick,5,37674.8,0.02,3692130.4,138230.6,46375.92,Net Banking,Yes
ORD00222,1687,Nicholas Harmon,Female,31,Kolkata,06-05-2024,Electronics,Laptop,2,15918.86,0.2,25470.18,19338.57,6131.61,Cash on Delivery,No
ORD00223,1586,Allison Brennan,Male,19,Chennai,29-11-2024,Electronics,Tablet,2,44679.52,0.25,67019.28,53863.33,13155.95,UPI,No
ORD00224,1205,Emily Carter,Male,27,Bangalore,2023/10/01,Fashion,Jeans,5,8540.37,0.02,41847.81,25164.22,16683.59,Net Banking,No
ORD00225,1010,Mary Wall,Female,52,Bangalore,05-03-2024,Electronics,Headphones,5,1029.18,,4631.31,2869.05,1762.26,Credit Card,No
ORD00226,1564,David Robertson,Male,31,Mumbai,15-12-2024,Electronics,Smartphone,5,14732.1,0.25,55245.38,36332.78,18912.6,Credit Card,Yes
ORD00227,1041,Barbara Williams,Male,52,Delhi,2023/04/15,Fashion,Dress,2,27060.79,0.13,47085.77,36324.59,10761.18,Cash on Delivery,Yes
ORD00228,1549,,Male,26,Hyderabad,14-08-2024,Beauty,Perfume,4,33248.72,0.03,129005.03,96620.31,32384.72,Credit Card,No
ORD00229,1507,Teresa Martin,Male,59,Chennai,17-05-2024,Home,Chair,1,30732.49,,22127.39,16999.26,5128.13,Cash on Delivery,Yes
ORD00230,1322,Olivia Jackson,Male,46,Delhi,2023/07/08,Electronics,Smartphone,3,18056.84,0.13,47128.35,40537.39,6590.96,UPI,No
ORD00231,1260,David Marshall,Female,52,Mumbai,24-09-2023,Fashion,Dress,4,10947.76,0.09,39849.85,26989.7,12860.15,CASH ON DELIVERY,No
ORD00232,1788,Lisa Anderson,Female,27,Mumbai,19-12-2024,Fashion,Sneakers,5,16747.13,0.24,63639.09,43462.71,20176.38,Net Banking,No
ORD00233,1577,Alicia Ruiz,Male,52,Bangalore,2024/08/16,Home,Desk,3,36846.98,0.11,98381.44,73522.43,24859.01,UPI,No
ORD00234,1150,Heather Martin,Female,27,Chennai,2023/09/25,Fashion,T-Shirt,2,17196.56,0.04,33017.4,28739.67,4277.73,Debit Card,No
ORD00235,1504,,Female,56,Pune,06-07-2023,Beauty,Face Wash,1,2383.71,,2383.71,1696.05,687.66,Credit Card,No
ORD00236,1706,Kyle Ho,Female,57,Bangalore,14-03-2024,Fashion,Jacket,3,21758.47,0.25,48956.56,41499.78,7456.78,Net Banking,No
ORD00237,1184,Calvin Gibbs,Male,24,Pune,29-03-2024, Electronics ,Tablet,3,15334.08,0.25,34501.68,29008.02,5493.66,Debit Card,No
ORD00238,1560,Stephen Lowe,Female,19,Hyderabad,2024/05/01,Home,Desk,3,48000.17,0.12,126720.45,78952.5,47767.95,Net Banking,No
ORD00239,1455,Deborah Cole,Female,44,Kolkata,20-07-2024,Electronics,Tablet,4,3707.46,0.21,11715.57,7695.58,4019.99,CASH ON DELIVERY,No
ORD00240,1503,,Female,48,Pune,28-12-2024,Electronics,Headphones,2,46535.66,0.12,81902.76,60863.9,21038.86,Credit Card,Yes
ORD00241,1392,Nathan Morgan,Female,52,Bangalore,11-10-2024,Home,Desk,5,12093.53,0.28,43536.71,30404.82,13131.89,Credit Card,No
ORD00242,1047,Bradley Melendez,Male,54,Kolkata,09-03-2024, Beauty ,Lipstick,1,15731.16,0.15,13371.49,10656.6,2714.89,Credit Card,No
ORD00243,1289,,Male,28,Pune,2024/10/27,Home,Desk,4,42399.83,0.25,127199.49,84695.62,42503.87,Debit Card,Yes
ORD00244,1109,Christopher Wood,Male,42,Hyderabad,31-08-2023,Fashion,Jeans,1,20234.9,0.19,16390.27,10449.86,5940.41,Credit Card,No
ORD00245,1613,Jacob Perez,Female,55,Bangalore,10-01-2023,Home,Desk,5,12988.51,,52603.47,32858.58,19744.89,Credit Card,Yes
ORD00246,1502,Laura Bell,Female,54,,2024/09/17,Fashion,T-Shirt,1,33853.58,0.2,27082.86,21031.5,,Debit Card,Yes
ORD00247,1115,Kayla Lyons,Male,51,Kolkata,05-04-2023,Fashion,Jeans,1,9308.13,0.28,6701.85,5824.18,877.67,Debit Card,No
ORD00248,1423,Deborah Liu,Male,31,Delhi,02-09-2024,Fashion,Sneakers,1,31701.7,0.12,27897.5,19515.44,8382.06,Net Banking,No
ORD00249,1198,Jesse Vargas,Male,20,hyderabad,30-07-2023,Beauty,Face Wash,5,5128.94,0.14,22054.44,19025.36,3029.08,Net Banking,No
ORD00250,1254,Jonathan Palmer,Male,30,Mumbai,14-12-2024,Beauty,Moisturizer,2,19372.23,0.12,34095.12,30023.09,4072.03,Credit Card,Yes
ORD00251,1711,Rachel Hoffman,Female,53,Mumbai,21-04-2024,Home,Mixer,1,43599.31,0.11,38803.39,25375.19,13428.2,CASH ON DELIVERY,Yes
ORD00252,1264,Angela Hunter,Male,27,Pune,2024/12/28,Beauty,Moisturizer,3,32438.66,0.0,97315.98,83468.01,13847.97,Debit Card,No
ORD00253,1341,Michael Singleton,Female,23,Kolkata,29-06-2024,Electronics,Tablet,1,11348.87,0.13,9873.52,8770.15,1103.37,Cash on Delivery,No
ORD00254,1105,Catherine Kelley,Male,27,Kolkata,2023/08/07,Beauty,Face Wash,5,33563.23,0.01,166137.99,134495.77,31642.22,Credit Card,No
ORD00255,1595,Mariah Nelson,Male,30,Hyderabad,26-10-2024,Beauty,Shampoo,4,1148.0,0.19,3719.52,2523.06,1196.46,UPI,No
ORD00256,1463,Andrew Johnson,Female,58,Hyderabad,05-02-2024,Beauty,Shampoo,4,22400.11,0.1,80640.4,67722.63,12917.77,Net Banking,No
ORD00257,1223,Victor Lawson,Female,32,Pune,24-05-2023,Home,Chair,3,25971.16,0.14,67005.59,58813.16,,Debit Card,No
ORD00258,1397,Jamie Ramirez,Female,45,Delhi,18-10-2023,Beauty,Lipstick,3,4933.08,0.28,10655.45,8641.26,2014.19,Cash on Delivery,No
ORD00259,1321,Dennis Barr,Female,40,Bangalore,14-12-2023,Fashion,Jeans,3,38425.19,0.22,89914.94,71870.48,18044.46,CASH ON DELIVERY,Yes
ORD00260,1673,Jacob Lee,Male,36,Hyderabad,2023/02/18,Electronics,Headphones,1,46729.84,0.21,36916.57,23292.21,13624.36,Credit Card,No
ORD00261,1047,Brandon Perez,Male,18,Pune,07-03-2023,Home,Vacuum Cleaner,4,32046.3,0.04,123057.79,99698.33,,Debit Card,Yes
ORD00262,1682,Victoria Peterson,Male,36,Chennai,28-12-2024, Home ,Chair,3,16712.86,0.17,41615.02,33314.21,8300.81,Credit Card,Yes
ORD00263,1257,Kimberly Lucas,Male,53,Hyderabad,2023/01/06,Home,Desk,3,47839.53,0.02,140648.22,114945.98,25702.24,Net Banking,No
ORD00264,1182,Martin Townsend Jr.,Female,20,Kolkata,15-04-2023,Fashion,Jeans,5,47267.2,,165435.2,113648.87,51786.33,Net Banking,No
ORD00265,1015,Adam Nelson,Female,26,Delhi,14-09-2024,Home,Desk,5,22392.07,0.26,82850.66,74471.04,8379.62,Credit Card,No
ORD00266,1605,Jack Santos,Female,43,Hyderabad,2024/04/23,Beauty,Perfume,3,21763.43,0.07,60719.97,39407.05,21312.92,Net Banking,No
ORD00267,1655,Kristin King,Female,29,Mumbai,16-08-2024,Electronics,Headphones,5,17521.38,,80598.35,63761.38,,UPI,Yes
ORD00268,1689,Carlos Turner,Male,18,Chennai,2024/09/08,Electronics,Smartwatch,3,2949.3,0.3,6193.53,5500.06,693.47,UPI,No
ORD00269,1725,Hannah Taylor,Female,21,Mumbai,01-07-2023,Home,Chair,3,45770.84,0.25,102984.39,74005.59,28978.8,UPI,No
ORD00270,1149,Robert Vargas,Male,18,Delhi,26-10-2023,Fashion,Dress,1,21322.18,0.12,18763.52,13170.1,5593.42,Debit Card,No
ORD00271,1535,Henry Griffin,Female,28,Delhi,16-06-2023,Fashion,Dress,4,4087.92,0.09,14880.03,10846.03,4034.0,NET BANKING,Yes
ORD00272,1634,,Female,41,Bangalore,31-07-2023,Electronics,Headphones,4,48496.11,0.13,168766.46,116851.06,51915.4,Net Banking,No
ORD00273,1309,Evan Mccoy,Male,59,Pune,10-08-2024,Fashion,Jacket,3,41510.19,0.14,107096.29,75630.49,31465.8,Debit Card,No
ORD00274,1366,Emily White,Male,50,Pune,2023/08/29,Electronics,Smartphone,3,8810.97,0.22,20617.67,17150.15,3467.52,Credit Card,No
ORD00275,1051,Cheryl Mason,Female,25,Kolkata,03-03-2023,Electronics,Smartphone,1,18930.87,0.09,17227.09,13714.09,3513.0,Credit Card,No
ORD00276,1003,Gabriela Rose,Male,23,chennai,17-09-2023,Beauty,Shampoo,4,10362.05,0.15,35230.97,25778.47,9452.5,Credit Card,No
ORD00277,1265,Stephanie Flowers,Female,57,Delhi,2023/08/26,Beauty,Face Wash,3,26963.25,0.23,62285.11,38118.04,24167.07,Credit Card,No
ORD00278,1792,Travis Hart,Male,39,Hyderabad,11-08-2024,Fashion,Jeans,1,8329.65,0.12,7330.09,5183.93,2146.16,CREDIT CARD,No
ORD00279,1308,Daniel Wright,Male,60,Chennai,20-12-2024,Electronics,Smartphone,5,35933.24,0.04,172479.55,115675.4,56804.15,DEBIT CARD,No
ORD00280,1501,Kelly Murray,Male,49,Hyderabad,20-10-2024, Fashion ,T-Shirt,4,831.33,0.14,2859.78,1948.85,910.93,UPI,Yes
ORD00281,1794,Shannon Thomas,Male,49,delhi,2024/09/20,Beauty,Lipstick,1,49554.05,0.08,45589.73,31853.61,,CREDIT CARD,Yes
ORD00282,1355,Brenda Hanna,Female,27,Chennai,2024/01/19, Home ,Lamp,4,37030.34,0.02,145158.93,112941.53,32217.4,UPI,No
ORD00283,1368,Michael Fleming,Male,32,Bangalore,14-02-2023,Home,Chair,3,44161.49,0.07,123210.56,89221.93,33988.63,Credit Card,No
ORD00284,1071,Kristin Williams,Female,19,Hyderabad,2023/01/16,Home,Vacuum Cleaner,1,1472.32,0.21,1163.13,893.04,270.09,UPI,No
ORD00285,1021,Cynthia Hernandez,Male,51,,2024/05/26,Electronics,Smartphone,5,46367.87,0.05,220247.38,139868.12,80379.26,Credit Card,Yes
ORD00286,1350,Richard Cline,Male,27,chennai,24-08-2024, Electronics ,Smartwatch,3,38017.33,0.08,104927.83,77442.15,27485.68,Debit Card,No
ORD00287,1020,Monica Rodriguez,Female,58,Hyderabad,2023/12/08,Fashion,Jeans,2,23241.58,0.04,44623.83,39717.46,4906.37,Debit Card,No
ORD00288,1376,,Male,54,Bangalore,22-11-2024,Fashion,T-Shirt,4,17894.13,0.06,67281.93,55205.46,12076.47,UPI,No
ORD00289,1644,Nancy Hernandez,Female,41,Hyderabad,2024/11/08,Home,Vacuum Cleaner,5,31248.07,0.07,145303.53,100265.74,45037.79,Net Banking,No
ORD00290,1616,,,52,Bangalore,25-07-2024,Beauty,Perfume,1,3686.01,0.09,3354.27,2943.29,410.98,CASH ON DELIVERY,No
ORD00291,1682,Ronald Smith,Female,42,Delhi,17-11-2023,Electronics,Headphones,4,7155.54,0.26,21180.4,17659.41,3520.99,UPI,No
ORD00292,1640,Christopher Moore,Male,51,Delhi,06-09-2023,Electronics,Smartphone,1,32950.77,0.22,25701.6,19300.93,6400.67,Debit Card,No
ORD00293,1150,Jill Bryan DVM,Female,47,Bangalore,14-04-2024,Home,Chair,3,16307.9,0.23,37671.25,30587.83,7083.42,Net Banking,No
ORD00294,1036,Mark Black,Male,43,Bangalore,15-02-2023,Beauty,Moisturizer,5,6091.0,0.25,22841.25,14511.62,8329.63,Net Banking,No
ORD00295,1206,Shane Bishop,,40,Pune,13-09-2024,Beauty,Shampoo,2,42781.14,0.15,72727.94,43735.25,28992.69,UPI,No
ORD00296,1797,Charles Simpson,Male,36,Bangalore,31-05-2023,Home,Vacuum Cleaner,4,40889.65,0.24,124304.54,90724.66,33579.88,Debit Card,No
ORD00297,1695,Derek Williams,Male,42,Bangalore,07-04-2024,Fashion,Jeans,5,36509.24,0.28,131433.26,93136.45,38296.81,Cash on Delivery,No
ORD00298,1763,Justin Jones,Female,59,Pune,04-01-2023,Home,Lamp,2,47790.26,0.3,66906.36,55001.69,11904.67,Credit Card,No
ORD00299,1675,,Male,55,Kolkata,31-03-2023,Electronics,Tablet,1,8699.06,0.18,7133.23,4710.94,2422.29,Credit Card,No
ORD00300,1465,Jessica Reynolds,Female,32,hyderabad,25-03-2024,Beauty,Lipstick,5,28905.67,0.23,111286.83,73205.92,38080.91,Cash on Delivery,No
ORD00301,1042,Lisa Ramirez,Female,53,Kolkata,2024/10/16,Beauty,Face Wash,3,34552.78,0.22,80853.51,70054.81,,Credit Card,No
ORD00302,1011,Lori Lewis,Female,35,Hyderabad,22-03-2023,Beauty,Lipstick,2,3145.85,0.03,6102.95,4236.02,1866.93,Credit Card,Yes
ORD00303,1553,Sara Greene,Female,47,,13-07-2023,Electronics,Smartphone,2,29062.58,0.02,56962.66,50991.38,5971.28,UPI,Yes
ORD00304,1800,Rebecca Davenport,Male,46,Chennai,29-04-2023,Beauty,Face Wash,4,46033.32,0.25,138099.96,89195.72,48904.24,Credit Card,No
ORD00305,1264,Joseph Bowman,Female,58,Chennai,23-10-2024,Beauty,Shampoo,4,18048.55,0.25,54145.65,37045.64,17100.01,Cash on Delivery,Yes
ORD00306,1278,Caroline Lawson,Female,36,Kolkata,23-08-2024,Fashion,Jeans,2,23197.76,0.26,34332.68,29149.55,5183.13,UPI,No
ORD00307,1683,Paul Johnson,Female,19,Pune,2023/07/23,Fashion,Dress,3,29553.89,0.03,86001.82,72509.38,13492.44,Debit Card,No
ORD00308,1416,Timothy Cole,Female,57,Pune,21-04-2024,Electronics,Headphones,1,34771.32,0.17,28860.2,25171.24,3688.96,Net Banking,No
ORD00309,1024,Bryan Thompson,Female,31,Chennai,02-08-2024,Electronics,Smartwatch,3,9794.47,0.17,24388.23,21280.91,3107.32,Debit Card,No
ORD00310,1011,Christopher Faulkner,Female,46,Delhi,31-03-2024,Fashion,Dress,1,9325.6,0.11,8299.78,6328.76,1971.02,UPI,No
ORD00311,1120,Brandi Wilson,Female,42,Kolkata,2024/07/28,Electronics,Smartphone,2,35401.66,0.09,64431.02,44015.96,20415.06,Net Banking,No
ORD00312,1580,Maria White,Female,23,Hyderabad,2024/12/28,Beauty,Face Wash,2,35265.01,0.23,54308.12,45842.9,8465.22,Cash on Delivery,No
ORD00313,1764,Robert Chang,Male,21,Pune,2023/12/07,Fashion,Jeans,2,14018.61,0.0,28037.22,21098.3,6938.92,Debit Card,No
ORD00314,1194,Amanda Harrison,Female,58,Hyderabad,2024/01/21,Beauty,Lipstick,5,17595.17,0.25,65981.89,55604.05,10377.84,CASH ON DELIVERY,No
ORD00315,1241,Jonathan Hill,Male,56,hyderabad,2023/05/13,Fashion,T-Shirt,2,48235.91,0.28,69459.71,61252.4,8207.31,UPI,Yes
ORD00316,1285,Taylor Moore,Male,59,,19-09-2023,Electronics,Headphones,1,38024.71,0.11,33841.99,30228.23,3613.76,Debit Card,Yes
ORD00317,1178,Joseph Norris,Male,59,Hyderabad,28-04-2023,Home,Mixer,3,37749.88,0.26,83804.73,70541.51,13263.22,Cash on Delivery,No
ORD00318,1797,Zachary Carlson,Male,24,Pune,2024/05/28,Beauty,Lipstick,5,7393.44,0.23,28464.74,20139.63,8325.11,UPI,No
ORD00319,1611,Gary Clements,Female,18,,27-06-2024,Electronics,Smartwatch,2,25000.17,0.19,40500.28,33764.72,,Credit Card,No
ORD00320,1166,Sarah Pearson,,56,Hyderabad,08-03-2024,Home,Desk,4,808.47,0.02,3169.2,2618.27,550.93,DEBIT CARD,No
ORD00321,1549,Megan Tanner,Female,48,Bangalore,10-05-2024,Fashion,T-Shirt,1,13838.4,0.18,11347.49,9145.9,2201.59,Debit Card,No
ORD00322,1159,Robert Foster,Female,36,Chennai,13-04-2024,Fashion,Dress,3,47776.78,0.18,117530.88,103892.97,13637.91,UPI,No
ORD00323,1790,Sherry Horton,,38,Chennai,13-08-2023, Beauty ,Lipstick,1,30969.4,0.26,22917.36,17041.1,5876.26,NET BANKING,No
ORD00324,1354,Sarah Faulkner,Male,55,Mumbai,25-03-2023,Fashion,Jacket,2,10738.49,0.23,16537.27,11865.26,4672.01,Cash on Delivery,Yes
ORD00325,1249,Jordan Riley,Male,54,Bangalore,2024/04/13,Home,Desk,2,47044.75,0.27,68685.33,47684.22,21001.11,Debit Card,Yes
ORD00326,1698,Thomas Washington,Male,29,hyderabad,20-11-2024,Beauty,Moisturizer,1,20482.91,0.05,19458.76,17135.9,2322.86,Debit Card,No
ORD00327,1325,Donna Collins,Male,22,Mumbai,2024/04/17,Fashion,Sneakers,4,30139.16,0.01,119351.07,89809.71,29541.36,Cash on Delivery,Yes
ORD00328,1703,Brenda Holt,Female,22,,28-02-2024,Home,Lamp,2,18202.78,0.12,32036.89,28113.78,3923.11,Net Banking,Yes
ORD00329,1501,Timothy Jones,Female,57,,09-08-2024,Home,Desk,3,37206.44,0.29,79249.72,58369.26,20880.46,NET BANKING,No
ORD00330,1400,Jennifer Montoya,Male,52,Bangalore,03-05-2023,Home,Desk,3,10967.37,0.21,25992.67,18558.33,,Net Banking,Yes
ORD00331,1415,David Jones,Male,56,Pune,12-06-2023,Beauty,Lipstick,2,40008.95,0.01,79217.72,54942.04,24275.68,UPI,No
ORD00332,1461,Janice Tucker,Female,27,Chennai,29-07-2024, Fashion ,Jeans,5,3695.71,0.23,14228.48,9283.61,4944.87,Debit Card,No
ORD00333,1391,Jacqueline Mays,Female,39,Delhi,01-12-2024,Electronics,Smartphone,5,5676.59,0.18,23274.02,14398.18,8875.84,Net Banking,No
ORD00334,1007,Jonathan Harrell,Female,57,,19-01-2023,Beauty,Moisturizer,4,34563.75,0.0,138255.0,114394.0,23861.0,UPI,No
ORD00335,1396,Jason Stewart,,50,Delhi,2023/11/07,Beauty,Moisturizer,1,35609.35,,26350.92,22281.07,4069.85,Cash on Delivery,No
ORD00336,1317,Sean Walsh,Female,21,Pune,16-12-2024,Home,Chair,4,33817.44,0.11,120390.09,94647.87,25742.22,Net Banking,No
ORD00337,1223,Andres Allen,Male,31,Bangalore,15-09-2024,Home,Mixer,3,25468.69,0.15,64945.16,53577.37,11367.79,UPI,No
ORD00338,1646,Megan Simmons,Female,22,Hyderabad,08-06-2024,Electronics,Smartphone,4,21033.7,0.19,1362983.8,55272.39,12876.8,UPI,No
ORD00339,1580,Kimberly Pace,Male,19,Kolkata,10-06-2024,Electronics,Headphones,3,17027.56,0.15,43420.28,26520.45,16899.83,CASH ON DELIVERY,No
ORD00340,1352,Daniel Mckenzie,Female,58,Mumbai,04-05-2023,Electronics,Laptop,1,37811.91,0.2,30249.53,23814.28,6435.25,Credit Card,No
ORD00341,1399,Janice Goodwin,Male,41,Delhi,16-12-2024,Home,Mixer,3,15229.6,0.05,43404.36,27732.15,15672.21,Cash on Delivery,Yes
ORD00342,1139,Amy Ortiz,Male,59,Bangalore,2024/05/17,Electronics,Tablet,4,5916.99,0.11,21064.48,12948.03,8116.45,CASH ON DELIVERY,No
ORD00343,1668,George Mendez,Female,58,Delhi,2023/07/20,Beauty,Moisturizer,2,17314.34,0.21,27356.66,23673.31,3683.35,UPI,No
ORD00344,1187,Johnny Moses,,21,Chennai,2024/02/07,Electronics,Headphones,1,2659.4,0.19,2154.11,1450.0,704.11,Debit Card,No
ORD00345,1570,,Male,49,bangalore,01-07-2024,Electronics,Headphones,2,33550.13,0.01,66429.26,40785.72,25643.54,Cash on Delivery,No
ORD00346,1775,,Female,20,Pune,07-09-2024,Electronics,Laptop,2,36809.99,0.21,58159.78,44807.31,13352.47,Cash on Delivery,No
ORD00347,1589,,Male,59,Chennai,29-10-2023, Fashion ,Jacket,3,26187.0,0.21,62063.19,55197.78,,Debit Card,No
ORD00348,1715,Amy Owens,Male,54,Hyderabad,05-12-2024,Fashion,Sneakers,4,15017.29,0.13,52260.17,41737.39,10522.78,Net Banking,No
ORD00349,1661,,Female,47,bangalore,09-01-2024,Fashion,Dress,4,31155.69,0.01,123376.53,97416.02,25960.51,Cash on Delivery,No
ORD00350,1139,Kim Hayes,Female,19,kolkata,2024/05/09,Beauty,Lipstick,1,41622.73,0.03,40374.05,26671.86,13702.19,Credit Card,No
ORD00351,1187,Megan Morrison,Female,40,Chennai,08-05-2023,Fashion,Jacket,3,9441.1,0.1,25490.97,15386.58,10104.39,Net Banking,No
ORD00352,1484,Stephen Edwards DVM,Male,39,,2023/01/26,Beauty,Moisturizer,1,47356.74,0.05,44988.9,36634.22,8354.68,Debit Card,No
ORD00353,1576,Stephanie Cordova,Male,32,Chennai,30-04-2024,Beauty,Perfume,5,31449.82,0.1,141524.19,106646.29,34877.9,Debit Card,No
ORD00354,1098,Steven White,,22,Chennai,20-05-2024,Home,Vacuum Cleaner,1,5604.74,0.15,4764.03,4084.83,679.2,Credit Card,No
ORD00355,1760,Nicole Powell,Female,56,Chennai,13-03-2024,Beauty,Face Wash,3,10568.7,0.25,23779.58,15041.58,8738.0,Net Banking,No
ORD00356,1531,Samantha Andersen,Male,34,Delhi,23-12-2024,Home,Lamp,1,48061.22,0.28,34604.08,30819.94,3784.14,Net Banking,No
ORD00357,1217,Connie Richardson,Female,33,Kolkata,07-05-2024,Home,Mixer,2,1347.84,0.25,2021.76,1761.92,259.84,Debit Card,No
ORD00358,1575,Travis Smith,Female,30,Pune,21-05-2023,Electronics,Laptop,3,3683.22,0.11,9834.2,6372.62,3461.58,Debit Card,Yes
ORD00359,1664,,Female,56,,15-09-2024,Fashion,Jeans,2,44093.89,0.05,83778.39,61107.56,22670.83,Cash on Delivery,No
ORD00360,1798,Michael Davis,Male,43,kolkata,10-07-2024,Fashion,T-Shirt,5,26627.36,0.27,97189.86,84933.27,12256.59,Debit Card,No
ORD00361,1133,Robin Barnett,Male,29,Mumbai,2024/03/27,Home,Chair,5,9407.76,0.23,36219.88,24380.63,11839.25,UPI,No
ORD00362,1606,John Wallace,Female,19,Delhi,30-04-2024,Fashion,T-Shirt,5,38451.68,0.19,155729.3,123581.87,,UPI,No
ORD00363,1427,Sarah House,Male,58,Kolkata,04-03-2024,Fashion,T-Shirt,5,7116.13,0.27,25973.87,16854.54,9119.33,Credit Card,Yes
ORD00364,1137,Priscilla Pollard,Male,51,Pune,31-01-2024,Electronics,Headphones,5,38001.89,0.27,138706.9,112142.26,26564.64,UPI,No
ORD00365,1108,Robert Jackson,Female,44,Delhi,06-07-2023,Fashion,Sneakers,3,42431.22,0.23,98016.12,69552.47,28463.65,Cash on Delivery,No
ORD00366,1676,Taylor Hughes,Male,22,Kolkata,15-05-2024,Beauty,Lipstick,1,1205.44,0.26,892.03,557.41,334.62,Net Banking,No
ORD00367,1766,Mr. Daniel Copeland MD,Male,27,Chennai,06-02-2024,Fashion,Jeans,3,47216.22,0.22,110485.95,95478.15,,Credit Card,No
ORD00368,1372,Jennifer Wang,Male,43,Delhi,2023/06/03, Home ,Mixer,3,1032.67,0.18,2540.37,1833.64,706.73,Credit Card,No
ORD00369,1247,Marcus Bernard,Male,25,Bangalore,2023/03/01,Beauty,Lipstick,1,31718.75,0.14,27278.12,19167.22,8110.9,Debit Card,No
ORD00370,1689,Karen Mcfarland,Male,57,Bangalore,15-08-2024,Beauty,Shampoo,4,26517.25,0.21,83794.51,54494.32,29300.19,UPI,Yes
ORD00371,1002,Roy Gonzales,Female,47,Pune,23-11-2023,Home,Chair,3,19342.14,0.22,45260.61,40699.79,4560.82,Credit Card,No
ORD00372,1432,Amber Perez,Female,25,Delhi,11-03-2023,Electronics,Headphones,4,11898.15,0.16,39977.78,31623.48,8354.3,UPI,No
ORD00373,1317,Timothy Garrett,Male,48,Bangalore,01-03-2024,Electronics,Smartphone,3,41881.96,0.21,99260.25,87426.14,11834.11,Net Banking,No
ORD00374,1263,Tricia Levy,Female,52,Mumbai,05-10-2024,Electronics,Laptop,1,18320.44,0.01,18137.24,14681.69,3455.55,Debit Card,No
ORD00375,1514,Thomas Woodard,Female,35,Hyderabad,28-06-2024,Electronics,Smartphone,4,47294.64,0.06,177827.85,158052.58,19775.27,UPI,No
ORD00376,1769,Joseph Smith,Female,31,Mumbai,2023/08/30,Home,Desk,5,28549.62,0.09,129900.77,95437.16,34463.61,DEBIT CARD,No
ORD00377,1615,Vanessa Brown,Male,27,Pune,19-05-2024,Fashion,T-Shirt,1,4057.93,0.1,3652.14,3121.09,531.05,Cash on Delivery,No
ORD00378,1665,Marcus Alvarado,Female,22,Hyderabad,01-02-2024,Home,Mixer,1,24910.79,0.11,22170.6,17936.63,4233.97,NET BANKING,No
ORD00379,1514,Madison Ray,Female,21,Kolkata,26-05-2024,Fashion,T-Shirt,2,22054.49,0.19,35728.27,31726.42,4001.85,Debit Card,No
ORD00380,1752,Steve Roman,,59,Mumbai,13-09-2024,Electronics,Smartwatch,2,25554.78,0.12,44976.41,38328.5,6647.91,Debit Card,Yes
ORD00381,1621,Barbara Perez,Male,26,Hyderabad,2024/04/08,Fashion,Jeans,1,16979.11,0.01,16809.32,11093.46,5715.86,NET BANKING,No
ORD00382,1010,Charles Kerr,Male,36,Mumbai,09-12-2024,Beauty,Face Wash,4,23585.84,0.18,77361.56,66868.57,10492.99,Cash on Delivery,No
ORD00383,1446,Mark Gould,Female,34,Delhi,2024/02/15,Fashion,Jeans,4,41751.1,0.03,161994.27,108187.3,53806.97,Credit Card,Yes
ORD00384,1129,Amber Patterson,Male,40,Pune,28-12-2023,Beauty,Moisturizer,1,12775.44,0.15,10859.12,8737.83,,Cash on Delivery,No
ORD00385,1241,Olivia Christian,Female,28,Chennai,09-06-2024,Home,Chair,4,31420.42,0.19,101802.16,69559.63,32242.53,Cash on Delivery,Yes
ORD00386,1049,William Archer,Male,31,Bangalore,2023/10/20,Beauty,Perfume,1,36776.72,0.04,35305.65,31020.06,4285.59,CASH ON DELIVERY,Yes
ORD00387,1715,Jason Campbell,Male,60,Hyderabad,26-04-2024,Beauty,Perfume,1,39890.99,0.03,38694.26,24440.57,14253.69,UPI,No
ORD00388,1473,Paul Montgomery,Female,42,Kolkata,2023/08/25,Beauty,Face Wash,2,26601.53,0.21,42030.42,28465.95,13564.47,UPI,No
ORD00389,1672,Jordan Gibson,Male,55,Pune,13-07-2023,Fashion,T-Shirt,1,30700.29,0.27,22411.21,17618.58,4792.63,Debit Card,Yes
ORD00390,1731,Brian Wilson,Female,58,Delhi,30-01-2023,Fashion,Dress,2,9198.19,0.18,15085.03,10526.55,4558.48,Net Banking,No
ORD00391,1352,Michael Holt,,50,,19-05-2023,Home,Vacuum Cleaner,2,42615.96,0.02,83527.28,62541.38,20985.9,Credit Card,No
ORD00392,1545,Jenna Sullivan,Male,50,Bangalore,2023/09/22,Fashion,T-Shirt,1,40589.33,0.02,39777.54,30255.58,9521.96,Cash on Delivery,No
ORD00393,1011,,Female,59,Delhi,01-01-2023,Fashion,Jacket,4,6373.58,0.02,24984.43,17663.68,7320.75,Cash on Delivery,No
ORD00394,1513,Monica White,Female,50,Pune,24-10-2024,Fashion,Dress,1,18483.89,0.09,16820.34,14865.24,1955.1,UPI,No
ORD00395,1236,Melissa Stewart,Female,54,Chennai,01-08-2023,Fashion,Jeans,1,13964.0,0.28,10054.08,7394.73,2659.35,Cash on Delivery,No
ORD00396,1701,Diana Jacobs,Male,32,Pune,14-07-2024,Electronics,Headphones,2,8241.97,0.01,16319.1,13069.46,3249.64,UPI,No
ORD00397,1675,Sierra Montgomery,Male,36,Hyderabad,31-10-2024,Home,Chair,5,48589.66,0.23,187070.19,160547.05,26523.14,UPI,No
ORD00398,1756,Austin Sandoval,Female,31,Delhi,2023/01/03,Home,Desk,3,28937.29,0.29,61636.43,52189.76,9446.67,CASH ON DELIVERY,Yes
ORD00399,1458,Antonio Baker,Male,48,Kolkata,2023/10/10,Fashion,Jeans,2,1416.45,0.02,2776.24,1859.88,916.36,Cash on Delivery,No
ORD00400,1231,Matthew Murphy,Male,41,Pune,01-07-2024,Electronics,Smartwatch,3,26671.9,0.23,61612.09,42421.37,19190.72,Net Banking,No
ORD00401,1075,Allison Sanchez,Female,56,Hyderabad,2024/04/22,Fashion,Jeans,3,10671.28,0.24,24330.52,21302.05,3028.47,Cash on Delivery,Yes
ORD00402,1719,Anthony Williams,Male,24,Hyderabad,09-11-2023,Fashion,Dress,5,26702.5,0.23,102804.62,83305.53,19499.09,Cash on Delivery,No
ORD00403,1065,Christine Ross,Male,44,Bangalore,05-07-2023,Beauty,Lipstick,2,28315.36,0.0,56630.72,38115.74,18514.98,Credit Card,Yes
ORD00404,1784,Jennifer Miller,Male,38,Bangalore,2023/12/06,Electronics,Tablet,5,12875.16,0.26,47638.09,32586.64,15051.45,Net Banking,Yes
ORD00405,1482,,Female,54,Chennai,2023/02/09,Beauty,Lipstick,5,7855.48,0.12,34564.11,30022.81,4541.3,Net Banking,No
ORD00406,1284,Christina Johnson,Male,48,Hyderabad,11-09-2024,Beauty,Shampoo,3,15804.18,0.25,35559.4,31196.38,4363.02,Debit Card,No
ORD00407,1513,Dr. Sara Erickson,Female,33,Kolkata,15-10-2023,Home,Lamp,5,33643.06,0.26,124479.32,104118.87,20360.45,Debit Card,No
ORD00408,1597,Janice Walters,Male,50,delhi,07-08-2024,Home,Mixer,4,31028.93,0.06,116668.78,104567.88,12100.9,Debit Card,Yes
ORD00409,1720,Randall Smith,Male,56,Pune,2024/05/17,Home,Chair,3,45644.58,0.15,116393.68,99368.11,17025.57,UPI,No
ORD00410,1088,Angelica Logan,Male,39,Bangalore,2024/09/17,Fashion,Jeans,3,36342.75,0.12,95944.86,74015.03,21929.83,Cash on Delivery,No
ORD00411,1228,Debra Adams,Female,19,Mumbai,29-03-2024,Beauty,Shampoo,1,21262.56,0.1,19136.3,16528.53,2607.77,UPI,No
ORD00412,1235,Jennifer Houston,Male,30,Bangalore,2024/11/08,Electronics,Smartwatch,2,29000.94,0.29,41181.33,35114.68,6066.65,Debit Card,No
ORD00413,1425,,Male,55,Bangalore,21-08-2023,Home,Lamp,4,23356.41,0.27,68200.72,46402.29,,Net Banking,No
ORD00414,1362,,Male,18,Pune,15-12-2024,Beauty,Moisturizer,1,27524.36,0.02,26973.87,18284.86,8689.01,Net Banking,Yes
ORD00415,1139,Hannah Joyce,Male,58,Mumbai,18-06-2024,Fashion,Sneakers,1,31948.31,0.22,24919.68,19742.95,5176.73,Debit Card,No
ORD00416,1782,Daniel Hill,Female,30,Chennai,05-05-2023,Electronics,Tablet,3,344.04,0.24,784.41,511.13,273.28,Net Banking,No
ORD00417,1791,Tammy Mullins,Female,-5,Hyderabad,01-12-2023,Fashion,Jeans,2,46142.58,0.06,86748.05,52882.13,33865.92,UPI,No
ORD00418,1324,Donald Barrett,Female,42,Hyderabad,2024/10/01,Electronics,Smartphone,3,40949.04,0.18,100734.64,68825.77,31908.87,Credit Card,No
ORD00419,1660,Olivia Moore,Male,22,Kolkata,12-04-2024,Fashion,T-Shirt,5,22278.81,0.26,82431.6,66463.27,15968.33,NET BANKING,Yes
ORD00420,1112,Justin Russell,Male,20,Mumbai,2024/07/06,Beauty,Face Wash,3,9268.19,0.16,23355.84,18884.33,4471.51,Debit Card,No
ORD00421,1799,Alex Holmes,Male,54,Mumbai,28-05-2024,Beauty,Lipstick,2,34685.5,0.18,56884.22,37783.49,19100.73,Credit Card,Yes
ORD00422,1192,Hannah Nash,Female,37,Pune,28-07-2024,Electronics,Headphones,1,16366.96,0.22,12766.23,10912.13,1854.1,Credit Card,No
ORD00423,1766,Crystal Lynch,,32,Kolkata,11-12-2023,Beauty,Face Wash,1,4164.73,0.2,3331.78,2850.56,,UPI,No
ORD00424,1456,Michael Patel,Male,53,Bangalore,2023/04/02,Home,Vacuum Cleaner,3,33017.94,0.2,79243.06,48308.58,30934.48,Net Banking,Yes
ORD00425,1420,Jane Wallace,Female,49,Pune,2024/06/09,Beauty,Perfume,1,30299.24,0.26,22421.44,15128.05,7293.39,Cash on Delivery,No
ORD00426,1183,Jesse Arroyo,Female,23,Hyderabad,28-08-2023,Electronics,Smartwatch,3,1344.22,0.13,3508.41,2485.79,1022.62,Net Banking,Yes
ORD00427,1474,Joseph Wells,Female,25,Pune,2023/11/15,Fashion,Jeans,3,44374.23,0.02,130460.24,108354.89,22105.35,Debit Card,Yes
ORD00428,1576,Brandon Stewart,Male,29,Kolkata,2023/06/26,Beauty,Shampoo,2,46458.57,0.16,78050.4,62183.1,15867.3,Net Banking,No
ORD00429,1552,Frederick Hodge,Female,22,chennai,2024/08/20,Electronics,Headphones,3,47702.11,0.28,103036.56,74439.44,28597.12,Credit Card,No
ORD00430,1688,Scott Maldonado,Female,46,Kolkata,2024/02/16,Beauty,Lipstick,5,43953.56,0.21,173616.56,108626.04,64990.52,Net Banking,Yes
ORD00431,1088,Derrick Wilson,Male,52,Bangalore,26-08-2023,Home,Mixer,3,18447.24,0.25,41506.29,24945.75,16560.54,Net Banking,Yes
ORD00432,1143,Traci Stevens,Male,27,Chennai,2024/05/27,Beauty,Moisturizer,4,24213.46,0.14,83294.3,59811.95,,UPI,No
ORD00433,1314,Erik Walter,Female,57,Mumbai,2023/04/01,Fashion,Sneakers,1,30724.06,0.18,25193.73,19839.05,5354.68,Debit Card,No
ORD00434,1725,William Pierce,Female,57,Mumbai,12-09-2024,Fashion,Sneakers,3,45681.09,0.05,130191.11,116035.01,14156.1,Debit Card,No
ORD00435,1044,Kevin Townsend,Male,28,Chennai,02-10-2024,Beauty,Moisturizer,4,2814.43,0.26,8330.71,6009.02,2321.69,UPI,No
ORD00436,1105,Eric Hudson,Female,57,Kolkata,19-09-2024,Electronics,Headphones,3,33198.97,0.09,90633.19,67072.28,23560.91,Debit Card,No
ORD00437,1150,Carl Bishop,Male,30,Pune,25-07-2024,Beauty,Face Wash,1,457.1,,425.1,260.2,164.9,Net Banking,No
ORD00438,1601,Mrs. Marissa Clark,Female,41,Bangalore,17-09-2024,Beauty,Perfume,2,11400.86,0.13,19837.5,14660.59,5176.91,UPI,No
ORD00439,1799,Melissa Krause,,38,Kolkata,13-12-2023,Beauty,Moisturizer,3,49449.09,0.18,121644.76,105295.75,16349.01,Cash on Delivery,Yes
ORD00440,1513,Phillip Smith,Male,54,Kolkata,2024/09/09,Home,Mixer,2,7516.53,0.12,13229.09,11372.6,1856.49,Credit Card,Yes
ORD00441,1031,Kristin Watts,Male,18,pune,06-10-2024,Beauty,Lipstick,4,4749.76,0.18,15579.21,11176.41,4402.8,Credit Card,Yes
ORD00442,1799,Andrew Romero,Female,50,Chennai,2024/04/24,Fashion,Dress,5,4848.6,0.21,19151.97,15168.99,3982.98,Cash on Delivery,Yes
ORD00443,1268,Patricia Walters,Male,60,Bangalore,13-04-2023,Beauty,Perfume,3,32573.18,0.1,87947.59,55790.49,32157.1,UPI,Yes
ORD00444,1763,Shawn Carter,Female,38,Kolkata,27-11-2024,Beauty,Face Wash,5,19808.85,0.24,75273.63,56981.37,18292.26,Debit Card,No
ORD00445,1076,Brandon Duncan,Male,23,Chennai,14-04-2024,Fashion,T-Shirt,3,4265.01,0.21,10108.07,7147.02,2961.05,UPI,No
ORD00446,1342,Felicia Vance,Female,39,Delhi,02-08-2023, Electronics ,Tablet,3,37881.76,0.16,95462.04,64126.83,31335.21,Debit Card,No
ORD00447,1060,Terry Bell,Female,53,Hyderabad,14-08-2023,Electronics,Laptop,3,47948.4,0.07,133776.04,107366.58,26409.46,Credit Card,Yes
ORD00448,1765,Alicia Harper,,58,bangalore,2024/05/21,Home,Lamp,4,4886.76,,19156.1,15451.25,3704.85,Cash on Delivery,No
ORD00449,1140,Mitchell Watson,Female,37,Hyderabad,23-09-2023,Beauty,Perfume,1,38504.93,0.24,29263.75,24929.13,,Cash on Delivery,Yes
ORD00450,1220,Christina Warren,Female,40,Mumbai,12-09-2024,Electronics,Smartwatch,1,40267.45,0.08,37046.05,25193.96,11852.09,Credit Card,No
ORD00451,1266,Christopher Flores,Female,30,Hyderabad,06-11-2024,Home,Mixer,5,6603.82,0.02,32358.72,22889.85,9468.87,Cash on Delivery,No
ORD00452,1406,Marcus Davis,Female,34,Bangalore,22-06-2024, Fashion ,Dress,1,49339.8,0.03,47859.61,37674.74,10184.87,Net Banking,No
ORD00453,1463,Jordan Wright,Female,51,Mumbai,19-10-2024,Home,Mixer,1,11904.97,0.22,9285.88,6919.93,2365.95,Credit Card,Yes
ORD00454,1398,Christopher White,Female,43,Pune,17-04-2023,Home,Vacuum Cleaner,5,44733.8,0.09,203538.79,156831.44,46707.35,Debit Card,No
ORD00455,1728,Thomas Dodson,Male,44,Pune,18-06-2023,Fashion,Jacket,4,14772.37,0.19,47862.48,39279.0,8583.48,Credit Card,Yes
ORD00456,1682,Christopher Beck,Female,60,Kolkata,09-06-2024,Beauty,Face Wash,5,29398.38,0.24,111713.84,85908.36,25805.48,Cash on Delivery,Yes
ORD00457,1202,Eric Brandt,Female,29,Chennai,15-06-2023,Fashion,T-Shirt,1,17839.33,0.08,16412.18,14439.23,1972.95,Credit Card,Yes
ORD00458,1002,,Male,41,delhi,31-07-2023,Fashion,T-Shirt,2,9299.13,0.18,15250.57,11759.76,3490.81,Debit Card,Yes
ORD00459,1457,Jeffrey Lozano,Female,58,Pune,02-12-2024,Fashion,Dress,5,35673.85,0.15,151613.86,104061.39,47552.47,Debit Card,No
ORD00460,1313,Jeremy Wolfe,,26,,2023/03/05,Home,Desk,5,3188.07,0.19,12911.68,8763.5,4148.18,Debit Card,No
ORD00461,1138,Michael Dyer,Male,38,Hyderabad,29-05-2024,Beauty,Lipstick,4,49286.88,0.27,143917.69,98039.02,45878.67,UPI,No
ORD00462,1609,George Gross,Female,48,Hyderabad,2023/12/19,Electronics,Headphones,4,34002.58,0.26,100647.64,68384.25,32263.39,UPI,No
ORD00463,1636,Jodi Mayer,Male,34,Kolkata,2023/02/24,Beauty,Moisturizer,5,17711.03,0.28,63759.71,41098.3,22661.41,Cash on Delivery,No
ORD00464,1714,Valerie Lane,Male,53,Chennai,12-07-2024,Beauty,Moisturizer,5,2296.62,0.0,11483.1,8830.67,2652.43,Cash on Delivery,No
ORD00465,1024,Lauren Chavez,Female,43,Mumbai,05-12-2023,Fashion,Jeans,4,48657.71,0.22,151812.06,130001.69,21810.37,DEBIT CARD,Yes
ORD00466,1511,Mrs. Rhonda Moran,Male,24,Kolkata,18-01-2024,Beauty,Moisturizer,3,46172.75,0.08,127436.79,87776.16,39660.63,Cash on Delivery,Yes
ORD00467,1705,Daniel Brown,Male,40,Pune,10-09-2023,Home,Mixer,3,20876.44,0.21,49477.16,33196.05,16281.11,Cash on Delivery,No
ORD00468,1592,Desiree Cox,,49,Chennai,09-02-2024,Electronics,Laptop,1,28577.99,0.16,24005.51,14504.08,9501.43,Credit Card,Yes
ORD00469,1584,Jason Bullock,Male,21,Bangalore,02-07-2023,Beauty,Shampoo,4,24945.34,,80822.9,72342.33,8480.57,Cash on Delivery,No
ORD00470,1352,Mary Stone,Female,24,Bangalore,2023/04/13,Beauty,Face Wash,2,42323.04,,59252.26,50768.74,8483.52,UPI,No
ORD00471,1207,Tracy Bowman,Female,40,Kolkata,2024/09/23,Home,Chair,5,38103.14,0.01,188610.54,158895.91,29714.63,Cash on Delivery,Yes
ORD00472,1396,Jennifer Bennett,,54,Chennai,26-11-2024,Beauty,Lipstick,2,41860.69,0.24,63628.25,42076.89,21551.36,Credit Card,No
ORD00473,1523,John Taylor,Female,40,Chennai,23-11-2024,Electronics,Smartphone,5,36776.8,0.14,158140.24,132419.03,25721.21,Net Banking,Yes
ORD00474,1006,Louis Stevenson,Male,35,Chennai,2024/09/16,Fashion,Jacket,5,44061.43,0.05,209291.79,143753.18,65538.61,UPI,No
ORD00475,1567,Jeffrey Wilkins,Female,21,Mumbai,27-05-2024,Electronics,Laptop,5,8224.94,0.16,34544.75,29172.23,,Debit Card,No
ORD00476,1035,Timothy Hayes,Male,37,Mumbai,2023/05/28,Electronics,Headphones,1,9714.53,0.11,8645.93,5484.24,3161.69,Net Banking,No
ORD00477,1569,Cynthia Robinson,Female,39,Kolkata,2023/03/19,Fashion,Jeans,3,27658.08,0.22,64719.91,43822.23,20897.68,Debit Card,No
ORD00478,1447,Madeline Murphy,Female,57,Bangalore,30-09-2023,Electronics,Laptop,3,21923.81,0.19,53274.86,40992.65,12282.21,UPI,Yes
ORD00479,1490,Dustin Ortega,Male,34,Mumbai,2023/06/02,Home,Mixer,5,32065.63,0.2,128262.52,84143.13,44119.39,Debit Card,No
ORD00480,1554,,Male,45,Chennai,26-04-2023,Fashion,Jacket,1,4332.07,0.23,3335.69,2225.71,1109.98,Debit Card,No
ORD00481,1610,Jamie Jones,Female,41,Mumbai,2024/12/24,Fashion,Jacket,4,33091.85,0.1,119130.66,106925.98,12204.68,Cash on Delivery,No
ORD00482,1730,Paul Holt,Male,27,Bangalore,2024/11/03,Electronics,Laptop,5,16169.27,0.18,66294.01,43142.19,23151.82,Net Banking,No
ORD00483,1034,Cathy Alvarez,,43,Kolkata,2024/06/01,Home,Chair,1,6515.62,0.06,6124.68,5156.38,968.3,Debit Card,No
ORD00484,1702,Danielle Stewart,Male,53,Delhi,2023/09/19,Home,Desk,1,30086.1,0.3,21060.27,14293.5,6766.77,UPI,No
ORD00485,1700,Danielle Jones,Female,30,Mumbai,18-09-2023,Beauty,Lipstick,3,17761.8,0.14,45825.44,37449.57,,Debit Card,No
ORD00486,1241,Patricia Black,Male,44,Chennai,11-11-2023,Beauty,Shampoo,4,37489.5,0.29,106470.18,89686.94,16783.24,UPI,No
ORD00487,1319,Daniel Mills,Female,36,Hyderabad,13-11-2024,Fashion,Sneakers,1,49072.71,0.13,42693.26,29366.22,13327.04,Credit Card,No
ORD00488,1286,Christina Young,Male,44,Mumbai,05-09-2023,Electronics,Laptop,5,18926.57,0.22,73813.62,47055.45,26758.17,Net Banking,No
ORD00489,1153,Rachel Smith,Female,46,Kolkata,25-08-2024,Electronics,Tablet,4,23853.41,0.19,77285.05,48634.91,28650.14,Net Banking,Yes
ORD00490,1295,Patricia Kelley,Female,26,Pune,07-04-2024,Beauty,Face Wash,3,34919.11,0.16,87996.16,58966.26,29029.9,UPI,No
ORD00491,1382,Kim Nelson,Male,46,Pune,18-06-2023,Home,Vacuum Cleaner,5,16943.77,0.07,78788.53,65298.09,13490.44,UPI,No
ORD00492,1421,Diana Patel,Female,50,Bangalore,02-02-2024,Beauty,Perfume,4,11187.13,0.08,41168.64,26798.22,14370.42,CREDIT CARD,No
ORD00493,1277,Thomas Reyes,Female,39,Chennai,30-10-2024,Fashion,T-Shirt,1,5536.46,0.08,5093.54,4246.69,846.85,Debit Card,No
ORD00494,1792,Danielle May,Male,55,Chennai,04-04-2024,Beauty,Shampoo,3,39779.48,0.28,85923.68,65698.63,,Credit Card,No
ORD00495,1093,Lindsey Gordon,Female,32,Mumbai,10-06-2023,Electronics,Smartwatch,1,46404.41,0.25,34803.31,24992.7,9810.61,Net Banking,Yes
ORD00496,1011,Timothy Rowland,Female,54,Delhi,30-10-2023,Home,Lamp,4,9884.23,0.02,38746.18,26866.13,11880.05,NET BANKING,Yes
ORD00497,1478,Yesenia Hernandez,Female,46,bangalore,2023/05/06,Electronics,Tablet,5,9853.59,0.08,45326.51,34813.05,10513.46,Net Banking,No
ORD00498,1594,Jeremy Yu,Female,23,Pune,24-10-2024,Fashion,Jacket,5,15947.19,0.18,65383.48,52426.78,12956.7,UPI,No
ORD00499,1193,,Female,50,Delhi,12-01-2023,Home,Desk,5,49095.63,0.19,198837.3,169705.65,29131.65,CREDIT CARD,No
ORD00500,1556,James Cooper,Female,54,Delhi,14-09-2024,Electronics,Headphones,5,40119.35,0.28,144429.66,109309.4,35120.26,UPI,No
ORD00501,1006,Rachel Morrison,Female,59,Chennai,17-05-2024, Beauty ,Face Wash,1,30838.22,,30221.46,25686.79,4534.67,NET BANKING,Yes
ORD00502,1365,,Male,35,kolkata,07-05-2023,Home,Chair,5,2454.58,0.22,9572.86,7626.19,1946.67,Cash on Delivery,No
ORD00503,1673,Ms. Christine Dennis DDS,Male,18,Chennai,26-09-2024,Beauty,Lipstick,2,47812.49,0.24,72674.98,58516.37,14158.61,UPI,No
ORD00504,1644,Jill Jackson,Female,59,pune,10-02-2023,Electronics,Laptop,5,39272.35,0.03,190470.9,127080.58,63390.32,Net Banking,No
ORD00505,1675,Kelly Gibson,Male,24,Bangalore,10-02-2024,Home,Lamp,1,16854.32,0.12,14831.8,10404.69,4427.11,Cash on Delivery,No
ORD00506,1078,Kelli Macdonald,Male,52,Pune,01-04-2023,Beauty,Moisturizer,2,24017.9,0.18,39389.36,27475.34,11914.02,NET BANKING,No
ORD00507,1049,James Riley,,51,Kolkata,2023/02/09,Home,Vacuum Cleaner,2,36451.36,0.19,59051.2,51219.3,7831.9,Credit Card,No
ORD00508,1150,Reginald Roberts,Female,29,Pune,2023/06/19,Fashion,T-Shirt,1,38956.11,0.25,29217.08,18265.78,10951.3,Net Banking,No
ORD00509,1331,Kimberly Moore,Male,50,Chennai,13-07-2024,Beauty,Perfume,3,19557.54,0.16,49285.0,32124.26,17160.74,Net Banking,No
ORD00510,1038,Scott Watson,Male,30,Bangalore,27-11-2024,Fashion,Jeans,5,1310.34,0.18,5372.39,4112.09,1260.3,Net Banking,No
ORD00511,1210,Katherine Atkinson,Male,48,Delhi,09-03-2023,Fashion,Dress,5,9860.13,0.24,37468.49,30359.27,7109.22,Cash on Delivery,No
ORD00512,1091,Cynthia Patrick,Female,32,Pune,2023/08/05,Beauty,Moisturizer,3,11204.72,,32605.74,24326.41,8279.33,Net Banking,Yes
ORD00513,1015,Sheila Sparks,Female,56,Bangalore,15-02-2023,Fashion,T-Shirt,4,11652.54,0.28,33559.32,30037.69,3521.63,Net Banking,Yes
ORD00514,1248,Danielle Wilson,Male,59,Hyderabad,03-01-2023,Fashion,Jacket,5,39864.63,0.04,191350.22,133161.04,58189.18,UPI,No
ORD00515,1325,Christina Howell,Male,30,Kolkata,05-06-2023,Beauty,Perfume,1,44350.98,0.29,31489.2,27848.85,3640.35,Debit Card,No
ORD00516,1708,Eric Adams,Male,37,Delhi,18-10-2024,Home,Lamp,1,22228.55,0.26,16449.13,12708.26,3740.87,UPI,No
ORD00517,1764,Frank Harmon,Female,46,Delhi,12-05-2023,Home,Lamp,5,37972.48,0.2,151889.92,128665.06,23224.86,Credit Card,No
ORD00518,1287,Robert Nelson,Female,37,Hyderabad,2024/11/25,Beauty,Shampoo,4,34412.52,,103237.56,66960.57,36276.99,Cash on Delivery,No
ORD00519,1451,John Payne,Female,32,Pune,27-10-2023,Electronics,Headphones,1,42560.37,0.14,36601.92,28290.31,8311.61,Net Banking,No
ORD00520,1638,Sharon Deleon,Male,31,Chennai,01-08-2023,Beauty,Face Wash,5,17407.76,0.26,64408.71,53564.7,10844.01,Debit Card,No
ORD00521,1257,Edward Guzman,Female,47,Hyderabad,25-05-2024,Home,Vacuum Cleaner,2,32512.69,0.01,64375.13,44224.5,20150.63,Net Banking,No
ORD00522,1711,Tammy Williams,Female,54,Mumbai,2023/10/30, Fashion ,Sneakers,5,11505.86,0.1,51776.37,39706.37,12070.0,CASH ON DELIVERY,No
ORD00523,1263,Matthew Melendez,Female,38,Hyderabad,04-07-2023,Beauty,Perfume,3,8938.6,0.02,26279.48,18037.68,8241.8,Cash on Delivery,Yes
ORD00524,1206,Mitchell Suarez,Male,32,Pune,13-07-2023,Electronics,Tablet,5,19252.58,0.07,89524.5,67481.03,22043.47,Debit Card,No
ORD00525,1460,Curtis Meyer,Male,51,Hyderabad,29-04-2024,Fashion,Sneakers,5,48336.25,0.12,212679.5,150587.49,62092.01,Credit Card,No
ORD00526,1248,Melody Hill,Male,19,Kolkata,2024/08/03,Beauty,Lipstick,5,18123.33,0.11,80648.82,52998.13,27650.69,Cash on Delivery,Yes
ORD00527,1747,Adam Coleman,Male,23,Delhi,2024/04/23,Beauty,Shampoo,2,45726.28,,64931.32,42358.64,22572.68,Debit Card,Yes
ORD00528,1597,Joseph Williams,Male,35,Chennai,31-03-2023,Electronics,Tablet,3,41100.86,0.08,113438.37,97895.31,15543.06,Net Banking,No
ORD00529,1772,Autumn Ellis,Female,51,Pune,2023/02/14, Beauty ,Lipstick,3,48849.55,0.19,118704.41,90932.04,27772.37,UPI,No
ORD00530,1523,Regina Marquez,Male,18,Hyderabad,29-09-2023,Home,Vacuum Cleaner,4,29655.16,0.26,1755585.4000000001,54595.95,33183.32,Debit Card,Yes
ORD00531,1655,Robert Kaiser,Male,40,Mumbai,20-08-2024,Beauty,Lipstick,3,31196.11,0.05,88908.91,68352.82,,Net Banking,No
ORD00532,1797,Levi Reilly,Female,27,Hyderabad,2024/10/15, Electronics ,Headphones,4,20808.37,0.08,76574.8,64723.95,11850.85,Debit Card,Yes
ORD00533,1240,Rebecca Mathis,Female,18,Delhi,19-12-2023,Fashion,Jacket,4,39672.25,0.22,123777.42,106626.98,17150.44,Debit Card,No
ORD00534,1383,Dr. Travis Hardy MD,Female,41,Mumbai,2023/09/21,Beauty,Lipstick,3,10037.46,0.04,28907.88,25169.1,3738.78,Debit Card,No
ORD00535,1557,Catherine Stephens,Female,39,Bangalore,11-04-2023,Home,Mixer,3,27366.95,0.21,64859.67,54950.39,9909.28,Cash on Delivery,No
ORD00536,1603,Thomas Dyer,Female,58,Chennai,24-11-2024,Electronics,Smartwatch,5,24959.19,0.01,123547.99,97600.97,25947.02,Cash on Delivery,No
ORD00537,1579,Ryan Lopez,Female,24,Bangalore,07-08-2023,Fashion,Jacket,1,31032.51,0.18,25446.66,16843.23,8603.43,Credit Card,No
ORD00538,1198,Joshua Smith,Female,46,Mumbai,2024/09/09,Beauty,Face Wash,4,43710.43,0.1,157357.55,125689.0,,CASH ON DELIVERY,No
ORD00539,1629,Jillian Rojas,Female,48,nan,16-02-2023, Home ,Mixer,2,11801.48,0.28,16994.13,10609.44,6384.69,UPI,No
ORD00540,1274,Derek Hampton,Male,35,Mumbai,01-11-2023,Electronics,Headphones,4,29966.46,0.09,109077.91,96671.64,12406.27,UPI,No
ORD00541,1543,Alyssa Bryan,Male,37,Kolkata,27-08-2024,Home,Mixer,4,1611.46,0.13,5607.88,4822.2,785.68,Debit Card,No
ORD00542,1038,Melissa Wright,Male,42,Mumbai,2024/01/27,Home,Mixer,5,6269.01,0.18,25702.94,15459.87,10243.07,Net Banking,No
ORD00543,1478,Steven Boone,Male,53,Pune,2024/02/19,Fashion,Dress,3,19838.32,0.02,58324.66,41235.89,17088.77,Net Banking,Yes
ORD00544,1719,Paul Jones,Male,30,Mumbai,2023/09/14,Beauty,Shampoo,5,19216.24,0.09,87433.89,70724.8,16709.09,Cash on Delivery,Yes
ORD00545,1486,Andrew Holt,Female,58,Hyderabad,18-09-2024,Electronics,Smartwatch,3,4504.62,0.21,10675.95,7853.29,2822.66,Net Banking,No
ORD00546,1453,Phillip Ruiz,Female,55,Delhi,2023/08/01,Beauty,Moisturizer,5,4310.86,0.04,20692.13,15588.87,,Credit Card,Yes
ORD00547,1604,Lisa Jones,Male,55,Kolkata,15-03-2024,Electronics,Laptop,5,39333.57,0.16,165200.99,118848.32,46352.67,Credit Card,No
ORD00548,1696,Philip Salazar,Male,46,Chennai,30-06-2024,Fashion,Jacket,1,7476.92,0.04,7177.84,4705.77,2472.07,Cash on Delivery,No
ORD00549,1333,Ronald Tanner,Female,18,Chennai,2024/04/12,Beauty,Lipstick,4,1716.6,0.26,5081.14,4548.13,533.01,Cash on Delivery,No
ORD00550,1534,Donna Ford,Female,28,Pune,28-09-2024,Electronics,Smartphone,3,5809.51,0.01,17254.24,12573.1,4681.14,CREDIT CARD,Yes
ORD00551,1701,Michael Bishop,Male,59,Bangalore,16-10-2024, Beauty ,Moisturizer,1,30135.52,0.27,21998.93,16049.43,,UPI,No
ORD00552,1629,Phillip Cox,Female,52,Pune,08-06-2023,Fashion,Jeans,5,6386.26,0.16,26822.29,19440.79,7381.5,NET BANKING,No
ORD00553,1090,Jennifer Sutton,Female,43,chennai,01-10-2023,Beauty,Lipstick,4,5184.84,0.3,14517.55,9282.69,5234.86,Credit Card,No
ORD00554,1394,Timothy Rodriguez,Male,56,Kolkata,2024/09/09,Fashion,Dress,1,3516.62,,2989.13,1982.67,1006.46,Net Banking,No
ORD00555,1403,Mrs. Wendy Johnson,Male,19,Bangalore,07-04-2024,Home,Chair,1,33955.21,0.06,31917.9,23307.34,8610.56,Credit Card,No
ORD00556,1059,Tara Parker,Female,47,kolkata,28-05-2023,Home,Vacuum Cleaner,4,25589.15,0.2,81885.28,58446.61,23438.67,UPI,Yes
ORD00557,1405,Benjamin Hensley,Female,22,hyderabad,03-02-2024,Fashion,Jacket,3,14276.45,0.04,41116.18,32634.0,8482.18,Credit Card,No
ORD00558,1737,Susan Cervantes,Male,25,Chennai,21-05-2023,Beauty,Moisturizer,4,45451.1,0.2,145443.52,114792.06,30651.46,Credit Card,Yes
ORD00559,1440,Matthew Miller,Female,33,Bangalore,2024/12/12,Fashion,Jacket,1,32758.22,0.3,22930.75,16674.74,,Cash on Delivery,No
ORD00560,1775,Eric Yates,Female,48,Pune,09-02-2023,Electronics,Tablet,1,3821.12,0.19,3095.11,2140.69,954.42,Credit Card,No
ORD00561,1125,Christopher Adams,Male,18,pune,03-04-2023,Fashion,Jacket,5,36065.69,0.22,140656.19,117556.35,,Debit Card,No
ORD00562,1795,Lee Aguilar,Male,60,Chennai,26-06-2024,Fashion,Jeans,5,3429.33,0.11,15260.52,13159.32,2101.2,Debit Card,No
ORD00563,1668,Raymond Lynn,Male,19,Bangalore,07-07-2024,Fashion,Jeans,1,46166.08,0.19,37394.52,32497.8,4896.72,DEBIT CARD,No
ORD00564,1267,Matthew Cruz,Female,21,Chennai,17-06-2023,Home,Desk,5,5285.84,0.11,23521.99,18495.87,5026.12,DEBIT CARD,No
ORD00565,1657,Joseph White,Female,60,Hyderabad,14-08-2023,Electronics,Smartphone,3,42103.19,0.18,103573.85,92598.69,10975.16,Debit Card,Yes
ORD00566,1093,Alejandro Ferguson,Male,59,Pune,31-12-2024,Beauty,Moisturizer,3,34945.59,0.02,102740.03,86573.32,16166.71,UPI,No
ORD00567,1485,Kathryn Gray,Male,25,delhi,08-12-2023,Home,Desk,3,13405.12,0.28,28955.06,20777.35,8177.71,Cash on Delivery,Yes
ORD00568,1308,Christian Smith,Female,24,Mumbai,2023/08/28,Home,Lamp,3,3541.18,0.11,9454.95,5948.52,3506.43,Net Banking,No
ORD00569,1559,Heather Berry,Male,35,Mumbai,03-09-2024,Fashion,Jeans,5,40645.24,0.04,195097.15,161098.27,33998.88,Cash on Delivery,No
ORD00570,1016,Jacob Cline,Male,46,Kolkata,16-06-2024,Electronics,Smartwatch,5,24594.31,0.28,88539.52,53626.16,34913.36,UPI,No
ORD00571,1421,Nicole Smith DDS,Female,56,Mumbai,2024/06/30,Fashion,Dress,4,32859.87,,109094.77,95474.9,13619.87,Cash on Delivery,No
ORD00572,1761,Riley Kramer,Female,23,,05-08-2024,Electronics,Laptop,2,3400.59,0.05,6461.12,5544.42,916.7,UPI,Yes
ORD00573,1698,Nathan Berry,Male,29,Delhi,07-01-2024,Fashion,T-Shirt,3,1635.83,0.14,4220.44,2864.75,1355.69,UPI,No
ORD00574,1080,Veronica Powell,Female,41,delhi,30-07-2024,Electronics,Smartphone,5,24438.65,0.23,94088.8,82625.24,11463.56,Net Banking,No
ORD00575,1368,Judy Fitzgerald,Male,43,bangalore,23-08-2023,Home,Vacuum Cleaner,2,46654.79,,72781.47,65466.15,7315.32,Credit Card,No
ORD00576,1593,Maria Allen,Male,29,Kolkata,02-11-2024,Home,Desk,3,7203.81,0.24,16424.69,10064.15,6360.54,Credit Card,No
ORD00577,1045,,Female,18,Hyderabad,23-12-2024,Electronics,Smartwatch,4,12253.42,0.21,38720.81,33150.62,5570.19,Cash on Delivery,No
ORD00578,1668,Lisa Mcgrath,Female,21,Delhi,17-01-2023,Beauty,Shampoo,5,24988.86,0.07,116198.2,83202.48,32995.72,Credit Card,No
ORD00579,1145,Michael Wilson,Female,36,Pune,18-02-2023,Fashion,T-Shirt,2,17761.06,0.29,25220.71,22346.28,2874.43,Cash on Delivery,No
ORD00580,1307,Crystal Payne,Male,23,Chennai,09-03-2024,Fashion,Jacket,5,15151.11,0.3,53028.89,46699.39,6329.5,UPI,Yes
ORD00581,1495,Chelsea Orr,Female,42,Mumbai,2023/07/05,Beauty,Lipstick,2,49798.8,0.3,69718.32,58031.09,11687.23,Credit Card,No
ORD00582,1524,Karen Burton,Male,47,Bangalore,2024/06/07,Electronics,Headphones,2,34982.26,0.2,55971.62,46235.35,9736.27,Credit Card,No
ORD00583,1706,Thomas Flores,Female,42,Bangalore,10-12-2023,Beauty,Shampoo,2,17120.01,0.11,30473.62,24433.78,6039.84,CREDIT CARD,No
ORD00584,1717,Brian Lopez,Male,44,Hyderabad,30-06-2024,Electronics,Headphones,1,34295.72,0.19,27779.53,20445.58,7333.95,Cash on Delivery,No
ORD00585,1343,Michael Sweeney,Male,35,Kolkata,15-03-2023,Electronics,Headphones,4,22954.75,0.22,71618.82,63424.84,8193.98,Cash on Delivery,Yes
ORD00586,1465,Catherine Johnson,Female,42,Pune,30-11-2024,Fashion,T-Shirt,4,27590.03,0.13,96013.3,57853.64,,Credit Card,No
ORD00587,1019,Edward Robinson,Female,54,Mumbai,21-10-2023,Home,Desk,3,20505.08,0.11,54748.56,35137.72,19610.84,DEBIT CARD,No
ORD00588,1412,Thomas Arias,Female,18,Pune,23-11-2024,Electronics,Laptop,2,16885.55,0.25,25328.32,21590.83,3737.49,Net Banking,No
ORD00589,1463,Katelyn Davenport,Male,37,Mumbai,2023/05/30,Electronics,Smartphone,2,44127.09,0.15,75016.05,55816.23,19199.82,UPI,No
ORD00590,1375,Tracy Hunter,Male,25,Pune,2024/04/23,Home,Mixer,3,49477.07,0.28,106870.47,87488.58,19381.89,Net Banking,Yes
ORD00591,1375,Tyler Delgado,Male,53,Chennai,2024/04/23,Beauty,Shampoo,4,28549.75,0.29,81081.29,53042.07,28039.22,Credit Card,No
ORD00592,1562,Michael Stewart,Male,43,Pune,26-10-2023, Home ,Lamp,5,44451.58,0.12,195586.95,159932.83,35654.12,Net Banking,No
ORD00593,1769,Clifford Carroll,Female,42,mumbai,07-09-2023,Electronics,Smartwatch,4,29515.62,0.24,89727.48,60678.9,29048.58,Cash on Delivery,No
ORD00594,1515,,Male,53,Hyderabad,22-03-2024,Fashion,Dress,3,15084.55,0.3,31677.55,26219.61,5457.94,Net Banking,Yes
ORD00595,1647,Kayla Hamilton,Female,24,Chennai,25-04-2024,Fashion,Jeans,5,4630.26,0.07,21530.71,15722.34,5808.37,UPI,Yes
ORD00596,1036,Mary Graham,Female,25,Mumbai,02-12-2024,Home,Lamp,5,9636.88,0.01,47702.56,42017.79,5684.77,CREDIT CARD,No
ORD00597,1113,Raven Harris,Male,38,Chennai,21-03-2023,Electronics,Tablet,5,378.21,0.02,1853.23,1337.18,516.05,Debit Card,No
ORD00598,1730,Joshua Thomas,Male,55,Hyderabad,02-02-2024,Beauty,Moisturizer,5,4778.4,0.17,396607.2,14578.69,5251.67,Credit Card,Yes
ORD00599,1529,Karen Smith,,29,Hyderabad,22-04-2024,Beauty,Shampoo,4,45924.92,0.2,146959.74,118245.89,28713.85,Net Banking,No
ORD00600,1595,Kathy Miller,Male,58,Chennai,06-09-2024,Electronics,Tablet,1,38049.86,0.12,33483.88,21666.27,11817.61,Cash on Delivery,No
ORD00601,1547,Courtney Contreras,Female,18,mumbai,2023/01/22,Home,Desk,1,42364.03,0.22,33043.94,29605.86,3438.08,UPI,No
ORD00602,1580,Kristi Thompson,Female,59,Delhi,20-03-2023, Electronics ,Smartphone,3,48752.16,0.23,112617.49,70912.23,41705.26,UPI,Yes
ORD00603,1108,Shawn Graves,Female,52,Delhi,23-03-2024,Fashion,Sneakers,3,38464.94,0.29,81930.32,66161.72,15768.6,Cash on Delivery,No
ORD00604,1245,Karen Carter,Female,45,Hyderabad,31-03-2024,Home,Lamp,3,40458.83,,120162.73,104801.66,15361.07,Credit Card,Yes
ORD00605,1599,David Bass,Female,41,Mumbai,02-08-2024,Beauty,Moisturizer,1,39471.7,0.2,31577.36,26033.39,5543.97,NET BANKING,Yes
ORD00606,1354,Jeffrey Brooks,Female,27,Mumbai,2024/11/18,Home,Vacuum Cleaner,4,20943.33,0.06,78746.92,49963.37,28783.55,Net Banking,No
ORD00607,1793,Michelle Keith,Male,60,Mumbai,17-04-2023,Home,Mixer,5,43374.76,0.19,175667.78,107866.43,67801.35,Net Banking,No
ORD00608,1059,Elizabeth Patel,Female,51,Chennai,19-11-2024,Beauty,Face Wash,3,36629.2,0.11,97799.96,87389.03,10410.93,Cash on Delivery,No
ORD00609,1500,Jesse Santana,,41,hyderabad,2024/06/08,Home,Chair,3,24538.37,0.04,70670.51,62105.29,8565.22,UPI,No
ORD00610,1732,Kevin Avila,Female,26,Kolkata,28-11-2024,Electronics,Smartwatch,4,36222.37,0.09,131849.43,107257.0,24592.43,Net Banking,Yes
ORD00611,1389,Christina Mays,Male,28,Pune,2023/11/25,Electronics,Smartphone,1,42890.12,0.1,38601.11,34344.82,4256.29,Debit Card,No
ORD00612,1636,Christopher Jones,Male,52,Delhi,25-07-2024,Electronics,Smartwatch,5,30905.78,0.28,111260.81,83484.25,27776.56,Cash on Delivery,No
ORD00613,1389,Karen Grant,Male,42,Pune,16-11-2023,Electronics,Tablet,2,35807.05,0.27,52278.29,36990.95,15287.34,Debit Card,No
ORD00614,1260,Erika Mosley,Male,26,Hyderabad,2023/08/30,Beauty,Perfume,1,37924.2,0.15,32235.57,28188.79,4046.78,Net Banking,No
ORD00615,1770,Jay Matthews,Female,47,Chennai,30-01-2024,Electronics,Smartwatch,2,28071.37,0.22,43791.34,34541.62,9249.72,UPI,No
ORD00616,1268,David Chapman,Male,28,Mumbai,25-08-2024,Fashion,Dress,4,16652.1,0.13,57949.31,38023.76,19925.55,UPI,No
ORD00617,1301,Joseph Jensen,Female,53,Kolkata,29-07-2024,Electronics,Laptop,4,45008.45,0.28,129624.34,81533.44,48090.9,Credit Card,No
ORD00618,1743,Levi Mcmillan,Male,45,Pune,30-06-2023,Beauty,Shampoo,2,20703.91,0.22,32298.1,26171.27,6126.83,Credit Card,No
ORD00619,1007,Christine Miranda MD,Male,60,Bangalore,2024/07/31,Home,Lamp,4,43632.24,0.0,174528.96,154827.62,19701.34,Credit Card,No
ORD00620,1019,Jennifer Harmon,Female,24,Mumbai,25-10-2024,Electronics,Smartphone,1,28919.13,0.02,28340.75,17444.38,10896.37,DEBIT CARD,No
ORD00621,1767,Christy Wilson,Female,37,Delhi,2023/03/20,Beauty,Lipstick,5,31530.83,0.24,119817.15,75424.19,44392.96,Cash on Delivery,No
ORD00622,1684,Thomas Jones,Female,24,Pune,12-04-2023,Home,Mixer,2,23784.94,0.17,39483.0,30930.26,8552.74,Net Banking,No
ORD00623,1013,Darren Jones,Male,50,Mumbai,07-06-2023,Home,Chair,2,12620.58,0.07,23474.28,16353.69,7120.59,CREDIT CARD,No
ORD00624,1718,James Gray,Male,56,chennai,2023/12/21,Beauty,Lipstick,4,27569.98,0.11,98149.13,62259.62,35889.51,Cash on Delivery,No
ORD00625,1354,Casey Duffy,Female,36,Delhi,2023/09/08,Home,Chair,2,18330.08,0.28,26395.32,18809.04,7586.28,UPI,Yes
ORD00626,1141,Christopher Sullivan,Male,49,Mumbai,07-04-2024,Home,Mixer,4,16322.28,0.12,57454.43,39378.7,18075.73,CREDIT CARD,No
ORD00627,1275,Dr. Michael Harris MD,Male,36,Bangalore,02-06-2024,Electronics,Smartphone,5,30709.47,0.26,113625.04,87197.37,26427.67,NET BANKING,No
ORD00628,1377,Mary Ellis,Female,35,Delhi,14-01-2023,Electronics,Smartwatch,4,10589.29,0.07,39392.16,23829.31,15562.85,Cash on Delivery,No
ORD00629,1606,Lisa Collier,Male,49,Mumbai,13-07-2024,Fashion,Dress,4,3455.96,0.29,9814.93,6173.02,3641.91,UPI,No
ORD00630,1403,Terry Allen,Male,38,Hyderabad,24-04-2023,Beauty,Lipstick,3,22821.67,0.03,66411.06,39996.59,,Credit Card,No
ORD00631,1511,Kara White,Male,55,Chennai,2024/08/09,Home,Mixer,2,30478.59,,56690.18,41911.28,14778.9,UPI,No
ORD00632,1711,Matthew Hall,Female,36,Chennai,28-08-2023,Home,Mixer,1,28406.77,0.22,22157.28,18521.49,3635.79,Credit Card,Yes
ORD00633,1378,Julian Kelly,Male,22,Delhi,2024/09/27,Fashion,Jeans,5,15350.27,0.15,65238.65,46054.59,19184.06,Cash on Delivery,No
ORD00634,1322,Patrick Baker,,57,Pune,2024/04/20,Beauty,Face Wash,3,3869.24,0.25,8705.79,6185.05,2520.74,Net Banking,Yes
ORD00635,1372,Stephen Hutchinson,Male,46,Kolkata,16-05-2023,Fashion,Jacket,3,20058.35,,54157.54,46381.86,7775.68,Cash on Delivery,No
ORD00636,1497,Kelsey Bennett,,29,Delhi,04-09-2024,Home,Lamp,4,23687.87,0.13,82433.79,59504.03,22929.76,UPI,No
ORD00637,1001,,Female,42,delhi,20-07-2023,Electronics,Laptop,1,38007.81,0.15,32306.64,23737.74,8568.9,Credit Card,No
ORD00638,1621,Daniel Montes,,41,Hyderabad,2023/07/08,Electronics,Smartwatch,1,22717.66,0.15,19310.01,16908.91,2401.1,Debit Card,Yes
ORD00639,1017,Nicholas Flynn,Female,51,Delhi,04-03-2023,Home,Chair,4,42500.58,0.05,161502.2,102149.7,59352.5,Credit Card,No
ORD00640,1737,Anthony Parrish,Female,38,Hyderabad,18-10-2024,Fashion,T-Shirt,1,40757.97,,35459.43,23399.44,12059.99,UPI,No
ORD00641,1132,George Trevino,Female,59,Kolkata,09-10-2023,Fashion,Jeans,3,29765.4,0.25,66972.15,54133.4,12838.75,Cash on Delivery,No
ORD00642,1780,David Eaton,Male,32,Bangalore,15-04-2024, Beauty ,Face Wash,1,23271.62,,20479.03,16533.29,3945.74,Debit Card,No
ORD00643,1421,Kirk Reed,Male,20,Mumbai,06-12-2024,Beauty,Moisturizer,5,11950.18,0.03,57958.37,50292.41,7665.96,Credit Card,No
ORD00644,1215,Christopher Miranda,Female,51,mumbai,13-02-2024,Beauty,Face Wash,1,38400.72,0.16,32256.6,23313.63,8942.97,UPI,No
ORD00645,1041,Dr. Seth Smith,,47,Bangalore,2023/05/09,Beauty,Shampoo,5,33089.58,0.24,125740.4,81552.24,44188.16,Net Banking,No
ORD00646,1346,Antonio Thomas,Male,30,mumbai,18-08-2024,Home,Lamp,3,39743.99,0.28,85847.02,74363.51,11483.51,Cash on Delivery,Yes
ORD00647,1055,Aaron Anderson,Female,26,Chennai,29-11-2024,Beauty,Lipstick,1,29767.37,0.26,22027.85,19066.75,2961.1,Credit Card,Yes
ORD00648,1144,Monica Walton,Male,56,Mumbai,04-05-2023,Fashion,Jacket,1,19163.74,0.11,17055.73,13152.15,3903.58,Credit Card,No
ORD00649,1133,Robert Johnson,Female,27,,18-03-2023,Beauty,Shampoo,5,8418.35,0.21,33252.48,27229.48,6023.0,Cash on Delivery,Yes
ORD00650,1249,Kimberly Lyons,Male,36,Mumbai,26-07-2023, Home ,Vacuum Cleaner,1,24958.08,0.1,22462.27,18759.8,3702.47,NET BANKING,No
ORD00651,1744,Stacey Lopez,Female,41,Bangalore,13-05-2023,Electronics,Smartwatch,5,31710.7,0.09,144283.68,87011.85,57271.83,Debit Card,No
ORD00652,1094,Evan Williams,Female,-5,Kolkata,2023/03/15,Beauty,Lipstick,3,11715.72,,33389.8,29107.04,4282.76,Debit Card,No
ORD00653,1111,,Male,35,Pune,2023/05/25,Electronics,Laptop,2,23429.57,0.22,36550.13,29447.09,7103.04,Credit Card,No
ORD00654,1243,Patrick Kelly,Male,44,Bangalore,30-09-2024,Beauty,Moisturizer,3,37223.58,0.23,85986.47,55314.0,30672.47,Cash on Delivery,No
ORD00655,1039,Dr. Michael Stewart Jr.,Female,33,Kolkata,2024/05/04,Home,Vacuum Cleaner,1,11341.8,0.24,8619.77,7675.02,944.75,Debit Card,No
ORD00656,1344,,Female,33,,22-11-2023,Fashion,Sneakers,1,45469.48,0.15,38649.06,23471.44,15177.62,Credit Card,Yes
ORD00657,1267,Carmen Donovan,Male,53,Chennai,16-08-2024,Fashion,Sneakers,2,43209.09,0.07,80368.91,62283.56,18085.35,Cash on Delivery,No
ORD00658,1439,Joshua Olson,Female,18,,15-02-2023,Home,Chair,4,40394.38,0.0,161577.52,103592.9,57984.62,Debit Card,No
ORD00659,1604,Richard Owens,Female,55,Delhi,17-10-2024,Electronics,Laptop,5,4735.68,0.01,23441.62,16977.62,6464.0,CREDIT CARD,No
ORD00660,1761,Jacob Hunt,Female,39,Mumbai,2023/10/16,Home,Mixer,2,26939.73,0.27,39332.01,26200.08,13131.93,Credit Card,No
ORD00661,1283,Pamela Fitzgerald,,19,Delhi,2024/06/05,Beauty,Perfume,4,30112.82,0.28,86724.92,75420.3,11304.62,Debit Card,No
ORD00662,1489,Jordan Kane,Female,27,Delhi,2024/05/04,Fashion,Jacket,5,8622.42,,35351.92,23698.1,11653.82,CASH ON DELIVERY,No
ORD00663,1530,Jennifer Jackson,Female,44,Kolkata,31-08-2024,Electronics,Headphones,2,13362.92,0.01,26458.58,17806.19,8652.39,Net Banking,No
ORD00664,1224,Amy King,Male,51,,2023/07/26,Electronics,Laptop,3,3609.09,0.25,8120.45,5527.37,2593.08,CASH ON DELIVERY,Yes
ORD00665,1715,Krista Curry,Female,39,Hyderabad,2023/09/09,Electronics,Laptop,3,1799.58,0.13,4696.9,3490.64,1206.26,Cash on Delivery,No
ORD00666,1496,Melissa Hall,Male,43,Chennai,18-12-2024,Electronics,Headphones,5,22839.77,0.05,108488.91,77587.04,30901.87,Credit Card,No
ORD00667,1502,Dawn Riddle,Female,52,Kolkata,2023/02/12,Electronics,Smartwatch,5,22914.3,0.07,106551.49,73305.73,33245.76,Credit Card,No
ORD00668,1720,Haley Clark,Male,48,Kolkata,2024/08/12,Fashion,T-Shirt,5,25430.68,0.16,106808.86,80497.46,26311.4,Credit Card,Yes
ORD00669,1710,Patty Pearson,Male,26,Delhi,06-10-2024,Fashion,T-Shirt,2,21500.11,0.15,36550.19,31951.42,,Net Banking,No
ORD00670,1408,Tracie Medina,,59,Hyderabad,2023/05/23,Home,Vacuum Cleaner,5,33531.13,0.17,139154.19,124475.55,14678.64,Cash on Delivery,No
ORD00671,1165,Emily Aguilar,Female,30,Hyderabad,04-09-2024,Beauty,Lipstick,5,16401.83,0.12,72168.05,47084.46,25083.59,Net Banking,Yes
ORD00672,1287,George Contreras,Female,29,Delhi,01-06-2024,Home,Chair,4,46787.95,0.29,132877.78,114781.03,18096.75,Debit Card,No
ORD00673,1335,Sean Brown,Female,44,Chennai,18-03-2024,Home,Chair,2,17251.81,,28292.97,17793.76,10499.21,Credit Card,Yes
ORD00674,1190,,Female,28,Bangalore,29-03-2024,Fashion,Sneakers,3,6153.04,0.2,14767.3,12337.33,2429.97,Credit Card,No
ORD00675,1646,Jesse Henry,Female,45,Pune,18-02-2024,Electronics,Laptop,1,30634.35,0.04,29408.98,26412.66,2996.32,Net Banking,No
ORD00676,1193,Todd Jarvis,Female,24,,2024/01/01,Beauty,Moisturizer,5,40764.49,0.18,167134.41,108531.84,58602.57,Net Banking,Yes
ORD00677,1168,Anthony Nelson,Male,46,Delhi,19-04-2024,Beauty,Moisturizer,3,19130.57,0.12,50504.7,34966.32,15538.38,Net Banking,No
ORD00678,1494,Amanda Wilson,Female,35,Delhi,2024/05/25,Fashion,Jeans,5,27047.96,0.23,104134.65,83465.8,20668.85,Net Banking,No
ORD00679,1480,Christopher Roberts Jr.,Female,57,kolkata,21-09-2024,Electronics,Laptop,2,45645.03,0.03,88551.36,65324.79,23226.57,UPI,No
ORD00680,1458,Sara Morgan,Female,37,Pune,09-05-2023,Electronics,Tablet,4,10117.75,0.28,29139.12,19688.27,,Debit Card,Yes
ORD00681,1569,Julie Castillo,,35,Bangalore,25-01-2024,Electronics,Headphones,4,5029.33,0.21,15892.68,12820.64,3072.04,Debit Card,No
ORD00682,1474,Brandy Grant,Male,54,Hyderabad,29-09-2023,Fashion,Dress,1,8849.85,0.24,6725.89,5533.28,1192.61,Debit Card,No
ORD00683,1051,,Male,28,Mumbai,2023/12/09,Electronics,Smartwatch,5,15131.03,0.26,55984.81,37187.96,18796.85,Debit Card,No
ORD00684,1230,Jennifer Roman,Female,39,Delhi,03-02-2024,Beauty,Shampoo,3,38890.94,0.03,113172.64,95126.7,18045.94,Net Banking,No
ORD00685,1779,Benjamin Chavez,Female,57,pune,2024/11/24,Electronics,Smartwatch,3,15725.33,0.1,42458.39,34870.69,7587.7,Net Banking,Yes
ORD00686,1145,Angelica Martinez,Male,47,Pune,2024/11/13,Home,Mixer,2,15990.01,0.11,28462.22,19572.5,8889.72,Net Banking,No
ORD00687,1252,Alexis Parker,Male,35,Mumbai,2024/04/04,Beauty,Perfume,4,36632.54,0.13,127481.24,101725.24,25756.0,Debit Card,No
ORD00688,1135,Ashley Woodward,Male,43,delhi,10-01-2023,Fashion,Sneakers,5,39114.39,0.03,189704.79,158433.34,31271.45,Net Banking,No
ORD00689,1592,Colin Moore,Female,34,Chennai,02-12-2023,Electronics,Smartwatch,5,37332.1,0.27,136262.17,89740.2,46521.97,Cash on Delivery,No
ORD00690,1097,,Male,55,hyderabad,22-02-2024,Beauty,Shampoo,2,12927.54,0.09,23528.12,16678.1,6850.02,Credit Card,No
ORD00691,1493,Haley Little,Female,33,Mumbai,2023/02/25,Electronics,Smartwatch,4,25483.36,0.26,75430.75,60717.75,14713.0,Debit Card,No
ORD00692,1511,Lauren Mueller,Male,40,Chennai,26-03-2024,Fashion,Dress,1,43767.69,0.19,35451.83,23735.71,11716.12,Cash on Delivery,Yes
ORD00693,1034,Alice Scott,Male,26,Bangalore,05-09-2023,Home,Mixer,4,47432.21,0.17,157474.94,99822.99,57651.95,Debit Card,No
ORD00694,1530,John Martinez,Female,52,Mumbai,2023/12/17,Beauty,Shampoo,2,5061.21,0.26,7490.59,6027.02,1463.57,Credit Card,No
ORD00695,1050,Robert Wells,Female,18,kolkata,07-09-2024,Fashion,Dress,4,15789.0,0.15,53682.6,44786.44,8896.16,Net Banking,No
ORD00696,1258,Andre Greer,Male,24,Mumbai,2024/05/22,Beauty,Moisturizer,2,48368.36,0.01,95769.35,59382.38,36386.97,Net Banking,No
ORD00697,1509,James Morris,Male,60,Pune,22-11-2023,Home,Vacuum Cleaner,4,32109.37,0.05,122015.61,83478.78,38536.83,Net Banking,No
ORD00698,1328,Michael Shaffer,Male,32,Pune,01-06-2023,Beauty,Face Wash,4,46763.83,0.22,145903.15,104016.79,41886.36,Cash on Delivery,No
ORD00699,1621,Katrina Guerrero MD,,48,Bangalore,30-06-2024,Home,Mixer,2,47247.94,0.24,71816.87,47430.13,24386.74,Cash on Delivery,Yes
ORD00700,1730,Anne Braun,Male,58,Mumbai,02-08-2024,Electronics,Smartphone,3,40029.62,0.19,97271.98,75743.34,21528.64,Net Banking,No
ORD00701,1463,Ariel Smith,Female,31,Bangalore,2023/10/31,Beauty,Moisturizer,4,9303.98,0.16,31261.37,19213.2,12048.17,Debit Card,Yes
ORD00702,1734,Michael Jacobson,Male,22,Hyderabad,27-03-2023,Fashion,Jeans,1,31028.8,0.11,27615.63,19530.17,8085.46,Debit Card,No
ORD00703,1526,Fernando Knox,,34,Kolkata,30-03-2024,Electronics,Smartwatch,3,14589.95,0.23,33702.78,24490.57,9212.21,UPI,No
ORD00704,1638,Mitchell Campbell,Female,44,mumbai,06-09-2023,Beauty,Face Wash,3,9735.05,,26284.63,22891.12,,Debit Card,No
ORD00705,1155,Courtney Wilcox,Female,21,Pune,19-11-2023,Electronics,Tablet,2,11494.88,0.05,21840.27,19164.25,2676.02,Net Banking,Yes
ORD00706,1136,Rachel Hurley,Male,22,Bangalore,27-04-2024,Home,Desk,3,17354.1,0.11,46335.45,37867.1,8468.35,Debit Card,Yes
ORD00707,1042,Hunter Campbell,Male,46,Mumbai,2023/11/14,Fashion,Jacket,4,46546.83,0.26,137778.62,105375.4,32403.22,Net Banking,Yes
ORD00708,1384,Wanda George,Female,22,Mumbai,03-11-2024,Fashion,Jeans,2,10056.8,0.01,19912.46,13575.52,6336.94,Credit Card,Yes
ORD00709,1313,Sandy Fisher,Female,52,Kolkata,27-09-2023,Electronics,Laptop,3,28494.75,0.21,67532.56,56536.08,10996.48,Credit Card,No
ORD00710,1033,Stephanie Barnett,Female,39,Kolkata,05-08-2024,Home,Vacuum Cleaner,4,38701.19,0.13,134680.14,120663.63,14016.51,UPI,No
ORD00711,1151,Michelle Stuart,Male,29,Mumbai,2023/07/25,Beauty,Shampoo,4,4592.42,0.04,17634.89,10872.7,,Cash on Delivery,Yes
ORD00712,1659,Michael Richard,Female,49,Chennai,2023/09/24,Beauty,Lipstick,2,49881.84,0.0,99763.68,69790.19,29973.49,Debit Card,Yes
ORD00713,1363,Jason Cole,Female,47,Delhi,2023/06/21,Fashion,T-Shirt,3,35127.5,0.06,99059.55,64964.28,34095.27,Net Banking,No
ORD00714,1250,Richard Weeks DDS,Female,57,,2023/04/01,Electronics,Tablet,2,4544.78,0.02,8907.77,6754.6,2153.17,Cash on Delivery,No
ORD00715,1160,John Kaiser,Male,28,Kolkata,2024/02/08,Fashion,Jeans,3,31811.74,0.26,70622.06,51506.72,19115.34,Debit Card,Yes
ORD00716,1250,Henry Hernandez,Male,56,Delhi,2024/10/05,Beauty,Lipstick,5,11613.03,0.22,45290.82,38320.37,6970.45,Debit Card,No
ORD00717,1493,Daniel Stone,Male,58,Delhi,2023/06/17,Electronics,Headphones,4,13744.7,0.05,52229.86,41597.7,10632.16,Credit Card,No
ORD00718,1168,Daniel Alvarez,Female,59,delhi,01-02-2023,Electronics,Headphones,3,33011.26,0.11,88140.06,73387.06,14753.0,Debit Card,No
ORD00719,1518,Desiree Barnes,Male,58,chennai,14-08-2024,Fashion,Sneakers,2,31210.73,0.01,61797.25,48543.41,13253.84,Debit Card,No
ORD00720,1536,,Male,30,Bangalore,07-02-2024,Electronics,Tablet,1,33513.4,0.02,32843.13,25151.02,7692.11,Debit Card,No
ORD00721,1200,Bobby Daniel,Male,54,Bangalore,31-05-2024,Home,Vacuum Cleaner,4,875.79,0.15,2977.69,2174.28,,UPI,Yes
ORD00722,1357,Kayla Gibson,Male,55,Bangalore,02-07-2024,Fashion,Dress,3,4316.23,0.29,9193.57,6129.56,3064.01,Net Banking,No
ORD00723,1335,Julie Lyons,,32,Bangalore,28-09-2024,Electronics,Smartwatch,2,26426.1,0.11,47038.46,32445.76,14592.7,Credit Card,No
ORD00724,1244,Casey Murray,Male,48,Pune,26-04-2024,Home,Desk,4,22585.45,0.12,79500.78,61330.69,18170.09,Cash on Delivery,No
ORD00725,1646,Eric Foster,Male,37,bangalore,07-11-2023,Fashion,Sneakers,1,39791.6,0.07,37006.19,25366.07,11640.12,Net Banking,Yes
ORD00726,1325,Theresa Wagner,Female,40,Delhi,28-06-2024,Beauty,Face Wash,1,38228.42,0.14,32876.44,25876.98,6999.46,UPI,No
ORD00727,1705,Kevin Arnold,Female,42,Mumbai,05-04-2024,Beauty,Moisturizer,1,15930.35,0.16,13381.49,11531.36,1850.13,UPI,No
ORD00728,1462,Kaitlin Garcia,Female,49,Pune,10-02-2024,Electronics,Smartphone,4,5542.92,0.12,19511.08,17453.68,2057.4,Net Banking,No
ORD00729,1043,Mark Dickerson,Female,25,Mumbai,2024/02/09,Beauty,Shampoo,5,37548.45,0.29,133297.0,94147.95,39149.05,Net Banking,No
ORD00730,1797,Paula Mccoy,,19,chennai,13-05-2024,Fashion,Dress,5,48250.49,0.04,231602.35,161125.52,70476.83,Debit Card,No
ORD00731,1713,Tracy Mcpherson,Male,29,Bangalore,2024/12/26,Electronics,Laptop,2,33941.96,0.1,61095.53,42804.79,18290.74,Credit Card,No
ORD00732,1398,Rebecca Mccoy,Male,59,Pune,08-08-2023,Beauty,Lipstick,1,42213.2,0.28,30393.5,23210.05,7183.45,Credit Card,Yes
ORD00733,1693,Kimberly Robles,Female,41,Hyderabad,27-07-2023,Beauty,Face Wash,5,1000.55,0.1,4502.48,2942.15,1560.33,Credit Card,No
ORD00734,1435,Jessica Moore,Male,18,Chennai,2024/03/06,Fashion,Jacket,5,11684.89,0.16,49076.54,41937.75,7138.79,Cash on Delivery,No
ORD00735,1350,Cynthia Perkins,Male,21,Chennai,10-03-2024,Beauty,Moisturizer,2,5675.47,0.27,8286.19,5549.55,2736.64,Debit Card,No
ORD00736,1571,Elizabeth Melton,Female,40,Mumbai,07-02-2023,Electronics,Tablet,4,17761.64,0.27,51863.99,35532.89,16331.1,Credit Card,Yes
ORD00737,1721,Andrew Ross,Male,56,Kolkata,2024/03/19,Fashion,Sneakers,4,4511.24,0.21,14255.52,11158.4,3097.12,Cash on Delivery,No
ORD00738,1222,Annette Lewis,Male,47,Hyderabad,31-08-2023,Home,Desk,1,10762.33,0.09,9793.72,7833.6,1960.12,UPI,No
ORD00739,1656,Cassandra Rich,Male,37,Pune,22-05-2024, Beauty ,Shampoo,2,30989.65,0.23,47724.06,28743.68,18980.38,UPI,No
ORD00740,1181,Jason Douglas,Female,20,Hyderabad,08-12-2023,Fashion,Jeans,5,32974.03,0.21,130247.42,101416.51,28830.91,Cash on Delivery,No
ORD00741,1137,Eric Sanders,Male,42,Delhi,14-01-2023,Fashion,Dress,3,36497.16,0.08,100732.16,65572.24,35159.92,Credit Card,No
ORD00742,1534,Troy Hunt,Female,34,Delhi,08-02-2023,Fashion,Sneakers,1,20808.16,0.17,17270.77,14503.2,2767.57,Cash on Delivery,No
ORD00743,1533,Peter Rowland,Male,40,Kolkata,11-01-2024,Beauty,Lipstick,3,21645.75,0.07,60391.64,50570.11,9821.53,Debit Card,Yes
ORD00744,1700,Jenna Nash,Female,37,Bangalore,07-01-2023,Fashion,Jacket,1,38615.76,0.07,35912.66,28030.16,7882.5,UPI,No
ORD00745,1236,Suzanne Aguilar,Female,42,Hyderabad,04-01-2023,Home,Vacuum Cleaner,1,8019.7,0.13,6977.14,5975.56,1001.58,CREDIT CARD,No
ORD00746,1492,Anthony Olson PhD,Female,34,kolkata,2024/03/11,Home,Lamp,1,11616.81,0.03,11268.31,6911.3,4357.01,UPI,No
ORD00747,1246,Michael Payne,Male,41,Hyderabad,11-03-2023,Electronics,Laptop,5,18690.0,0.26,69153.0,45541.33,23611.67,Net Banking,Yes
ORD00748,1033,Janice Meyer,Female,47,Hyderabad,22-12-2023,Home,Chair,4,10006.52,0.14,34422.43,28755.56,5666.87,Debit Card,No
ORD00749,1640,Dr. Eric Hamilton,Male,52,Kolkata,2024/01/11,Fashion,T-Shirt,4,10650.61,0.03,41324.37,32050.32,9274.05,CASH ON DELIVERY,No
ORD00750,1744,Jose Hurley,Female,26,Delhi,19-12-2024,Home,Vacuum Cleaner,2,22744.92,0.23,35027.18,29019.04,6008.14,NET BANKING,Yes
ORD00751,1309,Sean Savage,Male,42,Hyderabad,01-07-2023,Home,Desk,4,25307.28,0.04,97179.96,58980.57,38199.39,Debit Card,Yes
ORD00752,1163,Brandon Grant,,46,Delhi,16-07-2023,Beauty,Face Wash,3,1646.16,0.06,4642.17,4074.17,,Credit Card,No
ORD00753,1674,Kathleen Miller DDS,,53,Mumbai,2023/12/10,Home,Desk,3,18708.47,0.2,44900.33,33448.35,,UPI,No
ORD00754,1229,Jeffrey Sutton,Male,39,Hyderabad,17-12-2023,Fashion,Jacket,1,32955.1,0.28,23727.67,20465.83,3261.84,Net Banking,No
ORD00755,1337,Sheila Payne,Female,29,Chennai,20-11-2024,Electronics,Headphones,4,29904.16,,90908.65,68334.51,22574.14,Cash on Delivery,No
ORD00756,1659,Christopher Diaz,Female,33,Delhi,19-12-2023,Electronics,Smartphone,3,28925.5,0.21,68553.43,58743.89,9809.54,Debit Card,Yes
ORD00757,1688,Jake Franklin,Female,18,Mumbai,2023/12/28,Fashion,Sneakers,1,30943.6,,23826.57,18945.04,4881.53,Credit Card,Yes
ORD00758,1772,Dakota Clark,Male,44,Hyderabad,24-06-2023,Beauty,Face Wash,3,20993.33,0.13,54792.59,48583.24,6209.35,Cash on Delivery,No
ORD00759,1712,Nicole Flores,Female,58,chennai,04-01-2023,Fashion,T-Shirt,1,28511.51,0.17,23664.55,20288.63,3375.92,Net Banking,No
ORD00760,1483,Daniel Ross,Female,53,Chennai,29-04-2024,Electronics,Headphones,3,36643.27,0.09,100036.13,63644.98,36391.15,Cash on Delivery,No
ORD00761,1214,Barbara Parker,,37,Chennai,2023/02/06,Beauty,Perfume,3,31233.52,0.24,71212.43,44022.57,27189.86,UPI,No
ORD00762,1044,Brian Graham,Female,39,Pune,2024/04/18,Fashion,Dress,1,1680.05,0.15,1428.04,1190.94,237.1,Cash on Delivery,No
ORD00763,1447,Taylor Johnson,Male,24,Mumbai,04-07-2023, Fashion ,T-Shirt,5,49025.41,0.08,225516.89,158565.54,66951.35,Cash on Delivery,Yes
ORD00764,1369,David Nichols,Female,30,bangalore,19-04-2023,Fashion,Sneakers,3,28982.08,0.23,66948.6,41333.07,25615.53,Net Banking,Yes
ORD00765,1657,Ashley Stevens,Female,26,Mumbai,2024/12/09,Fashion,Jeans,2,23455.52,0.09,42689.05,30388.46,12300.59,Credit Card,No
ORD00766,1129,Melissa Robinson,Female,35,Kolkata,23-09-2023,Beauty,Lipstick,4,37583.65,0.11,133797.79,114978.52,18819.27,Net Banking,No
ORD00767,1794,Jennifer Collins,Male,51,Bangalore,2024/11/24,Fashion,T-Shirt,3,41762.52,0.05,119023.18,89318.89,29704.29,Net Banking,No
ORD00768,1012,Michael Paul,Female,53,Pune,08-06-2024,Electronics,Headphones,3,12084.18,0.28,26101.83,19374.34,6727.49,Cash on Delivery,Yes
ORD00769,1056,Randall Ferguson,Female,57,Delhi,25-03-2024,Beauty,Shampoo,2,21301.96,0.19,34509.18,30043.99,,Credit Card,No
ORD00770,1744,Laura Dickson,Female,-5,Bangalore,15-05-2024,Beauty,Perfume,2,8226.04,0.06,15464.96,13563.8,1901.16,Net Banking,No
ORD00771,1584,Erin Riddle,Male,31,Bangalore,2023/11/16,Beauty,Face Wash,1,43074.56,0.05,40920.83,24701.92,16218.91,Net Banking,No
ORD00772,1712,Jessica Hicks,Male,29,Bangalore,25-02-2024,Fashion,Jeans,1,26230.3,0.12,23082.66,15676.48,7406.18,Cash on Delivery,No
ORD00773,1545,Shelley Gibbs,Female,38,Mumbai,08-07-2024,Electronics,Smartwatch,2,47141.83,0.01,93340.82,58215.03,35125.79,Cash on Delivery,No
ORD00774,1355,Kimberly Phillips,Male,29,Mumbai,2024/03/25,Fashion,T-Shirt,3,8743.78,0.05,24919.77,17712.55,7207.22,Cash on Delivery,No
ORD00775,1764,Stephanie Mcmahon,Female,31,Bangalore,2023/05/07,Fashion,Sneakers,2,14090.26,0.14,24235.25,15316.46,8918.79,Debit Card,Yes
ORD00776,1618,Jack Graves,Female,32,Pune,2023/08/13,Fashion,Sneakers,4,5149.97,0.27,15037.91,10621.96,4415.95,Net Banking,No
ORD00777,1339,Erica Hill,Female,34,Delhi,06-05-2024,Beauty,Moisturizer,4,22596.28,0.03,87673.57,65825.05,21848.52,Cash on Delivery,Yes
ORD00778,1562,Felicia Smith,Male,38,Hyderabad,27-04-2023,Fashion,Jacket,1,48062.51,0.02,47101.26,34363.3,12737.96,Debit Card,No
ORD00779,1429,,Male,28,bangalore,2024/07/21,Electronics,Headphones,1,19099.0,0.22,14897.22,13276.45,1620.77,Debit Card,Yes
ORD00780,1621,Christopher Ellis,Male,40,mumbai,07-09-2023, Home ,Vacuum Cleaner,4,8075.28,0.17,26809.93,16440.8,10369.13,Credit Card,Yes
ORD00781,1344,Scott Miller,Male,47,Kolkata,2024/10/20,Beauty,Lipstick,3,29551.18,0.15,75355.51,51227.16,24128.35,Net Banking,Yes
ORD00782,1393,Paul Clark,Female,38,Bangalore,24-10-2023,Beauty,Moisturizer,4,40082.77,0.16,134678.11,85146.71,49531.4,Credit Card,No
ORD00783,1172,Katherine Jones,Female,35,Hyderabad,11-12-2024,Beauty,Shampoo,2,40408.0,0.21,63844.64,40041.82,23802.82,UPI,Yes
ORD00784,1207,Cheyenne Pena,Male,48,delhi,26-01-2023,Fashion,T-Shirt,3,19752.63,0.17,49184.05,44119.88,5064.17,Credit Card,Yes
ORD00785,1570,Evan Montes,Female,33,Chennai,2023/09/09,Home,Mixer,5,7102.55,0.0,35512.75,29351.69,6161.06,Net Banking,Yes
ORD00786,1283,Eric Mcdonald,Male,49,Mumbai,16-01-2023,Fashion,Dress,5,38751.03,,158879.22,110455.37,48423.85,UPI,No
ORD00787,1575,Joseph Gillespie,Male,25,Chennai,06-01-2024,Electronics,Smartphone,5,23164.98,0.04,111191.9,69640.73,41551.17,UPI,No
ORD00788,1257,Frank Clark,Male,37,Kolkata,19-12-2023,Beauty,Moisturizer,1,40591.21,0.21,32067.06,22077.37,9989.69,Credit Card,No
ORD00789,1566,Lori Murillo,Female,27,Chennai,2023/06/25,Home,Mixer,1,3877.41,0.14,3334.57,2345.79,988.78,UPI,No
ORD00790,1121,Shane Lucas,Female,25,Pune,2023/04/24,Fashion,Jacket,1,6038.74,0.24,4589.44,3170.2,1419.24,UPI,No
ORD00791,1765,Nicole Rojas,Female,33,Pune,08-10-2024,Electronics,Tablet,3,49011.82,0.17,122039.43,92188.51,29850.92,Cash on Delivery,Yes
ORD00792,1448,Barbara Hayes,Male,25,Hyderabad,11-06-2023,Beauty,Face Wash,4,45204.6,0.22,141038.35,90615.39,50422.96,Debit Card,No
ORD00793,1399,Jacob Conner,Male,55,mumbai,2024/01/17,Home,Lamp,2,43753.13,0.06,82255.88,56819.78,25436.1,UPI,No
ORD00794,1719,David Moreno,Male,21,Pune,29-03-2023,Fashion,Dress,5,8918.47,0.04,42808.66,29588.85,13219.81,DEBIT CARD,Yes
ORD00795,1061,Alexandra Gomez,Female,26,Hyderabad,05-02-2023,Home,Lamp,3,45674.7,0.24,104138.32,80507.73,23630.59,Cash on Delivery,No
ORD00796,1089,Mr. Michael Davidson MD,Female,57,nan,2023/08/07,Electronics,Smartwatch,2,19820.29,0.29,28144.81,20780.39,7364.42,Cash on Delivery,No
ORD00797,1616,Sarah Smith,Female,41,nan,2023/10/17,Electronics,Headphones,3,26824.54,0.25,60355.21,37302.09,23053.12,UPI,Yes
ORD00798,1772,Larry Allen,Female,44,Hyderabad,09-09-2024,Home,Chair,4,46310.72,0.0,185242.88,143426.53,41816.35,UPI,Yes
ORD00799,1629,Michael Miller,Female,28,Kolkata,2024/03/22,Beauty,Shampoo,5,13988.15,0.18,57351.42,48830.96,8520.46,CREDIT CARD,Yes
ORD00800,1166,Kimberly Shelton,,27,bangalore,24-01-2023,Beauty,Moisturizer,4,22813.13,0.18,74827.07,64353.77,10473.3,CREDIT CARD,No
ORD00801,1324,Cynthia Brown,Male,32,Hyderabad,03-08-2023,Fashion,T-Shirt,5,4245.66,0.02,20803.73,17094.37,,Debit Card,Yes
ORD00802,1440,Erin White,Female,59,Hyderabad,10-01-2024,Home,Desk,3,28097.86,0.24,64063.12,47138.08,16925.04,UPI,No
ORD00803,1007,Anthony York,Female,41,Hyderabad,10-06-2023,Home,Desk,5,37445.28,0.22,146036.59,125452.62,20583.97,Net Banking,No
ORD00804,1635,Gabriella Torres,Male,28,Mumbai,13-12-2024,Beauty,Moisturizer,2,28003.11,0.13,48725.41,34523.83,14201.58,Net Banking,No
ORD00805,1736,,Female,41,chennai,2024/03/29,Beauty,Moisturizer,1,1851.27,0.13,1610.6,1333.59,277.01,Net Banking,Yes
ORD00806,1617,Stephanie Valencia,Male,47,Pune,07-04-2023,Electronics,Tablet,4,19866.92,0.17,65958.17,51390.76,14567.41,Debit Card,No
ORD00807,1775,Darrell Aguirre,Male,29,Hyderabad,2024/04/11,Home,Desk,2,15825.42,0.18,25953.69,16456.02,9497.67,Cash on Delivery,No
ORD00808,1171,Jorge Gonzalez,Male,18,Kolkata,04-03-2023,Fashion,Jacket,1,11926.36,0.03,11568.57,10280.51,1288.06,UPI,No
ORD00809,1718,Ryan Hayes,Female,58,Hyderabad,05-10-2023,Beauty,Moisturizer,5,7654.72,0.23,29470.67,23167.2,6303.47,Credit Card,No
ORD00810,1434,David Romero,Male,59,Delhi,23-08-2023,Fashion,Jeans,2,43820.25,0.23,67483.18,55777.69,11705.49,CREDIT CARD,Yes
ORD00811,1076,Amber Johnson,Male,40,Hyderabad,09-06-2023,Electronics,Headphones,1,18318.08,0.27,13372.2,9678.46,3693.74,Net Banking,No
ORD00812,1046,Marcus Murray,Female,48,Mumbai,21-02-2024,Beauty,Face Wash,4,23955.09,0.29,68032.46,53236.26,14796.2,DEBIT CARD,No
ORD00813,1535,Russell Stephenson,Female,18,Mumbai,24-01-2024,Electronics,Laptop,1,32321.77,0.08,29736.03,20130.42,9605.61,UPI,Yes
ORD00814,1484,,Male,48,Chennai,2024/01/18,Electronics,Smartwatch,2,49547.38,0.11,88194.34,62639.12,25555.22,Cash on Delivery,No
ORD00815,1603,Lisa Calderon,Male,49,Bangalore,2023/08/14,Electronics,Smartwatch,2,38275.82,0.21,60475.8,45787.5,14688.3,Debit Card,Yes
ORD00816,1287,Eric Delgado,Female,32,Kolkata,16-06-2023,Fashion,T-Shirt,5,38658.8,0.06,181696.36,150634.29,31062.07,UPI,No
ORD00817,1115,Gregory Brown,Female,42,Mumbai,01-08-2023,Beauty,Moisturizer,4,46296.17,0.13,161110.67,113945.46,47165.21,UPI,Yes
ORD00818,1207,Angela Parker,Male,29,Delhi,2023/05/23,Beauty,Shampoo,5,17964.28,0.03,87126.76,64638.36,22488.4,Cash on Delivery,No
ORD00819,1482,Joshua Wilkerson,Female,41,Kolkata,2024/12/29,Fashion,T-Shirt,1,25993.19,0.27,18975.03,14754.0,4221.03,Cash on Delivery,No
ORD00820,1171,Victoria Cook,Female,25,Hyderabad,17-01-2024,Home,Desk,5,9318.62,0.16,39138.2,27306.22,11831.98,Net Banking,No
ORD00821,1681,Ralph Hamilton,Female,27,Hyderabad,08-11-2023,Beauty,Shampoo,2,13498.17,0.1,24296.71,15378.24,8918.47,Debit Card,No
ORD00822,1325,Eric Miller,Male,57,Bangalore,02-01-2024,Electronics,Smartwatch,3,35567.74,0.09,97099.93,60212.93,36887.0,Cash on Delivery,No
ORD00823,1232,Frank Roberts,Female,35,Chennai,20-03-2023,Beauty,Shampoo,5,13179.19,0.01,65236.99,58551.27,6685.72,Cash on Delivery,Yes
ORD00824,1775,Jeffrey Lewis,Female,34,kolkata,2023/09/06,Beauty,Shampoo,2,35193.55,0.16,59125.16,40630.44,18494.72,Debit Card,No
ORD00825,1781,Julia Estrada,Female,40,Delhi,2023/08/07,Home,Mixer,5,30087.26,0.29,106809.77,79681.84,27127.93,NET BANKING,No
ORD00826,1140,Sharon Arnold,Male,52,Mumbai,30-08-2023,Home,Desk,2,29321.44,0.12,51605.73,42450.3,9155.43,Credit Card,No
ORD00827,1264,Lauren Turner,Female,57,Kolkata,04-08-2023,Home,Mixer,1,45707.68,0.17,37937.37,25266.37,12671.0,Net Banking,Yes
ORD00828,1771,Scott Reyes,Male,20,Kolkata,17-06-2024,Beauty,Face Wash,2,3904.11,0.26,5778.08,4453.08,1325.0,Cash on Delivery,No
ORD00829,1761,Chelsea Smith,Male,21,Delhi,06-10-2023,Fashion,Jeans,4,26772.63,0.24,81388.8,68298.25,13090.55,UPI,No
ORD00830,1570,Mary May,,51,Delhi,2024/05/21,Electronics,Smartphone,4,1145.51,0.15,3894.73,3442.7,452.03,Credit Card,No
ORD00831,1528,Zoe Gonzales,Female,51,Chennai,13-11-2024,Home,Chair,2,11603.96,0.22,18102.18,12742.18,5360.0,Debit Card,No
ORD00832,1020,Tammy Matthews,Male,54,,02-08-2023,Home,Chair,1,19213.69,0.17,15947.36,12243.41,3703.95,Debit Card,No
ORD00833,1126,Kyle Scott,Female,60,Delhi,26-12-2023,Beauty,Shampoo,4,5798.32,0.06,21801.68,17250.14,4551.54,UPI,No
ORD00834,1706,Emily King,Male,41,Kolkata,03-04-2024,Fashion,Sneakers,2,44476.19,0.1,80057.14,72012.88,8044.26,Credit Card,No
ORD00835,1684,Pamela Davis,Female,25,kolkata,26-10-2024,Electronics,Smartphone,4,12975.57,0.1,46712.05,40593.78,6118.27,CASH ON DELIVERY,No
ORD00836,1206,Jared Garcia,Male,43,Mumbai,16-08-2023,Electronics,Headphones,5,23432.07,0.09,106615.92,77251.41,29364.51,Net Banking,Yes
ORD00837,1439,Brianna Young,Male,40,chennai,01-02-2023, Electronics ,Smartwatch,5,4676.98,,19175.62,17183.73,1991.89,Credit Card,No
ORD00838,1739,Donald Pham,Female,35,Delhi,2024/05/23,Beauty,Lipstick,1,289.58,0.02,283.79,197.85,85.94,UPI,No
ORD00839,1703,Jeffrey Elliott,Male,36,Chennai,25-10-2024,Fashion,Sneakers,1,20583.01,0.1,18524.71,12553.31,5971.4,Cash on Delivery,No
ORD00840,1007,Jennifer Long,Female,43,chennai,2024/10/25,Fashion,Jeans,5,44247.93,0.13,192478.5,154716.08,37762.42,Debit Card,No
ORD00841,1089,Christopher Gutierrez,Male,36,mumbai,18-08-2023,Home,Chair,1,8383.26,0.2,6706.61,5597.65,1108.96,Net Banking,No
ORD00842,1044,Karen Drake,Female,30,Chennai,07-01-2023,Beauty,Shampoo,5,34602.76,0.1,155712.42,116885.12,38827.3,Debit Card,Yes
ORD00843,1332,Mr. Kevin Ortiz,Male,23,Mumbai,2023/04/30,Fashion,Jacket,2,18046.42,0.29,25625.92,21901.93,3723.99,UPI,Yes
ORD00844,1598,Charles Petersen,Male,39,,2023/06/24,Electronics,Smartphone,2,10640.64,0.26,15748.15,11101.46,4646.69,Net Banking,No
ORD00845,1119,,Male,35,,12-12-2024,Home,Vacuum Cleaner,1,37248.34,0.25,27936.25,16863.88,11072.37,UPI,No
ORD00846,1671,Michael Hoffman,Female,22,Kolkata,12-08-2023,Home,Vacuum Cleaner,3,23208.18,0.14,59877.1,44846.97,15030.13,UPI,No
ORD00847,1598,Heather Lee,Male,34,Pune,26-11-2024,Electronics,Smartphone,5,8264.76,0.06,38844.37,33270.26,5574.11,Cash on Delivery,No
ORD00848,1251,Jaclyn Morris,Female,30,Bangalore,2024/09/21,Beauty,Perfume,2,21018.17,0.02,41195.61,26688.64,14506.97,Credit Card,Yes
ORD00849,1504,Margaret Little,Female,38,Pune,26-12-2023,Beauty,Moisturizer,2,36129.42,0.07,67200.72,53308.38,13892.34,Net Banking,Yes
ORD00850,1459,Mr. Larry Banks MD,Female,59,Bangalore,2024/12/10,Beauty,Moisturizer,3,3676.45,0.27,8051.43,6170.77,1880.66,Credit Card,No
ORD00851,1163,Mario Pittman,Male,19,Pune,06-09-2023, Home ,Desk,3,25155.03,0.17,62636.02,41453.38,21182.64,Credit Card,No
ORD00852,1255,Meghan Wolfe,Male,29,Delhi,2024/03/20,Beauty,Perfume,4,40799.65,0.23,125662.92,103567.47,22095.45,Cash on Delivery,No
ORD00853,1617,Jenny Stone,Male,25,Bangalore,2023/07/23,Beauty,Face Wash,1,34570.08,0.24,26273.26,22404.81,,Net Banking,No
ORD00854,1218,Donald Jacobson,,51,Hyderabad,2024/11/25,Fashion,Sneakers,1,43267.89,0.07,40239.14,27247.09,12992.05,Credit Card,No
ORD00855,1146,Carolyn Fisher,Female,23,Kolkata,04-09-2024,Home,Mixer,4,33861.58,0.27,98875.81,59451.64,39424.17,Credit Card,No
ORD00856,1123,Julian Hunter,Female,49,,24-07-2023,Home,Mixer,2,28435.62,0.12,50046.69,31029.74,19016.95,UPI,No
ORD00857,1681,John Anderson,,24,,07-04-2023,Beauty,Perfume,3,44087.71,0.25,99197.35,61573.93,37623.42,Cash on Delivery,No
ORD00858,1754,Christopher Green,Female,54,Delhi,04-05-2023,Fashion,Dress,5,4557.08,0.23,17544.76,12787.03,4757.73,Credit Card,No
ORD00859,1450,,Female,57,pune,05-08-2024,Electronics,Smartphone,5,11240.98,0.02,55080.8,40825.59,14255.21,UPI,No
ORD00860,1741,Joseph Johnson,Male,25,Hyderabad,2023/06/14,Home,Lamp,4,12879.63,0.06,48427.41,35144.49,,UPI,No
ORD00861,1788,Lauren Sims,Male,45,Bangalore,2023/10/17,Fashion,T-Shirt,3,38923.03,0.14,100421.42,79827.72,20593.7,Cash on Delivery,Yes
ORD00862,1738,,Male,38,Mumbai,09-12-2023,Electronics,Headphones,4,13155.55,0.11,46833.76,37489.3,9344.46,Cash on Delivery,Yes
ORD00863,1581,Haley Smith,Female,39,Bangalore,16-10-2023,Fashion,T-Shirt,3,31446.05,0.05,89621.24,63474.63,26146.61,CASH ON DELIVERY,No
ORD00864,1718,Brian Clark,Female,53,Mumbai,24-09-2024,Fashion,Jeans,3,27563.14,0.18,67805.32,47992.32,19813.0,Cash on Delivery,No
ORD00865,1656,Aaron Graham,Male,49,Hyderabad,2024/02/13,Beauty,Shampoo,2,23409.96,0.24,35583.14,29046.91,6536.23,UPI,No
ORD00866,1105,Melissa Velez,Male,30,Pune,08-07-2023,Beauty,Moisturizer,2,26293.25,0.05,49957.17,44815.45,5141.72,Cash on Delivery,No
ORD00867,1443,Carrie Taylor,Female,40,Kolkata,11-10-2023,Fashion,T-Shirt,3,23332.36,0.26,51797.84,33020.72,18777.12,Cash on Delivery,No
ORD00868,1678,Susan Cox,Male,24,pune,2023/09/22,Home,Desk,2,45785.37,0.22,71425.18,43447.78,27977.4,Net Banking,No
ORD00869,1782,Matthew Harrington,Female,49,Delhi,23-08-2023,Beauty,Lipstick,1,35862.03,,35503.41,21635.99,13867.42,Debit Card,No
ORD00870,1096,Ryan Ramirez,Female,21,Bangalore,26-10-2024,Electronics,Tablet,4,22763.97,0.14,78308.06,65703.7,12604.36,UPI,No
ORD00871,1572,Barry Forbes,Female,52,Chennai,09-11-2024,Beauty,Face Wash,3,44453.56,0.06,125359.04,79107.08,46251.96,Net Banking,No
ORD00872,1379,Ms. Rebecca Martinez,Male,57,kolkata,10-12-2024,Home,Desk,1,35838.74,0.08,32971.64,23916.65,9054.99,UPI,No
ORD00873,1269,Barry Moore,Female,20,Chennai,23-05-2023,Beauty,Shampoo,2,22749.27,0.09,41403.67,27386.17,14017.5,Cash on Delivery,No
ORD00874,1458,Vincent Hicks,Female,30,Mumbai,09-03-2024,Home,Desk,4,38739.66,0.11,137913.19,115929.26,21983.93,Debit Card,No
ORD00875,1331,,Female,21,Chennai,10-01-2023,Fashion,Sneakers,5,36822.68,0.18,150972.99,126107.63,24865.36,Credit Card,Yes
ORD00876,1095,Michele Howard,Female,39,Bangalore,2024/01/10,Beauty,Shampoo,3,14364.18,0.14,37059.58,28605.29,8454.29,Debit Card,No
ORD00877,1203,Sophia Bauer,Female,20,Delhi,08-01-2024,Beauty,Face Wash,4,1454.6,0.05,5527.48,4534.6,992.88,Net Banking,No
ORD00878,1151,Joshua Powell,Male,37,Delhi,28-04-2024,Fashion,Jacket,4,38445.85,0.05,146094.23,100979.14,45115.09,Credit Card,No
ORD00879,1306,Taylor Collins,Female,32,Bangalore,12-04-2024,Home,Chair,2,14933.68,0.0,29867.36,18336.94,11530.42,Cash on Delivery,No
ORD00880,1690,Elizabeth Higgins,Male,56,Kolkata,27-12-2023, Fashion ,Jeans,4,17464.43,0.24,53091.87,46758.58,6333.29,Debit Card,No
ORD00881,1568,Nicole Giles,Female,58,Pune,16-01-2023,Beauty,Shampoo,1,35863.66,0.08,32994.57,27218.68,5775.89,Cash on Delivery,Yes
ORD00882,1062,Joshua Miller,Female,22,mumbai,29-01-2024,Electronics,Headphones,5,14215.58,0.14,61126.99,45700.84,15426.15,Debit Card,No
ORD00883,1659,,Male,53,Chennai,03-06-2023,Home,Chair,3,41391.4,0.22,96855.88,86326.8,10529.08,CREDIT CARD,No
ORD00884,1241,Tracy Williamson,Male,35,Mumbai,2023/06/08,Beauty,Lipstick,4,41392.34,0.14,142389.65,124369.1,18020.55,Credit Card,No
ORD00885,1099,,Female,22,Delhi,30-09-2023,Home,Desk,3,3828.44,,9417.96,6422.96,2995.0,Debit Card,No
ORD00886,1432,Matthew Potter,Male,26,Bangalore,2024/10/25,Home,Mixer,4,44844.73,0.13,156059.66,113884.19,,Credit Card,No
ORD00887,1377,Matthew Carroll,Male,35,Chennai,17-04-2024,Beauty,Perfume,3,16353.48,0.2,39248.35,34421.47,4826.88,Debit Card,No
ORD00888,1061,Andrew Wells,Male,40,Bangalore,16-04-2023,Home,Chair,2,8873.38,0.19,14374.88,10447.04,3927.84,UPI,Yes
ORD00889,1143,Angela Jackson,Male,23,Chennai,15-07-2023,Beauty,Face Wash,4,44896.19,0.21,141871.96,94478.65,47393.31,UPI,Yes
ORD00890,1630,,Male,32,Kolkata,17-07-2024,Fashion,Sneakers,4,19518.83,0.1,70267.79,47470.93,,Debit Card,No
ORD00891,1380,Leah Wang,Female,35,Kolkata,02-11-2024,Electronics,Smartphone,3,15877.54,0.12,41916.71,28149.74,13766.97,Credit Card,Yes
ORD00892,1009,Kenneth Martin,Female,57,chennai,2024/01/03,Home,Chair,5,5877.56,0.18,24098.0,19173.1,4924.9,Net Banking,No
ORD00893,1281,Alicia Thompson,Male,38,Delhi,2023/04/24,Home,Vacuum Cleaner,4,45902.13,0.25,137706.39,86815.1,50891.29,UPI,No
ORD00894,1555,Sherri Sparks,Male,41,Hyderabad,2024/01/22,Home,Lamp,5,17783.8,0.11,79137.91,64432.66,14705.25,Credit Card,Yes
ORD00895,1301,Julie Gilmore,Female,58,Delhi,02-05-2023,Fashion,Sneakers,2,24072.21,0.16,40441.31,27381.1,13060.21,Credit Card,No
ORD00896,1003,Kelly Roberts,Male,20,Mumbai,2024/06/09,Electronics,Smartwatch,5,16433.09,0.08,75592.21,59124.66,16467.55,Net Banking,Yes
ORD00897,1185,Brian Zavala,Male,39,Bangalore,08-06-2024,Fashion,T-Shirt,3,48083.7,,125498.46,91141.27,34357.19,UPI,No
ORD00898,1571,Mr. Ricardo Smith,Female,44,,22-09-2024,Home,Mixer,4,13339.65,0.01,52825.01,33822.91,19002.1,Credit Card,No
ORD00899,1099,Warren Baker,Female,28,,2023/08/22, Fashion ,Sneakers,5,35342.61,0.28,127233.4,93638.37,33595.03,Debit Card,Yes
ORD00900,1384,,Female,58,pune,02-02-2023,Beauty,Lipstick,1,36899.01,0.13,32102.14,23876.26,8225.88,UPI,Yes
ORD00901,1325,Zachary Kelly,Male,53,Delhi,2023/03/29,Electronics,Smartwatch,4,47156.21,0.14,162217.36,124446.23,37771.13,Net Banking,No
ORD00902,1657,Antonio Carpenter,Male,53,kolkata,12-09-2024,Electronics,Laptop,2,24757.53,0.05,47039.31,41944.18,5095.13,Cash on Delivery,No
ORD00903,1327,Gabriel Miller,Female,33,Delhi,05-11-2023,Beauty,Moisturizer,5,15937.72,0.23,61360.22,51729.49,9630.73,UPI,Yes
ORD00904,1341,Jessica Smith,Male,47,Chennai,25-05-2024,Electronics,Tablet,2,16096.74,0.24,24467.04,17779.3,6687.74,UPI,No
ORD00905,1058,Michael Gonzalez,Male,33,Delhi,12-12-2023,Beauty,Shampoo,1,36003.47,0.08,33123.19,29407.66,3715.53,Credit Card,Yes
ORD00906,1586,Cheryl Gomez,Male,28,Chennai,23-07-2023,Fashion,Jeans,1,13338.32,0.25,10003.74,6021.43,3982.31,Cash on Delivery,Yes
ORD00907,1165,Tina Simpson,Female,36,mumbai,2024/09/20,Beauty,Lipstick,2,14996.2,0.27,21894.45,15567.69,6326.76,Credit Card,No
ORD00908,1337,,Female,38,Chennai,09-08-2024,Electronics,Laptop,2,31734.14,0.04,60929.55,49707.51,11222.04,UPI,No
ORD00909,1448,Deborah Goodman,Female,39,Chennai,2023/10/10,Home,Vacuum Cleaner,3,23286.74,0.22,54490.97,37165.7,17325.27,Cash on Delivery,No
ORD00910,1198,Emily Forbes,Female,48,Mumbai,2024/01/01,Beauty,Moisturizer,1,35417.85,,29750.99,20787.06,8963.93,DEBIT CARD,Yes
ORD00911,1219,David Wagner,Male,28,Delhi,2023/09/26,Fashion,Sneakers,4,43247.11,0.02,169528.67,137766.71,31761.96,Net Banking,No
ORD00912,1606,Leslie Larson,Male,43,Bangalore,15-07-2024,Fashion,Dress,2,6333.52,0.17,10513.64,7389.19,3124.45,Credit Card,No
ORD00913,1734,Robert Brown,Female,40,Pune,24-06-2023,Fashion,Jeans,5,30432.65,0.3,106514.27,87364.37,19149.9,Credit Card,No
ORD00914,1682,Timothy Jackson,Female,38,Kolkata,2024/09/19,Fashion,Dress,3,40169.38,0.02,118097.98,74632.66,43465.32,Cash on Delivery,Yes
ORD00915,1325,Larry Hayes,Female,45,Chennai,03-03-2024,Home,Mixer,5,45524.16,,213963.55,143044.57,70918.98,Cash on Delivery,No
ORD00916,1265,Christopher Espinoza,Female,31,Mumbai,2024/08/25, Fashion ,Jeans,3,16672.49,,36512.75,28831.15,7681.6,Credit Card,No
ORD00917,1632,Christopher Nguyen,Female,38,Kolkata,2023/12/22,Home,Mixer,3,26014.0,0.21,61653.18,51092.17,,UPI,No
ORD00918,1106,Christopher Tucker,Male,38,Bangalore,2023/05/28,Electronics,Laptop,1,27875.68,0.07,25924.38,18039.56,7884.82,Debit Card,Yes
ORD00919,1222,Meagan Clark,,33,Delhi,16-12-2024,Home,Desk,4,14169.13,0.09,51575.63,42942.12,8633.51,Net Banking,Yes
ORD00920,1488,Gilbert Jacobs,Female,55,Delhi,13-05-2024,Electronics,Headphones,2,4956.52,0.26,7335.65,5312.01,2023.64,Cash on Delivery,Yes
ORD00921,1795,Chad Dixon,Male,23,Delhi,05-03-2024,Beauty,Shampoo,4,33198.9,0.19,107564.44,70856.56,36707.88,Net Banking,No
ORD00922,1138,Nicole Delacruz,Male,19,Hyderabad,26-04-2023,Beauty,Moisturizer,3,12962.32,0.13,33831.66,26024.24,7807.42,DEBIT CARD,No
ORD00923,1385,Robert Weber,Female,45,Chennai,2023/06/01, Fashion ,Dress,4,1118.82,,3938.25,2790.85,,Cash on Delivery,No
ORD00924,1417,Dana Shea,Male,50,Mumbai,2024/04/26,Home,Lamp,1,40615.13,0.19,32898.26,27400.58,5497.68,Debit Card,No
ORD00925,1448,Gary Hanson,Female,38,Kolkata,2023/12/20, Home ,Chair,4,13487.55,0.02,52871.2,33452.39,19418.81,Debit Card,No
ORD00926,1149,Dr. Renee Evans MD,Female,46,Kolkata,05-04-2023,Beauty,Shampoo,5,23907.11,0.21,94433.08,63630.25,,Debit Card,No
ORD00927,1294,Terri Thomas,Male,19,Bangalore,2023/08/16,Fashion,Dress,1,2326.34,0.1,2093.71,1840.05,253.66,Cash on Delivery,No
ORD00928,1103,Robert Price,Female,57,Kolkata,09-06-2024,Fashion,T-Shirt,3,36159.27,0.23,83527.91,64680.46,18847.45,Cash on Delivery,No
ORD00929,1331,Natalie Gordon DDS,Male,45,Chennai,05-02-2023,Beauty,Shampoo,2,8274.89,,15060.3,13046.89,2013.41,Net Banking,No
ORD00930,1409,Johnny Bartlett,Male,18,Pune,2023/07/28,Beauty,Shampoo,5,2430.95,0.15,10331.54,7810.29,,Credit Card,No
ORD00931,1610,Brian Smith,Female,28,Kolkata,01-05-2024,Beauty,Moisturizer,2,31135.93,0.11,55421.96,41731.74,13690.22,Credit Card,No
ORD00932,1742,Jorge Franklin,Male,19,Pune,21-07-2023,Electronics,Tablet,2,34542.61,0.02,67703.52,40996.03,26707.49,Debit Card,Yes
ORD00933,1188,Alexandria Owens,Female,20,Mumbai,2023/07/29,Home,Vacuum Cleaner,1,2410.94,0.16,2025.19,1596.9,428.29,UPI,Yes
ORD00934,1427,Michael Townsend,,40,Hyderabad,09-03-2024,Fashion,Jeans,4,44731.93,0.23,137774.34,122071.74,15702.6,Net Banking,Yes
ORD00935,1262,Paul Chavez,Male,18,Delhi,16-07-2023,Fashion,Dress,3,13037.44,0.17,32463.23,23117.92,9345.31,UPI,No
ORD00936,1296,Kimberly Palmer,Female,35,Delhi,28-05-2023,Home,Mixer,1,23050.08,0.23,17748.56,14960.95,2787.61,NET BANKING,No
ORD00937,1269,Sonya Walker,Male,47,Pune,2024/10/22,Beauty,Lipstick,3,42402.69,0.16,106854.78,72323.11,34531.67,CASH ON DELIVERY,No
ORD00938,1552,Michelle Taylor,Male,32,Chennai,25-01-2024,Electronics,Smartwatch,3,45683.05,0.23,105527.85,84251.61,,UPI,No
ORD00939,1039,David Golden,,45,Pune,22-03-2023,Beauty,Perfume,2,29916.78,0.24,45473.51,36931.35,8542.16,UPI,Yes
ORD00940,1314,Aaron Phillips,Male,33,Chennai,11-01-2023,Beauty,Moisturizer,1,41711.71,,32118.02,28033.41,4084.61,Cash on Delivery,No
ORD00941,1127,Anthony Luna,Male,21,Bangalore,21-05-2023,Electronics,Headphones,4,2188.68,0.23,6741.13,5545.83,1195.3,Cash on Delivery,No
ORD00942,1160,Rachel Hansen,Male,53,,12-08-2024,Home,Desk,4,2704.14,0.24,8220.59,5951.29,2269.3,Net Banking,Yes
ORD00943,1314,Katherine Lee,Male,19,Bangalore,2024/11/09,Beauty,Perfume,4,37785.22,0.22,117889.89,103330.2,14559.69,Cash on Delivery,No
ORD00944,1468,Michelle Wilson,Male,59,Mumbai,30-07-2024,Fashion,Jeans,5,44699.26,0.12,196676.74,155629.72,41047.02,Credit Card,No
ORD00945,1635,Donna Gomez,Male,27,Pune,2024/12/07,Fashion,Jacket,4,42983.61,0.02,168495.75,143061.59,25434.16,Credit Card,No
ORD00946,1446,Danielle Hoffman,Male,28,Kolkata,13-10-2023,Beauty,Face Wash,4,22170.84,0.06,83362.36,57681.7,25680.66,Net Banking,No
ORD00947,1528,Christian Williams,Male,24,Mumbai,23-06-2024,Electronics,Tablet,5,39640.86,0.28,142707.1,94994.12,47712.98,Cash on Delivery,Yes
ORD00948,1155,Martin Myers,Male,22,Mumbai,17-04-2024,Beauty,Face Wash,5,766.86,0.29,2722.35,1958.54,763.81,Credit Card,No
ORD00949,1338,Adam Rose,Male,48,Bangalore,2024/08/24,Fashion,T-Shirt,1,10421.6,0.11,9275.22,8166.67,1108.55,Cash on Delivery,Yes
ORD00950,1770,Mr. Fernando Marshall MD,Male,32,Chennai,03-06-2023,Electronics,Smartphone,1,35301.72,0.11,31418.53,23677.13,7741.4,Debit Card,No
ORD00951,1188,Brian Williams,Male,43,Bangalore,25-08-2023,Fashion,Jeans,3,30703.91,0.19,74610.5,49984.57,24625.93,Net Banking,No
ORD00952,1367,Bridget Richardson,Female,26,Pune,30-05-2024,Home,Chair,4,28749.96,0.14,98899.86,69170.64,29729.22,Debit Card,No
ORD00953,1497,Rickey Downs,Male,25,Hyderabad,31-01-2023,Electronics,Laptop,4,24373.77,0.05,92620.33,79146.92,,Credit Card,No
ORD00954,1159,Rebecca Calderon,Male,18,Kolkata,26-08-2024,Electronics,Smartwatch,3,38121.76,0.12,100641.45,79464.95,21176.5,Net Banking,No
ORD00955,1545,Gregory Warren,Female,23,Delhi,03-09-2023,Electronics,Headphones,2,31120.68,0.17,51660.33,31061.58,20598.75,UPI,Yes
ORD00956,1537,Pamela Mckenzie,Male,25,Bangalore,08-07-2023,Home,Mixer,2,19498.71,0.01,38607.45,33517.52,5089.93,DEBIT CARD,No
ORD00957,1048,Amanda Rubio,Female,49,Mumbai,2024/07/08,Home,Chair,5,39308.11,0.12,172955.68,111315.59,61640.09,Debit Card,Yes
ORD00958,1126,Richard Rowe,Female,40,Pune,14-07-2024,Fashion,Jeans,5,36533.3,0.21,144306.54,96705.68,47600.86,DEBIT CARD,Yes
ORD00959,1440,Debra Jackson,Male,54,chennai,22-01-2023,Electronics,Smartwatch,4,47862.97,0.2,153161.5,110552.12,42609.38,Credit Card,No
ORD00960,1587,William Costa,Male,34,Chennai,17-03-2024,Home,Desk,5,49089.95,0.02,240540.76,197250.57,43290.19,Credit Card,No
ORD00961,1667,Mr. Jared Rush,Female,23,Pune,14-07-2023, Beauty ,Perfume,2,17031.55,0.3,23844.17,14750.45,9093.72,UPI,No
ORD00962,1253,Ashley Anderson,Male,54,Delhi,2024/02/12,Home,Desk,4,14699.11,0.14,50564.94,37751.62,12813.32,Cash on Delivery,No
ORD00963,1693,Nicole Murray,Female,56,,08-04-2024,Fashion,Jacket,3,5469.95,0.16,13784.27,12365.47,1418.8,Debit Card,No
ORD00964,1443,Michael Rodriguez,Female,37,Delhi,2024/03/15,Fashion,Dress,5,28140.04,0.19,113967.16,89384.42,24582.74,Debit Card,Yes
ORD00965,1088,Heather Gutierrez,Female,56,Chennai,22-09-2023,Home,Vacuum Cleaner,5,4629.0,0.15,19673.25,16712.94,2960.31,Debit Card,No
ORD00966,1779,Bethany Schroeder,Male,35,Delhi,27-09-2023,Beauty,Face Wash,5,44931.69,0.01,222411.87,166378.76,56033.11,Cash on Delivery,No
ORD00967,1137,Patrick Henry,Female,35,Mumbai,27-01-2024,Electronics,Smartphone,3,21919.01,0.07,61154.04,46688.74,14465.3,Debit Card,Yes
ORD00968,1505,Edward Berg,Male,25,Bangalore,2023/01/20,Fashion,Jeans,2,30883.77,0.08,56826.14,47859.96,8966.18,UPI,No
ORD00969,1799,Samuel Anderson,Male,48,Chennai,08-06-2023,Electronics,Tablet,1,17575.9,0.26,13006.17,7951.18,5054.99,UPI,Yes
ORD00970,1223,Jeffery Vasquez,Male,24,Chennai,15-04-2023,Fashion,Dress,1,9880.36,0.26,7311.47,6245.74,1065.73,Debit Card,No
ORD00971,1152,Kimberly Cruz,Male,49,Kolkata,17-10-2024,Beauty,Perfume,1,9103.86,0.27,6645.82,5314.74,1331.08,Debit Card,No
ORD00972,1367,Zachary Dyer,Male,48,Delhi,06-06-2023,Electronics,Tablet,3,10514.93,0.1,28390.31,19527.95,8862.36,Net Banking,No
ORD00973,1225,William Mendoza,Male,28,Bangalore,25-05-2023,Beauty,Perfume,2,46311.58,0.08,85213.31,54563.14,30650.17,Net Banking,Yes
ORD00974,1738,,Male,24,Mumbai,27-07-2024,Electronics,Tablet,3,28839.12,0.08,79595.97,54714.05,24881.92,Credit Card,No
ORD00975,1112,Alyssa Young,Female,50,Pune,06-06-2023,Beauty,Moisturizer,5,17763.95,0.21,70167.6,54737.6,,Cash on Delivery,No
ORD00976,1257,Brooke Richards,Male,34,Pune,2024/03/14,Home,Lamp,3,33430.04,0.02,98284.32,74312.4,23971.92,Net Banking,No
ORD00977,1451,Jodi Smith,Male,27,Delhi,26-08-2024,Home,Mixer,2,29848.6,0.3,41788.04,29555.18,12232.86,Debit Card,Yes
ORD00978,1542,Heather Hunter,Male,28,Delhi,06-04-2023,Beauty,Face Wash,1,4377.44,0.22,3414.4,2073.04,1341.36,Credit Card,No
ORD00979,1180,Stephanie Robinson,Male,53,Bangalore,12-11-2023,Home,Chair,1,29289.88,0.18,24017.7,17572.98,6444.72,Net Banking,Yes
ORD00980,1306,Michael Bailey,Male,43,Pune,29-12-2023, Beauty ,Perfume,5,16904.48,0.09,76915.38,47192.9,29722.48,Debit Card,No
ORD00981,1598,Christopher Taylor,Female,37,Chennai,04-06-2024,Beauty,Lipstick,2,17114.96,0.26,25330.14,19279.65,6050.49,Net Banking,No
ORD00982,1324,Laura Hunter,Male,37,Hyderabad,2023/06/16,Electronics,Headphones,4,2401.79,0.2,7685.73,6526.87,1158.86,CREDIT CARD,No
ORD00983,1416,Jorge Vincent,Male,58,Hyderabad,27-07-2023,Beauty,Face Wash,4,10543.37,0.22,32895.31,21997.58,10897.73,NET BANKING,No
ORD00984,1023,Rebecca Flores,Male,49,Pune,22-01-2024,Home,Chair,4,8404.54,0.12,29583.98,24928.26,4655.72,Debit Card,Yes
ORD00985,1204,,Male,25,Bangalore,2023/04/19,Home,Vacuum Cleaner,5,2121.22,0.17,8803.06,6072.57,,Debit Card,No
ORD00986,1757,Maria Ingram,Female,41,Chennai,25-05-2023,Fashion,Dress,5,36821.62,0.23,141763.24,92106.34,49656.9,UPI,No
ORD00987,1028,Stephanie Mccann,Male,18,Pune,07-12-2024,Beauty,Moisturizer,4,13136.18,0.15,44663.01,31598.71,13064.3,Cash on Delivery,No
ORD00988,1482,Christopher Arnold,Male,18,pune,29-01-2024,Electronics,Smartphone,5,33404.39,0.11,148649.54,116431.47,32218.07,UPI,No
ORD00989,1022,Dakota Hubbard,Male,30,Mumbai,29-03-2024,Beauty,Perfume,5,40197.8,0.22,156771.42,103983.88,52787.54,Cash on Delivery,No
ORD00990,1332,Michael Baker,Male,21,Pune,19-12-2024,Home,Lamp,5,44787.47,0.26,165713.64,141932.03,23781.61,Debit Card,Yes
ORD00991,1590,Daniel Huang,Female,48,Delhi,05-01-2023,Home,Vacuum Cleaner,3,40254.35,0.01,119555.42,84782.92,34772.5,UPI,No
ORD00992,1757,Miranda Rodriguez,Female,30,Hyderabad,2023/01/26,Beauty,Face Wash,2,14518.01,0.18,23809.54,20119.58,3689.96,Debit Card,Yes
ORD00993,1770,Richard Simmons,Female,18,Pune,29-07-2024,Fashion,Jacket,3,33330.44,0.23,76993.32,54376.85,22616.47,Credit Card,No
ORD00994,1154,Andrew Aguirre,,23,Bangalore,08-10-2023,Home,Desk,4,9742.73,0.01,38581.21,31584.54,6996.67,UPI,No
ORD00995,1115,Jean Collins,Female,43,Pune,2023/10/02,Home,Chair,2,4984.85,0.3,6978.79,6079.32,899.47,Cash on Delivery,Yes
ORD00996,1457,Andrew Shaw,Female,59,Mumbai,22-09-2024,Home,Mixer,5,22685.82,0.12,99817.61,65106.77,34710.84,Debit Card,No
ORD00997,1526,Eric Johnson,,24,bangalore,28-05-2024,Electronics,Tablet,4,12377.22,0.21,39112.02,24958.62,14153.4,Net Banking,Yes
ORD00998,1259,Rodney Glover,Female,27,Chennai,10-01-2023,Home,Desk,4,9775.74,0.28,28154.13,22009.14,6144.99,UPI,No
ORD00999,1084,Timothy Rodriguez,Female,24,Mumbai,2024/07/17,Fashion,Sneakers,5,11634.17,0.25,43628.14,31960.15,11667.99,UPI,No
ORD01000,1659,Alicia Taylor,Male,40,Mumbai,27-04-2024,Fashion,Dress,1,26653.58,0.27,19457.11,13812.07,5645.04,Debit Card,No
ORD01001,1480,Claire Bell,Male,45,Pune,2024/02/20,Fashion,Jeans,4,21049.11,0.19,68199.12,45748.21,22450.91,Debit Card,Yes
ORD01002,1546,Tony Brown,Male,55,Pune,2023/06/01,Home,Vacuum Cleaner,4,8358.0,0.12,29420.16,20714.05,8706.11,Credit Card,No
ORD01003,1327,John Lang,Female,58,Pune,01-10-2024,Home,Desk,2,38911.25,0.08,71596.7,57132.97,14463.73,DEBIT CARD,No
ORD01004,1642,,Male,25,Pune,19-02-2023,Electronics,Headphones,3,19562.29,0.19,47536.36,39570.9,7965.46,Net Banking,No
ORD01005,1602,Matthew Rosales,Male,38,,13-03-2023,Fashion,T-Shirt,4,18229.03,0.06,68541.15,43905.03,24636.12,Cash on Delivery,Yes
ORD01006,1303,Jaclyn Wallace,Male,33,Mumbai,12-08-2024,Fashion,T-Shirt,4,2564.84,0.28,7386.74,5720.53,1666.21,UPI,No
ORD01007,1080,Martin Shelton,Female,34,Pune,07-01-2023,Beauty,Lipstick,3,16387.18,0.01,48669.92,42550.34,6119.58,UPI,No
ORD01008,1744,William Richard,Female,22,Delhi,14-03-2024,Fashion,Dress,1,689.21,0.2,551.37,423.91,127.46,UPI,No
ORD01009,1530,Karen Johnson,Female,46,Hyderabad,04-06-2024,Fashion,Jeans,4,6431.07,0.1,23151.85,20580.33,2571.52,Cash on Delivery,No
ORD01010,1123,Brian Jimenez,Female,21,Pune,05-12-2023,Fashion,Dress,1,4785.25,0.01,4737.4,3823.49,913.91,UPI,Yes
ORD01011,1121,Lisa Thomas,Male,25,Pune,07-07-2024,Home,Chair,3,9047.26,0.19,21984.84,17552.71,4432.13,Net Banking,No
ORD01012,1608,Karina Clark MD,,26,Pune,05-01-2024, Fashion ,Jeans,5,32295.67,0.03,156634.0,105086.82,51547.18,Debit Card,Yes
ORD01013,1346,John Reynolds,Male,29,Mumbai,2023/06/28,Home,Mixer,1,34003.19,0.23,26182.46,23107.43,3075.03,Cash on Delivery,No
ORD01014,1266,Lisa Hancock,Female,41,Pune,2023/09/18,Home,Vacuum Cleaner,1,37503.28,0.0,37503.28,26979.82,10523.46,UPI,No
ORD01015,1794,Brittany Jones,Male,49,Kolkata,03-04-2023,Home,Mixer,5,14276.83,0.24,54251.95,36865.3,17386.65,Net Banking,No
ORD01016,1514,Michael Thompson,Female,56,Mumbai,30-05-2023,Beauty,Shampoo,3,13485.04,0.25,30341.34,26158.72,,Credit Card,No
ORD01017,1440,Christine Patel,Male,48,Kolkata,05-02-2023,Fashion,T-Shirt,3,47931.58,0.27,104970.16,75922.96,29047.2,Cash on Delivery,Yes
ORD01018,1403,Martin Lopez III,Male,19,Bangalore,06-01-2023,Home,Mixer,3,1626.26,0.12,4293.33,3565.69,727.64,Net Banking,No
ORD01019,1172,Lauren Smith,Female,23,Hyderabad,2023/01/19,Electronics,Headphones,4,36082.87,0.21,114021.87,99024.88,14996.99,Credit Card,No
ORD01020,1372,Benjamin Potter,Male,22,Delhi,25-04-2023,Fashion,Sneakers,2,35424.89,0.18,58096.82,46776.7,11320.12,NET BANKING,Yes
ORD01021,1009,Lacey Rose,Male,36,Pune,20-10-2023,Electronics,Smartphone,3,13065.94,0.04,37629.91,32284.77,5345.14,Credit Card,No
ORD01022,1292,Drew Knox,Female,42,Delhi,06-03-2024,Electronics,Headphones,1,45834.96,0.25,34376.22,26258.33,8117.89,Net Banking,No
ORD01023,1666,Catherine Delgado,Male,39,Mumbai,05-11-2023,Beauty,Shampoo,2,47480.2,0.3,66472.28,59045.5,7426.78,UPI,No
ORD01024,1208,Katherine Miller,Male,52,kolkata,20-02-2023,Beauty,Lipstick,2,20433.2,0.11,36371.1,32091.72,,Net Banking,No
ORD01025,1371,Laura Johnson,,51,Kolkata,24-03-2023,Home,Desk,4,24769.69,0.16,83226.16,63541.11,19685.05,Cash on Delivery,No
ORD01026,1490,Jennifer Nguyen,Male,22,Mumbai,2023/03/17,Electronics,Smartwatch,5,11682.56,0.07,54323.9,37352.51,16971.39,CASH ON DELIVERY,No
ORD01027,1424,Norma Martin,Male,25,Pune,13-03-2023,Home,Chair,5,17370.02,0.11,77296.59,60356.53,16940.06,Debit Card,No
ORD01028,1045,Jerry Contreras,Male,31,Hyderabad,2023/09/24,Electronics,Tablet,2,49952.31,0.2,79923.7,58693.85,21229.85,Credit Card,Yes
ORD01029,1531,Benjamin Key,Male,28,Hyderabad,06-09-2024,Fashion,Dress,5,43101.16,0.18,176714.76,116349.46,60365.3,UPI,No
ORD01030,1668,Amanda Wilkins,Male,52,Kolkata,26-11-2023,Home,Desk,2,10242.86,0.13,17822.58,13769.05,4053.53,UPI,No
ORD01031,1404,,Female,48,bangalore,15-07-2024,Beauty,Lipstick,5,3669.4,0.27,13393.31,8545.8,4847.51,Cash on Delivery,Yes
ORD01032,1778,,Male,56,Chennai,2023/09/04,Beauty,Perfume,1,28808.46,0.15,24487.19,17694.14,6793.05,Net Banking,No
ORD01033,1068,Priscilla Bowen,Female,21,Pune,2023/07/01,Electronics,Headphones,1,18177.12,0.03,17631.81,10822.88,6808.93,Credit Card,No
ORD01034,1564,Henry Wilson,,46,Bangalore,21-09-2024,Home,Desk,2,42935.49,0.28,61827.11,51463.77,10363.34,UPI,No
ORD01035,1126,Adam Howard,Female,49,Hyderabad,20-08-2023,Home,Mixer,2,38259.03,0.01,75752.88,54478.24,21274.64,Net Banking,No
ORD01036,1214,Justin Bailey,Male,48,Pune,07-03-2023,Beauty,Moisturizer,3,47460.34,0.21,112481.01,99108.19,13372.82,Credit Card,Yes
ORD01037,1064,Jeffrey Williams,Female,51,Kolkata,03-06-2024,Home,Mixer,3,22262.0,0.29,47418.06,35886.27,11531.79,Cash on Delivery,No
ORD01038,1636,Karen Brown,Female,19,Chennai,2023/04/26,Beauty,Perfume,3,4094.25,0.26,9089.24,6437.81,2651.43,UPI,No
ORD01039,1115,Lauren Rodriguez,Male,60,Chennai,06-09-2023,Beauty,Shampoo,1,46122.64,0.13,40126.7,27576.14,12550.56,Cash on Delivery,No
ORD01040,1424,Corey Gray,,39,Kolkata,2023/10/07,Home,Desk,2,38428.91,0.04,73783.51,49238.92,24544.59,Cash on Delivery,No
ORD01041,1186,Jeffrey Hernandez,Male,46,Pune,09-06-2023,Beauty,Moisturizer,2,17416.95,0.2,27867.12,17537.18,10329.94,Credit Card,No
ORD01042,1389,Kenneth Baker,,59,Kolkata,22-05-2024,Electronics,Laptop,5,7083.79,0.03,34356.38,21250.38,13106.0,Credit Card,No
ORD01043,1414,Leslie Harris,Male,36,nan,08-10-2024,Beauty,Moisturizer,1,843.18,0.12,742.0,497.81,244.19,Debit Card,No
ORD01044,1218,Dan Clark,Female,51,Hyderabad,11-10-2024,Beauty,Perfume,5,14520.21,0.03,70423.02,59404.09,11018.93,Credit Card,No
ORD01045,1275,Joseph Benitez,Male,37,pune,2023/06/25,Fashion,Sneakers,5,40055.8,0.29,142198.09,110182.06,32016.03,Debit Card,No
ORD01046,1732,Eric Stark,Male,50,pune,05-02-2024,Beauty,Perfume,5,4000.42,0.27,14601.53,8906.44,5695.09,Credit Card,No
ORD01047,1051,Susan Smith,Female,23,,04-03-2024,Home,Vacuum Cleaner,5,32471.76,0.09,147746.51,109741.04,38005.47,Credit Card,No
ORD01048,1345,Robert Miller,Female,30,Kolkata,05-06-2024,Home,Lamp,2,46160.91,0.03,89552.17,59793.59,29758.58,UPI,No
ORD01049,1453,Amanda Neal,,30,Delhi,23-02-2023,Fashion,T-Shirt,5,4288.34,0.01,21227.28,17452.23,3775.05,Cash on Delivery,No
ORD01050,1501,Amber Gill,Male,49,,29-02-2024,Home,Lamp,1,43560.91,0.18,35719.95,31210.48,4509.47,Debit Card,No
ORD01051,1390,Ronald Delgado,Female,39,bangalore,2023/06/03,Home,Vacuum Cleaner,1,27897.71,0.29,19807.37,13480.73,6326.64,Credit Card,No
ORD01052,1491,Brenda Fields,Male,56,hyderabad,20-01-2023,Beauty,Face Wash,5,49389.97,,207437.87,154968.09,52469.78,Credit Card,No
ORD01053,1486,Stacey Cannon,Male,58,Hyderabad,30-03-2024,Electronics,Smartphone,1,9567.12,0.27,6984.0,4885.33,2098.67,Debit Card,No
ORD01054,1759,Cheryl Perez,Male,25,Bangalore,05-01-2024,Fashion,T-Shirt,2,32610.75,0.14,56090.49,49727.79,6362.7,Debit Card,No
ORD01055,1223,Marvin Brewer,Female,27,,25-10-2023,Electronics,Laptop,4,44918.46,0.26,132958.64,110410.08,22548.56,Credit Card,No
ORD01056,1466,Grace Middleton,Female,45,Pune,20-11-2023,Home,Mixer,3,21254.97,0.17,52924.88,35767.11,17157.77,Credit Card,Yes
ORD01057,1488,Theresa Lang,,31,Kolkata,26-05-2024, Home ,Lamp,1,16986.54,0.15,14438.56,10803.53,3635.03,Debit Card,Yes
ORD01058,1564,Mario Johnson,Female,58,Bangalore,24-01-2023,Electronics,Headphones,3,33474.33,0.18,82346.85,69572.44,12774.41,UPI,No
ORD01059,1527,Randy Brown,Female,33,Hyderabad,24-11-2024,Electronics,Tablet,2,47864.59,0.07,89028.14,63057.64,25970.5,UPI,No
ORD01060,1339,Kevin Jackson,Male,50,Pune,2024/08/26, Home ,Desk,5,20022.86,,76086.87,67462.8,8624.07,Cash on Delivery,No
ORD01061,1657,Caleb Acosta,Female,33,Hyderabad,02-03-2023,Beauty,Face Wash,2,35780.5,0.16,60111.24,48870.79,11240.45,Credit Card,No
ORD01062,1447,Amber Parker,Female,53,Pune,16-05-2024,Electronics,Headphones,2,45016.72,0.08,82830.76,50294.77,32535.99,Credit Card,Yes
ORD01063,1559,Heidi Daugherty,,31,Mumbai,23-07-2023,Beauty,Face Wash,5,46820.84,0.27,170896.07,111411.17,59484.9,Debit Card,No
ORD01064,1534,Jerry Snyder,Male,26,,16-01-2024,Electronics,Tablet,3,43894.08,,107979.44,91887.05,16092.39,Net Banking,No
ORD01065,1154,Stefanie Morales,Female,35,Hyderabad,28-03-2023,Home,Mixer,2,10907.12,0.21,17233.25,11152.32,6080.93,UPI,No
ORD01066,1143,Hayden Lam,Male,55,Kolkata,13-08-2023,Home,Lamp,5,1688.88,0.2,6755.52,5697.96,1057.56,Cash on Delivery,No
ORD01067,1794,Jennifer Strong,Female,44,Mumbai,08-09-2023,Fashion,T-Shirt,3,40475.59,0.26,89855.81,79687.64,,Debit Card,No
ORD01068,1545,Ashley Wright,Female,43,Bangalore,21-12-2023,Fashion,Dress,4,21254.75,0.15,72266.15,44483.28,27782.87,Cash on Delivery,Yes
ORD01069,1317,David Russell,Female,54,Delhi,22-09-2023,Beauty,Shampoo,5,40543.62,0.06,190555.01,127795.3,62759.71,UPI,Yes
ORD01070,1395,Alejandra Roberts,Female,39,Chennai,2023/07/01,Fashion,T-Shirt,5,12276.36,0.28,44194.9,39082.13,,Debit Card,No
ORD01071,1492,Stephanie Bailey,Male,22,Pune,07-02-2023,Fashion,Dress,1,22685.23,0.16,19055.59,17057.7,1997.89,Credit Card,Yes
ORD01072,1422,Sonya Dominguez,Female,21,Kolkata,15-09-2024, Home ,Desk,1,21147.07,0.2,16917.66,13540.09,3377.57,Debit Card,No
ORD01073,1175,Ryan Walker,Male,54,Bangalore,26-11-2023,Beauty,Lipstick,3,3153.17,0.24,7189.23,4314.43,2874.8,Cash on Delivery,No
ORD01074,1615,Michael King,Female,19,chennai,03-03-2024,Fashion,Dress,5,8154.28,0.06,38325.12,34364.32,3960.8,Credit Card,No
ORD01075,1100,Edward Ryan,Female,18,mumbai,15-11-2023, Home ,Desk,4,11401.73,0.18,37397.67,28507.74,8889.93,Net Banking,No
ORD01076,1697,Jeffrey Gordon,Male,48,Mumbai,11-05-2023,Home,Chair,4,1234.31,0.04,4739.75,3900.06,839.69,Debit Card,No
ORD01077,1538,Lynn Brown,Female,53,Kolkata,2024/12/19,Electronics,Tablet,5,16410.07,0.09,74665.82,49231.92,25433.9,Cash on Delivery,No
ORD01078,1062,Jennifer Sanchez,Female,19,Kolkata,22-04-2024,Fashion,Sneakers,3,41647.69,0.18,102453.32,71272.42,31180.9,Debit Card,No
ORD01079,1218,Alicia Parker,Male,49,Mumbai,12-10-2024,Electronics,Smartwatch,5,501.42,0.24,1905.4,1282.72,622.68,Debit Card,Yes
ORD01080,1757,Mark Evans,Female,57,Kolkata,01-02-2024,Beauty,Lipstick,1,20585.68,0.27,15027.55,10322.41,4705.14,Debit Card,No
ORD01081,1278,Jamie Fisher,Male,35,Delhi,09-03-2023,Home,Lamp,1,46185.71,0.11,41105.28,29020.02,12085.26,UPI,No
ORD01082,1497,Danny Williams,Female,21,Chennai,17-05-2023, Home ,Chair,2,42192.3,0.02,82696.91,67031.78,15665.13,Credit Card,Yes
ORD01083,1397,Susan Scott,Female,22,Delhi,2024/05/20,Electronics,Smartphone,5,26352.98,0.22,102776.62,78682.13,24094.49,UPI,No
ORD01084,1586,Daniel Hampton,Female,45,Chennai,28-02-2023,Home,Chair,1,20429.66,0.3,14300.76,8975.31,5325.45,Net Banking,No
ORD01085,1671,Megan Chung,Female,55,Mumbai,2024/02/16,Electronics,Smartwatch,3,3145.95,0.09,8588.44,5908.75,2679.69,Debit Card,No
ORD01086,1477,Valerie Colon,Female,26,Hyderabad,29-06-2024,Home,Mixer,5,40129.4,0.09,182588.77,129386.07,53202.7,Credit Card,No
ORD01087,1774,Amber Moore,Male,56,,02-09-2023,Beauty,Shampoo,1,9931.38,0.23,7647.16,6718.81,928.35,Credit Card,No
ORD01088,1364,Mike Jackson,Female,59,Kolkata,13-07-2023,Fashion,Sneakers,5,11821.55,0.18,48468.36,29954.09,18514.27,UPI,No
ORD01089,1185,Scott Sharp,Female,29,Mumbai,14-04-2024,Fashion,Sneakers,3,20450.08,0.03,59509.73,51103.3,8406.43,Credit Card,No
ORD01090,1278,Tracy Bowman,Male,30,Chennai,25-10-2023,Electronics,Smartwatch,2,13961.41,0.17,23175.94,15252.7,7923.24,Debit Card,No
ORD01091,1382,Paul White,Male,31,Kolkata,04-10-2023,Home,Lamp,3,28488.82,0.23,65809.17,51831.08,13978.09,Credit Card,No
ORD01092,1430,Mrs. Nicole Pearson,Female,32,Chennai,26-07-2024,Fashion,Dress,5,24886.85,0.28,89592.66,54420.53,35172.13,DEBIT CARD,No
ORD01093,1268,Shane Wall,Female,37,Pune,2024/03/03,Beauty,Moisturizer,1,26312.1,0.01,26048.98,20164.52,5884.46,CREDIT CARD,No
ORD01094,1451,Christopher Reeves,Male,59,Delhi,01-12-2024,Beauty,Shampoo,1,25669.34,0.15,21818.94,18532.68,3286.26,Net Banking,No
ORD01095,1320,Dustin Sharp,Female,27,mumbai,16-12-2023,Home,Mixer,5,23775.24,0.08,109366.1,73074.62,36291.48,Net Banking,No
ORD01096,1719,James Powell,Male,55,Delhi,02-11-2023,Beauty,Perfume,4,17349.57,0.02,68010.31,44776.45,23233.86,Cash on Delivery,Yes
ORD01097,1622,Melanie Davis,Male,24,Bangalore,2024/04/06,Beauty,Moisturizer,3,22843.71,0.05,65104.57,52146.7,12957.87,Credit Card,No
ORD01098,1721,Tanya Smith,Male,23,Pune,02-02-2024,Fashion,Sneakers,1,26320.28,0.29,18687.4,16805.15,1882.25,Debit Card,No
ORD01099,1222,Laura Gordon,Female,34,delhi,22-12-2023,Home,Chair,4,28544.83,0.26,84492.7,55073.01,29419.69,Net Banking,No
ORD01100,1497,Rebecca Burgess,Female,31,Kolkata,08-04-2023,Electronics,Smartphone,4,36648.86,0.07,136333.76,88280.74,48053.02,Debit Card,No
ORD01101,1461,Michael Hendricks,Male,38,Bangalore,2023/06/26,Electronics,Headphones,4,34127.32,0.19,110572.52,70483.97,40088.55,DEBIT CARD,No
ORD01102,1116,Victoria Beck,Male,43,Kolkata,19-03-2024,Home,Lamp,2,37376.1,0.22,58306.72,52147.86,6158.86,Cash on Delivery,Yes
ORD01103,1749,Timothy Hunter,Female,34,Hyderabad,22-10-2024,Beauty,Shampoo,3,43935.23,0.28,94900.1,64508.16,30391.94,Net Banking,No
ORD01104,1342,Nicholas Mcdonald,Female,51,,19-12-2023,Beauty,Moisturizer,5,19499.17,0.05,92621.06,75606.0,17015.06,Debit Card,No
ORD01105,1729,Dylan Rodriguez,Female,20,Pune,2024/02/25,Home,Lamp,4,20549.6,0.11,73156.58,46509.66,,CASH ON DELIVERY,No
ORD01106,1709,Mia Jones,Male,45,Kolkata,2023/05/08,Fashion,Jacket,2,31850.12,0.12,56056.21,38629.05,17427.16,Net Banking,No
ORD01107,1540,Linda Franklin,Female,18,Bangalore,22-10-2023,Electronics,Headphones,1,17051.13,0.28,12276.81,10921.92,1354.89,Credit Card,Yes
ORD01108,1579,Brandon Bell,Female,33,Chennai,2023/12/10,Fashion,Jeans,3,705.31,0.09,1925.5,1259.11,666.39,UPI,No
ORD01109,1225,,Female,48,Kolkata,12-11-2023,Fashion,T-Shirt,1,48061.44,0.24,36526.69,28650.17,7876.52,Net Banking,Yes
ORD01110,1142,Tami Klein,Male,42,Bangalore,16-04-2023,Home,Mixer,4,19138.1,0.12,67366.11,42345.74,25020.37,Cash on Delivery,Yes
ORD01111,1249,Tyler Bradley,Female,58,Chennai,02-10-2023,Electronics,Tablet,2,10373.06,,16596.9,12269.77,4327.13,Debit Card,No
ORD01112,1294,Donna Williams,Female,56,Hyderabad,2023/01/26,Fashion,Jeans,1,34651.11,0.28,24948.8,17478.83,7469.97,Cash on Delivery,Yes
ORD01113,1588,Rebecca Davis,Male,30,Bangalore,2023/01/29,Electronics,Tablet,4,45773.75,,133659.35,110565.71,,UPI,No
ORD01114,1312,Brooke Taylor,Female,46,Mumbai,2023/12/10,Electronics,Laptop,3,31923.48,0.26,70870.13,47258.88,23611.25,Debit Card,Yes
ORD01115,1465,Brett Jordan,Female,42,Bangalore,15-02-2024,Beauty,Perfume,3,6267.14,,14665.11,12439.16,2225.95,Net Banking,No
ORD01116,1136,Noah Mills,Female,36,Mumbai,2024/01/15,Fashion,Sneakers,1,12824.15,0.24,9746.35,8358.49,1387.86,Cash on Delivery,No
ORD01117,1514,Penny Davis,Female,42,Chennai,22-04-2023,Beauty,Perfume,3,19232.76,0.15,49043.54,39237.66,9805.88,Net Banking,No
ORD01118,1738,Donald Marquez,Male,26,hyderabad,2024/07/30,Electronics,Headphones,1,23586.12,0.27,17217.87,12971.26,4246.61,UPI,Yes
ORD01119,1605,Kevin Boone,Female,45,Bangalore,23-07-2024,Home,Mixer,4,49429.41,0.04,189808.93,115854.99,73953.94,Net Banking,No
ORD01120,1090,Joanna Simon,Male,35,Kolkata,2024/08/08,Beauty,Face Wash,1,34147.27,0.21,26976.34,16939.09,10037.25,Credit Card,No
ORD01121,1666,Jasmine Cook,Male,46,Bangalore,17-02-2024,Electronics,Tablet,2,20036.54,0.0,40073.08,30621.29,9451.79,Net Banking,No
ORD01122,1528,Amanda Turner,Male,18,Hyderabad,10-02-2023,Beauty,Shampoo,3,27280.64,0.13,71202.47,55587.33,15615.14,Cash on Delivery,Yes
ORD01123,1716,Erica Beard,,51,Hyderabad,01-11-2024,Home,Lamp,2,1611.54,0.29,2288.39,1654.05,634.34,Debit Card,No
ORD01124,1576,Melissa Watkins,Female,49,nan,05-12-2023,Fashion,Dress,2,2335.59,0.15,3970.5,3051.1,919.4,Debit Card,No
ORD01125,1582,,Female,57,Chennai,07-07-2024,Home,Lamp,1,697.27,0.22,543.87,465.13,78.74,Cash on Delivery,No
ORD01126,1683,Michelle Farrell,Female,30,Mumbai,03-01-2023,Fashion,Dress,2,23335.37,0.02,45737.33,31383.81,14353.52,CREDIT CARD,No
ORD01127,1740,Donald Molina,Female,47,chennai,12-10-2023, Beauty ,Lipstick,1,35097.7,0.05,33342.81,26471.53,6871.28,UPI,Yes
ORD01128,1368,Lynn Gutierrez,Female,28,Mumbai,02-06-2023,Electronics,Smartphone,3,19314.52,0.09,52728.64,36554.61,16174.03,Credit Card,No
ORD01129,1726,Dwayne Baker,Female,57,Delhi,2024/12/08,Fashion,Jeans,2,45660.65,0.16,76709.89,53993.87,22716.02,Net Banking,No
ORD01130,1021,,Male,25,Hyderabad,14-10-2023,Electronics,Smartphone,4,48896.45,0.04,187762.37,151763.88,35998.49,DEBIT CARD,No
ORD01131,1778,,Female,24,Chennai,2024/08/15,Fashion,Sneakers,2,28000.66,,41440.98,32652.95,8788.03,NET BANKING,No
ORD01132,1613,Heather Anderson,Male,33,Hyderabad,2024/10/11,Beauty,Shampoo,5,4736.98,0.24,18000.52,15861.96,2138.56,Cash on Delivery,No
ORD01133,1589,Stephen Collins,Male,35,Bangalore,17-12-2024,Electronics,Smartphone,3,14909.25,0.02,43833.19,32620.91,11212.28,Credit Card,No
ORD01134,1298,Benjamin Curtis,Male,48,Kolkata,2024/06/07,Beauty,Lipstick,4,25177.51,0.09,91646.14,68569.31,23076.83,UPI,No
ORD01135,1633,Jason Bennett,Male,49,Mumbai,30-12-2023,Beauty,Shampoo,5,29362.09,0.06,138001.82,120186.06,17815.76,UPI,Yes
ORD01136,1008,Michelle Ray,Male,25,Delhi,18-11-2024,Electronics,Headphones,3,27659.7,0.05,78830.15,69090.99,9739.16,DEBIT CARD,No
ORD01137,1660,Patricia Love,Male,26,Kolkata,14-03-2023,Home,Mixer,1,30284.26,0.01,29981.42,19834.71,10146.71,Debit Card,Yes
ORD01138,1267,Emily Mckee,Male,47,Mumbai,11-06-2024,Home,Desk,3,20005.57,0.09,54615.21,44938.67,9676.54,Debit Card,No
ORD01139,1017,,Female,26,Mumbai,23-03-2024,Home,Desk,3,12998.93,0.28,28077.69,22349.52,,Net Banking,No
ORD01140,1136,Megan Herrera,Female,31,,22-02-2024,Home,Mixer,4,44131.47,0.14,151812.26,116973.76,34838.5,UPI,No
ORD01141,1786,Betty Kelley,,60,bangalore,2024/05/21,Electronics,Smartwatch,5,40659.12,0.09,184999.0,117582.58,67416.42,Debit Card,No
ORD01142,1537,Sarah Willis,Female,49,chennai,27-12-2023,Home,Desk,5,28003.18,0.26,103611.77,88869.61,14742.16,Net Banking,Yes
ORD01143,1698,Keith Miller,Female,19,Bangalore,2024/02/14,Fashion,T-Shirt,4,9198.88,0.18,30172.33,21135.21,9037.12,Debit Card,Yes
ORD01144,1151,Mr. Brian Cooper,Female,29,Mumbai,23-02-2023,Home,Vacuum Cleaner,2,43076.26,0.0,86152.52,64389.19,21763.33,Cash on Delivery,Yes
ORD01145,1086,Justin Cook,,30,Chennai,17-08-2024,Home,Vacuum Cleaner,2,35437.6,0.29,50321.39,31751.59,18569.8,Net Banking,No
ORD01146,1535,Eric Wang,Male,44,Mumbai,19-09-2023,Fashion,Jacket,3,13246.77,0.11,35368.88,30434.05,4934.83,Cash on Delivery,No
ORD01147,1259,Caitlin Griffin,Male,52,Delhi,29-03-2024,Beauty,Perfume,3,17876.11,0.21,42366.38,36649.33,5717.05,CREDIT CARD,Yes
ORD01148,1320,Brian Garcia,Male,27,Chennai,04-08-2024,Beauty,Perfume,3,28428.83,0.06,80169.3,59384.51,20784.79,Credit Card,No
ORD01149,1259,Darrell Wilson,Male,56,Mumbai,02-06-2024,Fashion,Sneakers,2,49404.16,0.1,88927.49,68466.16,20461.33,Debit Card,No
ORD01150,1364,Chris Kim,Female,38,Kolkata,04-02-2024,Fashion,Sneakers,5,28343.94,0.21,111958.56,72936.2,39022.36,Credit Card,No
ORD01151,1595,Sean Johnson,Female,24,Chennai,19-03-2024,Fashion,Sneakers,5,7081.16,0.01,35051.74,23600.1,11451.64,DEBIT CARD,No
ORD01152,1471,Cody Cordova,Male,35,Pune,08-07-2023,Home,Lamp,3,39363.44,0.07,109824.0,79319.34,30504.66,Net Banking,No
ORD01153,1427,Charles Nash,Female,59,Pune,12-09-2024,Home,Vacuum Cleaner,1,10021.71,0.02,9821.28,7819.48,2001.8,Credit Card,No
ORD01154,1166,Mrs. Teresa Perez,Male,39,Chennai,2023/01/25,Beauty,Moisturizer,1,3832.79,0.05,3641.15,2976.54,664.61,Net Banking,Yes
ORD01155,1020,Mark Burch,Male,51,Delhi,09-06-2023,Beauty,Face Wash,2,1195.34,0.16,2008.17,1383.23,624.94,Net Banking,No
ORD01156,1124,Angela Reynolds,Male,38,hyderabad,01-11-2023,Fashion,Jeans,3,30796.7,,77607.68,62559.02,15048.66,Cash on Delivery,Yes
ORD01157,1196,Terry Reeves,Female,56,mumbai,2024/09/19,Beauty,Lipstick,5,40578.31,0.22,158255.41,107873.54,50381.87,Cash on Delivery,No
ORD01158,1444,Kayla Garza,Female,-5,Pune,01-12-2024,Beauty,Lipstick,5,30949.5,0.16,129987.9,84276.73,45711.17,Debit Card,No
ORD01159,1022,Erin Taylor,Female,22,Chennai,2023/03/01,Fashion,T-Shirt,1,26827.84,0.25,20120.88,12354.68,7766.2,Debit Card,Yes
ORD01160,1352,Megan Thompson,Male,58,Delhi,2023/04/02,Beauty,Perfume,5,12985.67,0.01,64279.07,55828.91,8450.16,Cash on Delivery,Yes
ORD01161,1079,Jessica Gutierrez,Male,41,Chennai,22-03-2023,Home,Chair,1,28715.68,0.06,26992.74,23866.5,3126.24,UPI,No
ORD01162,1726,Kerri Garrett,Male,27,Pune,11-01-2023,Beauty,Face Wash,4,8220.08,0.14,28277.08,22292.37,,Cash on Delivery,Yes
ORD01163,1393,Derrick Williams,Female,44,Bangalore,2024/05/12,Home,Lamp,4,26713.11,,91893.1,57341.62,34551.48,Debit Card,No
ORD01164,1134,Thomas Greene,Female,23,Bangalore,26-03-2023,Electronics,Smartphone,2,32149.75,0.12,56583.56,42445.07,14138.49,Cash on Delivery,No
ORD01165,1228,Patricia Miller,Female,39,Mumbai,28-07-2023,Fashion,Jeans,4,23748.17,0.16,79793.85,51557.78,28236.07,Debit Card,Yes
ORD01166,1033,Amanda Sampson,Female,35,chennai,20-04-2023,Electronics,Headphones,1,36558.62,0.05,34730.69,28739.89,5990.8,Net Banking,No
ORD01167,1004,Stephen Moore,Female,45,Bangalore,2023/04/05,Home,Lamp,3,14862.17,0.05,42357.18,35662.78,,Cash on Delivery,No
ORD01168,1155,Jason Jones,Female,24,Pune,25-04-2023,Beauty,Lipstick,5,14805.72,0.08,68106.31,46065.33,22040.98,Debit Card,No
ORD01169,1680,Vanessa Williams,Male,28,Delhi,03-09-2024,Beauty,Perfume,4,1783.19,0.06,6704.79,4025.75,2679.04,Credit Card,Yes
ORD01170,1407,Nancy Lambert,Male,39,pune,05-03-2023,Electronics,Smartphone,2,16826.7,0.08,30961.13,25252.82,5708.31,Net Banking,No
ORD01171,1622,Tammy Smith,Female,25,Chennai,2023/03/24,Beauty,Lipstick,1,7196.33,0.3,5037.43,3708.43,1329.0,Debit Card,No
ORD01172,1630,Joshua Villanueva,Female,20,Hyderabad,2024/05/22,Home,Lamp,4,41010.77,0.25,123032.31,80671.88,42360.43,UPI,No
ORD01173,1705,Danielle Black,Female,49,Delhi,25-12-2023,Beauty,Shampoo,2,22176.12,0.28,31933.61,26494.51,5439.1,Credit Card,No
ORD01174,1206,Dawn Dawson,Female,54,Mumbai,19-03-2023, Home ,Mixer,2,40267.45,0.12,70870.71,47381.35,,Debit Card,No
ORD01175,1149,Michaela Lambert,Female,56,Kolkata,10-03-2024,Fashion,Jacket,5,42054.89,0.13,182938.77,164396.46,18542.31,Credit Card,No
ORD01176,1180,Debra Lewis,Female,32,Bangalore,13-10-2024,Beauty,Shampoo,5,24591.24,0.24,93446.71,70323.04,23123.67,UPI,No
ORD01177,1163,Daniel Morgan,Male,56,Pune,2024/06/13,Fashion,Jeans,3,30987.04,0.02,91101.9,57250.82,33851.08,NET BANKING,No
ORD01178,1398,Jenny Wood,Male,44,Delhi,2023/09/22,Electronics,Smartwatch,1,28028.24,0.29,19900.05,14754.07,5145.98,UPI,No
ORD01179,1176,Sandra Smith,Female,22,Hyderabad,23-03-2024,Home,Desk,4,14920.49,0.2,47745.57,28780.89,18964.68,Net Banking,No
ORD01180,1326,Matthew Harris,Female,34,Kolkata,2023/04/28,Beauty,Face Wash,2,32862.48,0.24,49950.97,36622.19,13328.78,UPI,No
ORD01181,1490,Shelley Gardner,,56,Bangalore,17-09-2023,Home,Chair,5,33290.31,0.2,133161.24,108301.96,24859.28,Credit Card,No
ORD01182,1222,Jennifer Williams,Male,28,Pune,14-07-2023,Fashion,Sneakers,3,27862.66,,76065.06,67053.94,9011.12,Net Banking,No
ORD01183,1715,Michelle Mitchell,Male,41,Bangalore,2023/01/20,Home,Chair,2,25516.88,0.11,45420.05,32580.95,,Net Banking,No
ORD01184,1281,Michael Johnson,Male,30,Bangalore,01-10-2023,Beauty,Lipstick,5,41397.25,0.05,196636.94,128279.66,68357.28,Credit Card,No
ORD01185,1639,,Male,47,Hyderabad,02-09-2024,Home,Lamp,5,12242.29,0.19,49581.27,32564.92,,Cash on Delivery,No
ORD01186,1341,Elaine Kennedy,,37,Hyderabad,14-12-2023,Electronics,Tablet,5,45551.91,0.18,186762.83,158458.42,28304.41,UPI,No
ORD01187,1148,Eric Moore,Female,20,Kolkata,2023/08/24,Home,Chair,4,32834.14,,110322.71,69245.2,41077.51,UPI,No
ORD01188,1539,Anthony Gonzalez,Female,52,Delhi,30-09-2023,Home,Desk,4,35490.78,0.27,103633.08,86095.37,17537.71,Credit Card,Yes
ORD01189,1176,Mr. Aaron Davidson PhD,Female,27,Delhi,30-05-2023,Beauty,Lipstick,2,20890.81,0.05,39692.54,25298.32,14394.22,Debit Card,No
ORD01190,1483,Jenny Lewis,Female,39,Chennai,05-08-2023,Beauty,Face Wash,5,10964.72,0.22,42762.41,34375.49,8386.92,Debit Card,No
ORD01191,1008,Michelle Smith,Male,20,Chennai,29-04-2024,Electronics,Laptop,2,22123.88,0.18,36283.16,31861.22,4421.94,CASH ON DELIVERY,No
ORD01192,1280,James Daniels,Male,41,Chennai,11-03-2024,Fashion,Dress,3,31019.88,0.06,87476.06,61790.87,25685.19,Debit Card,No
ORD01193,1134,Trevor Smith,Female,24,Chennai,2024/11/30,Home,Lamp,1,8377.09,,8125.78,5956.61,2169.17,Cash on Delivery,Yes
ORD01194,1127,Heidi Thompson,Female,49,Kolkata,2024/06/24,Electronics,Headphones,1,39686.63,0.25,29764.97,19693.61,10071.36,UPI,Yes
ORD01195,1055,James Rogers,Male,22,Kolkata,30-07-2023,Fashion,T-Shirt,3,5640.3,0.28,12183.05,7768.43,4414.62,UPI,Yes
ORD01196,1474,Kelly Baker,,36,Pune,2023/10/08,Electronics,Headphones,3,31587.8,0.28,68229.65,44732.84,23496.81,Credit Card,Yes
ORD01197,1249,Marissa Cummings,Male,50,Kolkata,2024/06/19,Electronics,Tablet,5,34316.47,0.23,132118.41,84901.34,47217.07,UPI,No
ORD01198,1690,Beth Richards,Female,19,Kolkata,24-01-2024,Electronics,Headphones,5,6380.13,0.13,27753.57,21217.84,6535.73,Debit Card,No
ORD01199,1182,Amanda Adams,Male,36,Bangalore,17-11-2023,Beauty,Moisturizer,4,40419.62,0.21,127726.0,93359.21,34366.79,Credit Card,No
ORD01200,1409,Lindsay Short,Female,41,Chennai,16-03-2023,Fashion,T-Shirt,1,35129.92,0.12,30914.33,19836.58,11077.75,Credit Card,No
ORD01201,1103,Daniel Jackson,Male,25,Delhi,2024/04/26,Electronics,Smartwatch,5,27813.83,0.05,132115.69,82822.17,49293.52,Cash on Delivery,Yes
ORD01202,1179,Andrew Howard,Female,32,Delhi,2024/02/02,Fashion,Jeans,4,47158.58,0.07,175429.92,108710.35,66719.57,Debit Card,Yes
ORD01203,1551,Larry Macdonald,Male,52,Kolkata,06-05-2024,Fashion,T-Shirt,4,1114.31,0.17,3699.51,2617.27,1082.24,Debit Card,No
ORD01204,1336,Diane Robinson,Female,25,Chennai,07-09-2023,Electronics,Smartphone,5,12032.19,0.12,52941.64,45643.9,7297.74,Net Banking,Yes
ORD01205,1192,Gregory Hall,Female,26,Bangalore,23-03-2024,Fashion,Jeans,3,6028.8,0.19,14649.98,9439.41,5210.57,Net Banking,No
ORD01206,1285,Joanna Green DVM,Female,37,Pune,08-05-2023,Beauty,Face Wash,3,28734.15,0.04,82754.35,63489.16,19265.19,Debit Card,No
ORD01207,1425,Michael Peters,Female,35,mumbai,06-04-2023,Electronics,Smartwatch,1,29601.43,0.25,22201.07,16646.68,5554.39,Debit Card,No
ORD01208,1232,Melissa Neal,Male,18,Chennai,2023/07/12,Beauty,Perfume,5,2069.25,0.12,9104.7,6903.51,2201.19,Debit Card,No
ORD01209,1161,Christy Reyes,Female,42,Delhi,31-05-2023,Beauty,Face Wash,2,13465.36,0.23,20736.65,14574.89,6161.76,UPI,No
ORD01210,1632,Robert Myers,Female,54,Mumbai,09-06-2023,Electronics,Smartphone,4,31162.91,0.27,90995.7,68074.59,22921.11,Debit Card,No
ORD01211,1214,Judy Oneal,,40,Mumbai,2023/12/09,Home,Vacuum Cleaner,5,447.92,0.2,1791.68,1409.43,382.25,Cash on Delivery,Yes
ORD01212,1248,Brenda Thomas,,55,Delhi,22-05-2023,Beauty,Moisturizer,1,10239.16,0.05,9727.2,7163.33,2563.87,Debit Card,No
ORD01213,1176,,Male,43,Chennai,16-01-2023,Home,Mixer,1,35844.92,0.03,34769.57,23179.36,11590.21,Debit Card,No
ORD01214,1004,Alexandria Bird,Male,40,Bangalore,24-03-2023,Fashion,Jacket,4,3877.45,0.19,12562.94,8811.5,3751.44,UPI,No
ORD01215,1620,Ashley Martinez,Female,39,Delhi,30-10-2024,Home,Chair,4,23992.72,0.21,75817.0,57979.02,17837.98,UPI,No
ORD01216,1051,Raymond Porter,Male,54,Pune,05-05-2024,Electronics,Smartphone,3,14052.02,,29930.8,24792.28,5138.52,UPI,No
ORD01217,1198,Micheal Anthony,Male,27,bangalore,22-06-2024,Beauty,Moisturizer,3,10174.42,0.29,21671.51,14151.74,7519.77,Net Banking,No
ORD01218,1620,Angela Schmidt,Male,52,Chennai,05-02-2023,Fashion,Jeans,3,31971.21,0.07,89199.68,61561.57,27638.11,Net Banking,No
ORD01219,1710,Frederick Morgan,Female,42,Pune,2024/03/17, Home ,Lamp,3,26200.45,0.17,65239.12,47137.1,18102.02,UPI,No
ORD01220,1357,Danielle Jackson,Female,58,Bangalore,25-03-2023,Beauty,Moisturizer,4,3901.21,0.06,14668.55,12510.74,,Cash on Delivery,No
ORD01221,1217,Danny Stephenson,Female,36,Chennai,16-10-2024,Fashion,Jeans,4,32651.64,0.23,100567.05,71397.19,29169.86,Net Banking,Yes
ORD01222,1279,Alicia Nichols,Male,60,,28-02-2023,Fashion,Jacket,2,8350.38,0.26,12358.56,10257.86,2100.7,Debit Card,Yes
ORD01223,1076,Jennifer Hicks,Male,45,Chennai,23-07-2023,Electronics,Smartwatch,2,49741.03,0.07,92518.32,66475.87,26042.45,Credit Card,Yes
ORD01224,1380,Richard Duncan,Male,32,Hyderabad,19-01-2023,Fashion,Dress,2,41438.86,0.09,75418.73,62142.94,13275.79,Credit Card,No
ORD01225,1189,John Miller,Female,38,Mumbai,26-08-2023,Home,Mixer,2,8407.45,0.2,13451.92,9470.88,3981.04,UPI,No
ORD01226,1793,Taylor Mitchell,Male,26,hyderabad,29-10-2024,Beauty,Face Wash,3,25845.24,0.18,63579.29,52358.76,11220.53,Credit Card,No
ORD01227,1759,,Male,50,Mumbai,31-03-2023,Beauty,Shampoo,5,49498.76,0.26,183145.41,149704.83,33440.58,Credit Card,Yes
ORD01228,1250,Lisa Wiggins,Male,30,Pune,27-11-2024,Home,Vacuum Cleaner,3,19568.64,0.25,44029.44,30271.24,13758.2,Net Banking,No
ORD01229,1710,Matthew Barker,,21,Pune,04-01-2024,Electronics,Smartwatch,5,32900.23,0.22,128310.9,108652.49,19658.41,UPI,Yes
ORD01230,1762,Amanda Ortega,Female,24,Kolkata,2023/04/02,Fashion,Sneakers,3,1735.61,0.15,4425.81,3028.25,1397.56,Credit Card,Yes
ORD01231,1752,Joel Taylor,Male,35,Delhi,15-02-2023,Fashion,Jacket,2,46708.87,0.2,74734.19,54779.22,19954.97,Debit Card,No
ORD01232,1161,Nicholas Rogers,Female,27,Delhi,09-08-2024,Beauty,Perfume,1,2484.69,0.07,2310.76,1559.67,751.09,Debit Card,No
ORD01233,1341,Karen Harper,Female,44,Kolkata,22-11-2023,Beauty,Moisturizer,2,13422.26,0.23,20670.28,18262.69,,Cash on Delivery,No
ORD01234,1541,Christopher Brooks,Female,49,Kolkata,21-03-2023,Electronics,Tablet,1,28112.24,0.24,21365.3,16210.82,5154.48,Cash on Delivery,No
ORD01235,1000,David Mclean,Male,35,Bangalore,30-11-2023,Fashion,Dress,5,4345.24,0.13,18901.79,14290.48,4611.31,Net Banking,Yes
ORD01236,1278,Jonathan Stanley,Male,35,Mumbai,02-07-2023,Home,Chair,1,41010.43,0.29,29117.41,17503.71,11613.7,Cash on Delivery,Yes
ORD01237,1149,Ryan Christensen,Male,43,Pune,02-11-2024,Home,Lamp,1,32224.92,0.04,30935.92,25349.87,5586.05,UPI,Yes
ORD01238,1730,Cheryl White,Female,44,Mumbai,07-06-2023,Beauty,Moisturizer,4,27770.99,0.08,102197.24,65354.67,36842.57,Credit Card,No
ORD01239,1331,Cynthia Castaneda,Male,53,Hyderabad,06-02-2023,Beauty,Lipstick,5,273.53,0.27,998.38,687.68,310.7,Net Banking,No
ORD01240,1241,Cassandra Johnston,Female,57,Pune,16-04-2024,Fashion,Jacket,3,15726.09,0.08,43404.01,27621.45,15782.56,NET BANKING,No
ORD01241,1607,John Williams,Male,37,Pune,20-04-2023,Electronics,Headphones,1,6677.75,0.1,6009.98,5064.71,945.27,UPI,Yes
ORD01242,1227,Daniel Johnson,Male,22,Hyderabad,03-03-2024,Electronics,Tablet,5,20954.58,,98486.53,80089.36,18397.17,Net Banking,No
ORD01243,1299,Dennis Gross,,59,mumbai,23-07-2023,Home,Lamp,3,5575.06,0.05,15888.92,12695.94,3192.98,Debit Card,No
ORD01244,1769,Jaime Burgess,Female,57,Chennai,11-02-2024,Electronics,Tablet,2,11744.65,0.03,22784.62,14342.93,8441.69,Net Banking,No
ORD01245,1187,Brittany Rogers,Male,-5,Kolkata,13-08-2024,Fashion,Jeans,3,985.01,0.28,2127.62,1905.47,,Net Banking,No
ORD01246,1161,Jennifer Frank,Male,27,Kolkata,20-07-2024,Fashion,Jacket,3,18164.99,,52860.12,45913.57,6946.55,Net Banking,No
ORD01247,1310,James Medina,Female,48,Mumbai,2024/07/15,Beauty,Moisturizer,1,33843.02,0.17,28089.71,17861.2,10228.51,Net Banking,No
ORD01248,1673,Wayne Little,Male,29,mumbai,2023/04/27,Home,Mixer,2,13782.85,0.23,21225.59,15663.04,5562.55,Credit Card,No
ORD01249,1336,Christopher Price,Male,19,Kolkata,30-08-2023,Home,Vacuum Cleaner,5,15297.42,0.15,65014.04,55275.08,9738.96,Cash on Delivery,No
ORD01250,1232,Latoya Simpson,Female,19,Kolkata,25-06-2023,Electronics,Laptop,5,33622.79,0.24,127766.6,91594.79,,UPI,No
ORD01251,1296,Thomas Clark,Female,60,Hyderabad,06-06-2024,Beauty,Shampoo,4,16774.79,0.15,57034.29,47019.53,10014.76,Net Banking,No
ORD01252,1511,Amanda Weiss,Male,35,Bangalore,2023/02/18,Beauty,Shampoo,1,18385.29,0.01,18201.44,13354.7,4846.74,Net Banking,No
ORD01253,1506,David Oneill,Female,24,Kolkata,03-11-2024,Fashion,Sneakers,5,10850.81,0.18,44488.32,28475.81,16012.51,Credit Card,No
ORD01254,1773,Jonathan Chavez,Male,21,Chennai,2023/08/11, Electronics ,Smartphone,2,12370.47,0.16,20782.39,16529.01,4253.38,Credit Card,No
ORD01255,1345,Cynthia Barrett,Female,34,Delhi,17-03-2023,Fashion,Jeans,1,32139.89,0.25,24104.92,17617.09,6487.83,Credit Card,No
ORD01256,1143,Juan Sanchez,Male,29,Kolkata,2024/11/19,Fashion,Sneakers,5,27083.52,0.16,113750.78,99622.37,14128.41,Cash on Delivery,No
ORD01257,1145,Cynthia Owen,Male,39,Pune,03-12-2024,Beauty,Moisturizer,2,39952.31,0.21,63124.65,42603.51,20521.14,UPI,No
ORD01258,1154,Cheryl Hahn,Male,47,Pune,16-12-2023,Home,Chair,5,777.43,0.24,2954.23,2346.67,607.56,Cash on Delivery,No
ORD01259,1396,Teresa Armstrong,Male,34,Chennai,2023/02/25,Electronics,Smartphone,4,33638.39,0.23,103606.24,89827.7,13778.54,Cash on Delivery,No
ORD01260,1523,Jill Cooper,Male,57,Kolkata,08-04-2023,Electronics,Headphones,3,16686.3,0.29,35541.82,26033.21,9508.61,Debit Card,Yes
ORD01261,1601,Robert King,Female,41,Pune,29-03-2023,Fashion,Dress,3,36448.11,0.24,83101.69,55971.95,27129.74,CASH ON DELIVERY,No
ORD01262,1122,Anna Mccoy,Male,47,Mumbai,13-07-2024,Home,Lamp,5,27490.88,0.08,126458.05,108789.84,17668.21,Debit Card,No
ORD01263,1424,John Tate,Male,59,Chennai,2023/12/11,Beauty,Perfume,4,9534.03,0.21,30127.53,19515.32,10612.21,Net Banking,No
ORD01264,1571,Jonathan Estrada,Female,23,Pune,2024/01/04,Beauty,Perfume,3,44593.85,0.27,97660.53,79273.43,18387.1,Credit Card,No
ORD01265,1555,Michelle Williamson,Male,52,Delhi,05-12-2023,Fashion,T-Shirt,3,8369.7,0.1,22598.19,14340.23,8257.96,UPI,No
ORD01266,1713,Maria Daugherty,Female,57,Bangalore,2023/07/05,Electronics,Smartwatch,1,27911.37,0.25,20933.53,14907.78,6025.75,Cash on Delivery,No
ORD01267,1419,Danielle Bonilla,Female,28,Mumbai,04-07-2023,Beauty,Shampoo,1,14353.85,0.29,10191.23,8140.72,2050.51,Cash on Delivery,No
ORD01268,1154,Timothy Dixon,Male,36,,2023/01/25,Beauty,Lipstick,2,1134.06,0.2,1814.5,1341.64,472.86,UPI,No
ORD01269,1392,Lisa Dudley,Male,33,Chennai,07-10-2023,Beauty,Face Wash,3,38926.88,0.05,110941.61,71060.19,39881.42,Debit Card,Yes
ORD01270,1682,Danny Whitaker,Female,54,Hyderabad,25-06-2024,Electronics,Tablet,4,42635.32,0.05,162014.22,124749.33,37264.89,Credit Card,No
ORD01271,1348,,Female,25,Chennai,15-07-2024,Fashion,Jacket,2,37230.19,0.19,60312.91,49473.03,10839.88,Credit Card,No
ORD01272,1373,Lisa Williams,Female,43,hyderabad,23-08-2024,Home,Lamp,2,30186.04,0.29,42864.18,32800.21,10063.97,Debit Card,No
ORD01273,1004,David Williams,Male,20,bangalore,27-01-2023,Fashion,Sneakers,2,6061.56,,9577.26,6834.3,2742.96,UPI,No
ORD01274,1737,Barbara Ashley,Male,22,Pune,21-12-2023,Beauty,Lipstick,4,45221.88,0.2,144710.02,118928.69,25781.33,UPI,No
ORD01275,1663,Justin Walters,Female,23,Hyderabad,2023/08/05,Fashion,T-Shirt,4,47487.56,0.18,155759.2,117493.11,38266.09,UPI,No
ORD01276,1060,Jose Sweeney,Female,25,Hyderabad,2023/07/20,Home,Vacuum Cleaner,5,24011.64,0.28,86441.9,70466.83,15975.07,Net Banking,No
ORD01277,1385,Daniel Graham,Female,48,,2023/09/17,Beauty,Lipstick,3,34794.53,0.1,93945.23,81621.49,12323.74,Net Banking,No
ORD01278,1570,Matthew Cuevas,Male,25,Hyderabad,27-08-2024,Beauty,Shampoo,2,35630.42,0.14,61284.32,42243.86,19040.46,Net Banking,No
ORD01279,1405,Whitney Lee,,52,Chennai,07-03-2024,Beauty,Moisturizer,2,21807.03,0.18,35763.53,30620.97,5142.56,Credit Card,No
ORD01280,1619,Jennifer Brewer,Female,33,Kolkata,21-05-2023,Electronics,Smartwatch,1,28555.63,0.23,21987.84,13988.55,7999.29,Credit Card,No
ORD01281,1350,Christopher Roberts,Male,30,Mumbai,06-06-2024,Electronics,Smartphone,3,14071.85,0.2,33772.44,24681.76,9090.68,Cash on Delivery,Yes
ORD01282,1243,Edward White,Male,44,Mumbai,03-01-2024,Beauty,Face Wash,2,37011.73,0.24,56257.83,45362.98,10894.85,Credit Card,No
ORD01283,1154,,Male,42,Hyderabad,12-08-2024,Home,Chair,3,46048.23,0.29,98082.73,81716.6,16366.13,Debit Card,Yes
ORD01284,1104,Ashley Hill,Female,37,Delhi,19-03-2023,Home,Desk,3,25247.78,0.1,68169.01,43366.21,24802.8,Debit Card,No
ORD01285,1459,Mrs. Deborah Parker DDS,Female,57,Hyderabad,07-09-2024,Fashion,Jacket,3,31681.68,0.29,67481.98,54376.1,13105.88,UPI,No
ORD01286,1530,Thomas Mcintosh,Female,38,Delhi,08-06-2023,Home,Mixer,4,38760.49,0.23,119382.31,98693.18,20689.13,Net Banking,No
ORD01287,1361,Fred Williams,Male,23,Chennai,2023/09/26,Home,Lamp,5,4115.01,0.08,18929.05,14245.02,,Credit Card,No
ORD01288,1530,Megan Alexander,Male,34,Hyderabad,11-10-2024,Beauty,Moisturizer,3,18942.07,0.02,55689.69,37005.49,18684.2,Cash on Delivery,Yes
ORD01289,1236,William Smith,Male,34,Delhi,2024/05/11,Electronics,Headphones,4,30522.08,0.02,119646.55,82731.5,36915.05,Credit Card,No
ORD01290,1117,Mr. Michael Hudson,Female,28,Kolkata,28-11-2023,Beauty,Shampoo,5,38815.22,0.03,188253.82,123587.75,64666.07,Credit Card,No
ORD01291,1626,Angela Dorsey,Female,40,Mumbai,2023/10/02,Electronics,Smartphone,5,39820.06,0.23,153307.23,116569.24,36737.99,NET BANKING,No
ORD01292,1745,Thomas Church,Female,42,Pune,25-05-2024,Fashion,Jeans,1,40662.39,0.3,28463.67,18649.68,9813.99,UPI,No
ORD01293,1799,Antonio Long,Female,36,Kolkata,2024/08/03,Beauty,Lipstick,3,35622.65,0.05,101524.55,67700.38,33824.17,Credit Card,Yes
ORD01294,1600,,Female,30,Mumbai,05-09-2024,Fashion,Sneakers,1,48946.56,0.25,36709.92,31467.93,,Cash on Delivery,No
ORD01295,1664,Matthew Hall,Male,51,Hyderabad,09-03-2024,Beauty,Face Wash,2,49213.44,0.14,84647.12,54304.24,30342.88,UPI,No
ORD01296,1721,Greg James,Female,28,Kolkata,19-04-2023,Electronics,Smartwatch,4,49922.38,0.1,179720.57,113657.82,66062.75,Net Banking,No
ORD01297,1456,Kristin Downs,Male,24,kolkata,2023/04/20,Home,Vacuum Cleaner,2,1732.88,0.1,3119.18,2291.5,827.68,Credit Card,No
ORD01298,1795,Samantha Savage,Male,26,Bangalore,2023/10/06, Home ,Vacuum Cleaner,2,39373.63,0.12,69297.59,42166.04,27131.55,UPI,No
ORD01299,1369,Nathaniel Tucker Jr.,Male,33,Bangalore,15-08-2023,Home,Desk,4,42531.53,0.29,120789.55,105451.8,15337.75,Credit Card,No
ORD01300,1309,Kathleen Lewis,Female,22,Mumbai,02-01-2024,Electronics,Smartwatch,4,35246.77,0.29,100100.83,73429.04,26671.79,Cash on Delivery,No
ORD01301,1235,Christine Lewis,Female,23,Kolkata,08-10-2024,Electronics,Smartwatch,1,22246.06,0.11,19798.99,13773.81,6025.18,UPI,No
ORD01302,1125,Preston Hall,Female,33,Mumbai,09-10-2023,Electronics,Smartwatch,2,24900.53,0.2,39840.85,29487.08,10353.77,Debit Card,Yes
ORD01303,1495,Mrs. Megan Carlson,Female,20,Bangalore,18-08-2023,Electronics,Tablet,3,2812.08,,6158.46,4456.03,1702.43,DEBIT CARD,No
ORD01304,1270,Patrick Wang,Male,30,Delhi,17-03-2023,Home,Mixer,4,34928.67,0.02,136920.39,105575.52,31344.87,CASH ON DELIVERY,No
ORD01305,1190,Robert Flores,Female,35,Bangalore,2024/04/04,Beauty,Shampoo,4,31509.94,0.04,120998.17,99990.52,21007.65,Cash on Delivery,Yes
ORD01306,1384,John Campos,Male,31,Kolkata,28-05-2023,Fashion,Sneakers,2,3970.21,0.12,6987.57,4822.41,2165.16,NET BANKING,No
ORD01307,1583,Paula Davis,Male,53,Bangalore,23-06-2023,Beauty,Lipstick,2,46609.03,0.26,68981.36,49166.43,19814.93,UPI,No
ORD01308,1476,Daniel Vazquez,Female,51,Bangalore,29-09-2024,Electronics,Tablet,5,7469.37,0.15,31744.82,24770.68,6974.14,Cash on Delivery,Yes
ORD01309,1219,Ashley Avery,Female,27,Delhi,20-02-2023,Home,Chair,4,42706.75,0.06,160577.38,117380.19,43197.19,Cash on Delivery,No
ORD01310,1270,Kenneth Hawkins,Male,29,mumbai,09-07-2023,Electronics,Tablet,5,13964.81,0.17,57953.96,50712.46,7241.5,Debit Card,No
ORD01311,1352,Jeffrey Berger,Male,20,Hyderabad,18-03-2024,Home,Vacuum Cleaner,4,25556.02,0.04,98135.12,63233.13,34901.99,Cash on Delivery,No
ORD01312,1029,,Male,49,Hyderabad,2024/12/08,Fashion,Jeans,3,43282.14,0.28,93489.42,60391.95,33097.47,Cash on Delivery,No
ORD01313,1310,Erik Jenkins,Female,31,Kolkata,09-12-2023, Electronics ,Tablet,4,23493.13,0.07,87394.44,54643.98,32750.46,Credit Card,No
ORD01314,1719,John Kelley,Female,49,Delhi,13-12-2023,Electronics,Smartwatch,3,19459.83,0.19,47287.39,28952.21,18335.18,Credit Card,Yes
ORD01315,1256,Frederick Rush,Female,60,Chennai,2024/07/01,Beauty,Moisturizer,1,39847.11,0.08,36659.34,25079.6,11579.74,Cash on Delivery,No
ORD01316,1287,Holly Hernandez,Female,39,Kolkata,2024/12/21,Fashion,Jeans,3,10338.08,0.22,24191.11,18163.92,6027.19,UPI,Yes
ORD01317,1411,Matthew Henderson,Female,20,Bangalore,01-05-2023,Electronics,Tablet,4,23692.1,0.16,79605.46,61383.49,18221.97,Net Banking,No
ORD01318,1217,Shelly Case,Male,46,Hyderabad,13-04-2024,Fashion,Dress,4,15911.43,0.03,61736.35,51860.77,9875.58,Net Banking,No
ORD01319,1038,Danielle Gonzalez,Male,48,Bangalore,12-12-2024,Beauty,Perfume,1,37141.06,0.14,31941.31,23991.08,7950.23,UPI,Yes
ORD01320,1557,Sergio Molina,Male,51,Mumbai,29-10-2023,Beauty,Perfume,5,28174.47,0.01,139463.63,105646.54,33817.09,Cash on Delivery,No
ORD01321,1571,Laura Odonnell,Male,44,Delhi,09-04-2024,Home,Lamp,4,292.31,0.22,912.01,754.53,157.48,Debit Card,No
ORD01322,1187,Beth Fields,Male,29,Bangalore,2024/04/03,Home,Chair,5,3816.73,0.02,18701.98,11633.06,7068.92,Net Banking,No
ORD01323,1189,Ronald Thornton,Female,39,Delhi,22-07-2024,Home,Vacuum Cleaner,2,1129.23,0.03,2190.71,1590.49,,CREDIT CARD,No
ORD01324,1043,Justin Garcia,Female,34,Pune,09-01-2023,Fashion,Sneakers,4,9624.08,0.05,36571.5,24510.83,12060.67,UPI,Yes
ORD01325,1485,Jay Alvarez,Male,50,Bangalore,07-04-2024,Home,Mixer,3,34160.96,0.2,81986.3,63843.07,18143.23,Credit Card,No
ORD01326,1349,Wesley Mahoney,Male,45,Mumbai,20-05-2024,Beauty,Lipstick,2,1045.46,0.08,1923.65,1571.29,352.36,Net Banking,No
ORD01327,1486,Danielle Watson,Female,23,Kolkata,23-04-2024,Electronics,Laptop,5,12115.63,0.1,54520.33,46980.81,7539.52,Debit Card,Yes
ORD01328,1079,Juan Copeland,Female,29,Mumbai,2023/11/25,Home,Lamp,1,5949.12,0.07,5532.68,3863.19,1669.49,UPI,No
ORD01329,1140,Jessica Calderon,Male,53,Delhi,01-04-2024,Home,Desk,4,35748.31,0.08,131553.78,103838.74,27715.04,Cash on Delivery,No
ORD01330,1026,Michael Stokes,Male,56,Chennai,22-09-2023,Home,Desk,2,18922.56,0.11,33682.16,21540.37,12141.79,Credit Card,No
ORD01331,1550,Kirk Ellis,Female,27,hyderabad,2024/11/24,Home,Desk,2,35099.62,0.05,66689.28,40809.19,25880.09,CASH ON DELIVERY,No
ORD01332,1594,Daniel Woodard,Male,43,Delhi,11-10-2023,Fashion,Sneakers,5,35058.63,0.15,148999.18,130022.19,18976.99,Cash on Delivery,No
ORD01333,1345,Rachel Turner,Female,34,Pune,03-05-2024, Home ,Lamp,2,2102.81,0.08,3869.17,2659.41,1209.76,Debit Card,Yes
ORD01334,1122,Jennifer Hopkins,Female,33,pune,23-12-2023,Fashion,Jacket,5,37115.3,0.13,161451.55,134276.87,27174.68,UPI,Yes
ORD01335,1382,Henry Morton,Female,52,Pune,2024/08/06,Beauty,Perfume,2,36959.28,0.01,1463587.4,65560.54,,UPI,Yes
ORD01336,1608,Rebecca Wilson,Female,20,Hyderabad,26-09-2023,Electronics,Laptop,3,45276.92,0.08,124964.3,77127.4,47836.9,Debit Card,No
ORD01337,1222,David Grant,,23,Delhi,21-04-2024,Beauty,Moisturizer,2,38335.7,0.27,55970.12,41312.34,14657.78,Net Banking,No
ORD01338,1638,Samantha Vasquez,,57,Chennai,31-05-2024,Fashion,Jeans,1,12899.31,0.13,11222.4,8724.03,,Cash on Delivery,No
ORD01339,1460,Richard Perez,Female,58,Mumbai,15-02-2023,Fashion,Sneakers,5,3795.62,0.1,17080.29,13070.32,4009.97,Credit Card,Yes
ORD01340,1382,Jennifer Moyer,Male,32,Bangalore,03-07-2024,Home,Lamp,1,41861.62,0.05,39768.54,34537.51,5231.03,Credit Card,Yes
ORD01341,1744,Laura Wright,Female,24,Kolkata,22-11-2023,Fashion,Dress,2,9872.25,0.13,17177.72,12901.66,4276.06,Net Banking,No
ORD01342,1049,Kathryn Schwartz,Male,43,Mumbai,2024/03/13,Fashion,Jacket,1,795.33,0.04,763.52,503.84,259.68,Credit Card,No
ORD01343,1432,Joshua Woods,Male,45,Hyderabad,21-04-2023,Fashion,Jacket,4,1456.92,0.29,4137.65,2978.88,1158.77,Net Banking,No
ORD01344,1131,Joseph Salazar,Male,52,Delhi,20-02-2023,Home,Desk,2,18522.27,0.13,32228.75,21324.04,10904.71,Credit Card,No
ORD01345,1760,Charles Peterson,Male,41,Mumbai,22-10-2024,Electronics,Laptop,5,21069.08,0.21,83222.87,58218.32,25004.55,Net Banking,No
ORD01346,1591,Charles Mullins,Female,50,Kolkata,2023/04/11,Home,Desk,2,16748.72,0.04,32157.54,19301.92,12855.62,UPI,Yes
ORD01347,1116,Taylor Snow,Female,25,Delhi,02-02-2023,Home,Vacuum Cleaner,3,33776.19,0.01,100315.28,67217.69,33097.59,DEBIT CARD,No
ORD01348,1721,Thomas Smith,Male,42,Hyderabad,01-02-2023,Home,Mixer,1,17372.75,0.03,16851.57,10595.52,6256.05,Debit Card,No
ORD01349,1767,Vanessa Hull,Male,55,Mumbai,2023/09/06,Fashion,T-Shirt,5,5291.46,0.04,25399.01,22277.71,3121.3,Credit Card,No
ORD01350,1259,Michael Duran Jr.,Female,31,Hyderabad,2023/07/22,Home,Mixer,2,40660.01,0.23,62616.42,54095.93,8520.49,Cash on Delivery,No
ORD01351,1638,Christina Benson,Female,47,Kolkata,2024/01/14,Fashion,Sneakers,4,47910.24,0.04,183975.32,163226.55,20748.77,UPI,Yes
ORD01352,1296,Steven Palmer,Female,41,Mumbai,2024/09/09,Fashion,T-Shirt,2,5152.9,0.21,8141.58,6460.05,1681.53,Cash on Delivery,No
ORD01353,1794,Olivia Boyer,Male,20,Mumbai,2024/04/02,Fashion,Dress,5,29974.35,0.18,122894.84,79598.4,43296.44,Credit Card,No
ORD01354,1629,Joshua Norris,Male,59,Kolkata,28-02-2023,Electronics,Headphones,1,7611.48,0.28,5480.27,3881.08,1599.19,Debit Card,No
ORD01355,1733,Brenda Fox,,52,Kolkata,14-06-2024,Beauty,Lipstick,4,49244.11,0.3,137883.51,84758.95,53124.56,UPI,No
ORD01356,1030,April Morris,Female,37,chennai,2023/03/21,Beauty,Face Wash,2,18069.33,0.05,34331.73,30596.02,3735.71,UPI,No
ORD01357,1329,Alexander Hudson,,25,Kolkata,09-01-2023,Electronics,Laptop,1,28749.42,0.12,25299.49,15536.31,9763.18,Debit Card,Yes
ORD01358,1133,Alicia Bryant,Female,50,Pune,07-07-2023,Electronics,Smartwatch,3,11787.0,0.16,29703.24,23732.29,5970.95,Net Banking,Yes
ORD01359,1002,Michael Perry,,19,Kolkata,2023/12/18,Home,Desk,3,31140.02,,91551.66,69275.66,22276.0,Cash on Delivery,No
ORD01360,1647,Shawn Jennings,Male,25,Bangalore,03-03-2024,Fashion,Jacket,4,18318.36,0.12,64480.63,52801.69,,UPI,No
ORD01361,1423,Wesley Brewer,Male,20,Chennai,16-10-2024,Beauty,Moisturizer,5,613.1,0.05,2912.22,2185.66,726.56,Credit Card,No
ORD01362,1411,Anthony Schultz,Male,43,Bangalore,2023/02/25, Beauty ,Face Wash,3,44304.29,0.13,115634.2,92299.29,23334.91,Cash on Delivery,Yes
ORD01363,1442,Ryan Taylor,Male,40,Delhi,29-08-2023,Home,Chair,4,30085.99,,91461.41,60781.43,,Debit Card,Yes
ORD01364,1092,Diana Sanders,Male,22,Delhi,13-11-2023,Beauty,Moisturizer,2,39183.44,0.23,60342.5,44173.92,16168.58,Debit Card,No
ORD01365,1699,David Wood,Male,27,pune,12-09-2024,Beauty,Moisturizer,2,18811.91,0.06,35366.39,24916.77,10449.62,Credit Card,No
ORD01366,1738,Heidi Ayala,Female,36,,02-09-2024,Fashion,Sneakers,4,5526.45,0.16,18568.87,12259.19,6309.68,Net Banking,Yes
ORD01367,1580,Joshua Hernandez,,53,Mumbai,15-05-2023,Fashion,Sneakers,3,40467.5,0.07,112904.32,70636.62,42267.7,Cash on Delivery,No
ORD01368,1540,Melissa Cruz,Female,57,Mumbai,2024/03/23,Home,Desk,3,37625.3,0.04,108360.86,74828.86,33532.0,Cash on Delivery,No
ORD01369,1234,Walter Wright,Male,25,Delhi,2024/04/19,Fashion,Jacket,3,38780.6,0.25,87256.35,70467.64,16788.71,NET BANKING,No
ORD01370,1584,John Bird,Male,42,Chennai,05-01-2023,Home,Chair,5,42241.3,0.13,183749.65,156631.11,27118.54,Net Banking,No
ORD01371,1799,,Female,30,Mumbai,03-06-2023,Beauty,Perfume,2,46861.9,0.25,70292.85,58211.35,12081.5,Credit Card,No
ORD01372,1028,Erica Walton,Male,47,Mumbai,02-03-2023,Electronics,Headphones,5,42213.28,0.14,181517.1,125189.54,56327.56,Credit Card,No
ORD01373,1445,Jessica Romero,Female,27,,2023/08/29,Home,Lamp,5,20087.12,0.03,97422.53,86317.11,11105.42,Cash on Delivery,No
ORD01374,1108,Shannon Brown,Male,40,kolkata,30-11-2024,Home,Vacuum Cleaner,4,8078.06,0.28,23264.81,16714.89,6549.92,Net Banking,No
ORD01375,1025,Michael Jones,Male,57,Bangalore,02-10-2024, Home ,Mixer,1,12882.9,0.11,11465.78,7284.66,4181.12,Debit Card,No
ORD01376,1710,Deanna Stanley,Male,48,Hyderabad,02-09-2024,Electronics,Smartwatch,5,49823.48,0.24,189329.22,124962.5,64366.72,Cash on Delivery,No
ORD01377,1157,Annette Waters,Female,59,Kolkata,2023/02/19,Beauty,Lipstick,1,3069.12,0.13,2670.13,2138.75,531.38,Credit Card,No
ORD01378,1584,Kayla Wells,Female,49,Delhi,2024/04/05,Beauty,Face Wash,4,11517.26,,35933.85,23501.36,12432.49,Debit Card,No
ORD01379,1350,Jerry Cain,Male,33,Hyderabad,2024/09/03,Fashion,Sneakers,1,34821.53,0.3,24375.07,18766.87,5608.2,Debit Card,Yes
ORD01380,1598,Brandon Garza,Female,60,kolkata,15-05-2023,Electronics,Headphones,1,12508.61,0.03,12133.35,10287.05,1846.3,NET BANKING,Yes
ORD01381,1649,,Male,60,hyderabad,10-07-2023,Electronics,Smartwatch,5,42150.38,0.01,208644.38,184259.47,24384.91,Credit Card,No
ORD01382,1697,Michael Woodward,Female,42,Mumbai,09-02-2024,Beauty,Moisturizer,2,48120.55,0.09,87579.4,53678.36,33901.04,CREDIT CARD,No
ORD01383,1399,Jonathan Thompson,Male,28,Mumbai,01-09-2024,Electronics,Laptop,4,18285.68,0.2,58514.18,46934.06,11580.12,CASH ON DELIVERY,No
ORD01384,1119,Jody Wilson,Female,31,Hyderabad,19-04-2023,Home,Desk,1,18737.58,0.05,17800.7,14711.75,3088.95,Credit Card,Yes
ORD01385,1235,Michael Hart,Male,18,Pune,01-01-2024,Electronics,Smartphone,4,22391.27,0.16,75234.67,62231.59,13003.08,Debit Card,Yes
ORD01386,1792,Lindsey Dawson,Female,32,Bangalore,2023/01/13,Beauty,Shampoo,4,6704.91,0.02,26283.25,19888.12,6395.13,Cash on Delivery,No
ORD01387,1641,Brianna Johnson,Female,60,Hyderabad,27-05-2023,Electronics,Tablet,1,29033.31,0.28,20903.98,18614.31,2289.67,Net Banking,No
ORD01388,1570,Daniel Cameron,Female,52,Chennai,23-05-2023,Beauty,Shampoo,2,21292.41,0.19,34493.7,29574.54,4919.16,Debit Card,No
ORD01389,1061,Benjamin Lopez,,24,,2024/06/16,Fashion,Dress,1,30294.43,0.02,29688.54,19018.69,10669.85,UPI,No
ORD01390,1280,Jason Quinn,Female,22,Kolkata,2023/06/22,Home,Lamp,5,21760.74,0.13,94659.22,71389.98,23269.24,Net Banking,No
ORD01391,1467,Autumn Hartman,Female,49,Kolkata,11-02-2024,Home,Vacuum Cleaner,3,16188.47,0.29,34481.44,25154.41,9327.03,Net Banking,No
ORD01392,1353,Thomas Wilkins,Female,34,Hyderabad,2023/07/07,Beauty,Perfume,3,17670.98,0.24,40289.83,28126.51,12163.32,Cash on Delivery,Yes
ORD01393,1799,Anthony Bender,Male,52,Delhi,23-10-2024,Fashion,Jeans,5,11243.38,0.25,42162.67,35296.63,6866.04,UPI,No
ORD01394,1241,Christopher Williamson,Male,57,Mumbai,27-04-2024,Electronics,Smartphone,5,1483.58,0.19,6008.5,3999.19,2009.31,CASH ON DELIVERY,No
ORD01395,1757,Megan Ayers,Male,41,Hyderabad,10-02-2024,Electronics,Smartwatch,3,15106.54,0.01,44866.42,39121.04,5745.38,UPI,No
ORD01396,1355,Dr. Jennifer Griffin,Female,31,Hyderabad,2024/05/30,Beauty,Shampoo,4,27091.83,0.15,92112.22,56544.55,35567.67,UPI,No
ORD01397,1641,Charles White,Male,26,,04-10-2024,Beauty,Lipstick,5,29989.74,0.23,115460.5,84435.94,31024.56,NET BANKING,No
ORD01398,1151,Kelly Lopez,Male,48,Hyderabad,2024/06/09,Beauty,Lipstick,3,35402.66,0.2,84966.38,70050.11,14916.27,Debit Card,No
ORD01399,1573,Timothy Pena,Female,46,Mumbai,01-08-2023,Fashion,Jeans,1,1586.65,0.07,1475.58,1260.41,,CREDIT CARD,No
ORD01400,1018,Matthew Garcia,Male,19,Mumbai,30-04-2024,Electronics,Smartwatch,4,10848.45,0.14,37318.67,27268.1,10050.57,Credit Card,No
ORD01401,1071,Jeffrey Bennett,Female,47,Kolkata,30-03-2024,Electronics,Smartphone,1,18592.45,0.02,18220.6,14067.0,4153.6,CREDIT CARD,No
ORD01402,1194,,Male,46,Kolkata,2023/12/02,Beauty,Perfume,3,35647.82,0.19,86624.2,53324.36,33299.84,Debit Card,Yes
ORD01403,1215,Rachel Callahan,Female,26,Hyderabad,31-12-2023,Electronics,Smartwatch,4,5593.46,0.1,20136.46,13602.28,6534.18,Debit Card,No
ORD01404,1718,Corey Cherry,Male,40,Hyderabad,2024/02/27,Fashion,Jacket,3,22185.25,0.15,56572.39,38986.6,17585.79,Credit Card,Yes
ORD01405,1518,Allison Gonzalez,Male,24,Hyderabad,31-10-2024,Electronics,Headphones,4,34420.12,0.03,133550.07,94398.61,39151.46,Net Banking,No
ORD01406,1651,,Female,32,Mumbai,08-08-2024,Home,Desk,1,3533.36,0.04,3392.03,2066.05,1325.98,Credit Card,No
ORD01407,1617,Sharon Scott,Male,56,Pune,15-09-2023,Electronics,Tablet,3,4722.37,0.03,13742.1,11105.88,2636.22,Debit Card,Yes
ORD01408,1222,Alice Thomas,Male,31,Chennai,2023/06/03,Electronics,Laptop,3,42369.25,0.27,92788.66,60318.3,32470.36,UPI,No
ORD01409,1727,Eric Wright,Female,32,Kolkata,23-04-2023,Home,Mixer,1,44435.78,0.17,36881.7,27994.65,8887.05,Cash on Delivery,No
ORD01410,1725,,Male,38,Bangalore,17-11-2023,Beauty,Moisturizer,2,37514.26,0.05,71277.09,46142.74,,Net Banking,Yes
ORD01411,1372,Jordan Brooks,,31,Bangalore,05-12-2024, Beauty ,Lipstick,4,18382.31,0.12,64705.73,46450.45,18255.28,Debit Card,No
ORD01412,1305,Mary Page,Female,51,Hyderabad,20-09-2024,Beauty,Face Wash,1,21074.83,0.13,18335.1,12023.62,6311.48,Debit Card,No
ORD01413,1343,Jeremiah Howell,Male,18,Chennai,31-12-2024,Beauty,Lipstick,5,48727.33,0.23,187600.22,165638.46,21961.76,Credit Card,No
ORD01414,1184,Scott Waters,Female,45,Hyderabad,20-10-2023,Home,Chair,4,26698.69,0.04,102522.97,91652.97,,Debit Card,No
ORD01415,1132,Amanda Holmes,Male,34,Delhi,06-08-2024, Fashion ,Sneakers,5,11164.08,0.16,46889.14,36759.64,10129.5,Cash on Delivery,No
ORD01416,1380,Ashley Hodges,Female,50,Mumbai,24-05-2023,Electronics,Laptop,2,28788.58,0.2,46061.73,29839.21,16222.52,Credit Card,No
ORD01417,1125,Nathan Day,Female,29,Bangalore,2024/04/14,Home,Mixer,5,25637.27,0.26,94857.9,81543.25,13314.65,Credit Card,No
ORD01418,1691,,,38,mumbai,2024/12/03,Home,Lamp,1,41538.01,0.03,40291.87,31340.39,8951.48,Net Banking,Yes
ORD01419,1643,,Male,26,Chennai,2023/12/26,Home,Desk,5,9727.18,0.22,37936.0,31918.65,6017.35,Net Banking,No
ORD01420,1321,Angela Thompson,,51,delhi,2023/11/06,Beauty,Shampoo,3,8159.76,0.09,22276.14,14820.57,7455.57,Debit Card,Yes
ORD01421,1047,Peter Herrera,Male,40,hyderabad,2024/03/15,Electronics,Headphones,3,22209.13,0.21,52635.64,40867.35,11768.29,UPI,Yes
ORD01422,1629,John Johnson,Female,25,Mumbai,07-01-2024,Beauty,Moisturizer,3,45844.0,0.07,127904.76,89465.41,38439.35,Credit Card,Yes
ORD01423,1484,Bridget Norris,Female,49,Hyderabad,09-01-2023,Beauty,Lipstick,3,37194.95,0.29,79225.24,70025.67,9199.57,UPI,No
ORD01424,1138,Alexis Davenport,Male,22,Pune,05-02-2023,Beauty,Perfume,3,46753.31,0.21,110805.34,77964.1,32841.24,CREDIT CARD,No
ORD01425,1336,Danielle Chang,,60,pune,2023/01/06,Fashion,Sneakers,4,48365.18,0.24,147030.15,104551.84,42478.31,UPI,Yes
ORD01426,1675,James Martinez,Female,59,Bangalore,2024/04/02,Electronics,Smartphone,4,23866.31,,73508.23,62580.0,10928.23,UPI,Yes
ORD01427,1653,Christina Hawkins,Male,54,Hyderabad,28-03-2023,Electronics,Laptop,5,21194.87,0.25,79480.76,66199.82,13280.94,Cash on Delivery,No
ORD01428,1648,Kelly Walls,Male,40,,29-06-2023,Home,Chair,4,9145.18,0.28,26338.12,16155.42,10182.7,Cash on Delivery,No
ORD01429,1753,Kelly Mcdonald,Male,41,Bangalore,13-08-2024,Beauty,Moisturizer,1,10609.85,0.2,8487.88,6781.84,1706.04,CASH ON DELIVERY,No
ORD01430,1320,Kelly Smith,Male,41,Hyderabad,22-05-2023,Home,Desk,4,41691.2,0.07,155091.26,109982.86,45108.4,Debit Card,No
ORD01431,1323,Robert Edwards,Female,47,Kolkata,11-06-2024,Home,Chair,1,39219.86,0.13,34121.28,30217.41,3903.87,Net Banking,No
ORD01432,1575,Susan Green,Female,28,Pune,2023/03/15,Home,Mixer,5,48602.89,0.19,196841.7,124022.87,72818.83,UPI,No
ORD01433,1362,Ashley Pittman,Female,21,Mumbai,2023/04/04,Home,Vacuum Cleaner,5,40307.0,0.1,181381.5,118393.97,62987.53,Debit Card,No
ORD01434,1629,,Female,46,Bangalore,22-05-2023,Beauty,Shampoo,5,9256.03,0.26,34247.31,22740.02,11507.29,Cash on Delivery,No
ORD01435,1797,Bryan Green,Male,52,Pune,16-10-2024,Home,Vacuum Cleaner,1,24060.48,0.02,23579.27,20185.63,3393.64,Debit Card,Yes
ORD01436,1658,Samuel Chavez,Male,26,Delhi,28-06-2023,Beauty,Face Wash,5,10321.49,0.27,37673.44,33746.69,3926.75,Net Banking,No
ORD01437,1603,Tiffany Lewis,Male,55,Pune,03-08-2024,Home,Chair,3,48603.68,0.09,132688.05,116326.99,16361.06,Cash on Delivery,No
ORD01438,1667,Mr. Brian Oconnor,Female,34,bangalore,13-10-2023,Electronics,Laptop,1,31842.95,0.17,26429.65,22257.57,4172.08,UPI,No
ORD01439,1277,Paul Hoover,Male,26,Chennai,18-06-2024,Electronics,Smartwatch,2,19745.8,0.11,35147.52,26632.12,8515.4,Credit Card,Yes
ORD01440,1781,Alexandra Duncan,Female,52,Bangalore,14-03-2023,Beauty,Moisturizer,4,21640.0,0.13,75307.2,67428.27,7878.93,Net Banking,No
ORD01441,1333,Michael Morris,Female,34,Hyderabad,13-01-2023,Electronics,Headphones,3,44708.92,0.1,120714.08,84360.74,36353.34,UPI,No
ORD01442,1649,Mark Wyatt,Female,43,Delhi,24-10-2023,Fashion,Jacket,1,10131.44,0.2,8105.15,6943.72,1161.43,Cash on Delivery,No
ORD01443,1208,Pamela Li,Female,39,Mumbai,2024/07/29,Electronics,Tablet,5,7909.65,0.13,34406.98,26709.7,7697.28,UPI,Yes
ORD01444,1277,Philip Thompson,Male,18,Pune,24-07-2023,Beauty,Shampoo,4,25342.87,0.06,95289.19,81495.69,13793.5,Credit Card,Yes
ORD01445,1186,,Male,39,Hyderabad,2023/02/28,Beauty,Face Wash,1,25472.79,0.29,18085.68,16211.41,1874.27,Credit Card,No
ORD01446,1273,James Peters,Male,29,,23-02-2024,Fashion,Jeans,1,25936.7,0.04,24899.23,17426.19,7473.04,CREDIT CARD,No
ORD01447,1638,Christopher Hebert,Female,26,Mumbai,2024/07/02,Beauty,Moisturizer,5,44795.46,0.12,197100.02,123865.96,73234.06,Cash on Delivery,Yes
ORD01448,1784,Christopher Williams,Male,53,,17-11-2023,Electronics,Headphones,4,36234.74,0.13,126096.9,103559.38,22537.52,Debit Card,No
ORD01449,1799,Jamie Ross,,60,delhi,27-11-2024,Electronics,Laptop,2,32116.85,0.03,62306.69,41642.0,20664.69,Cash on Delivery,Yes
ORD01450,1781,Cynthia White,Male,56,Hyderabad,13-09-2023,Beauty,Perfume,1,2628.35,0.29,1866.13,1558.95,307.18,Debit Card,No
ORD01451,1265,Gary Hill,Female,26,Kolkata,12-11-2024,Fashion,Dress,2,41463.73,0.13,72146.89,51771.96,20374.93,Credit Card,Yes
ORD01452,1009,Cheryl Rivera,Female,30,Pune,03-04-2024,Electronics,Tablet,5,5644.44,0.0,28222.2,21490.22,6731.98,Net Banking,No
ORD01453,1091,Lisa Thomas,Female,21,Chennai,2024/12/20,Home,Chair,5,37851.21,0.2,151404.84,110939.18,40465.66,Debit Card,Yes
ORD01454,1280,Evan Gomez II,Female,47,chennai,22-08-2023,Beauty,Perfume,3,8432.74,0.01,25045.24,18408.15,6637.09,Debit Card,No
ORD01455,1702,Stephanie Mendez,Male,52,Kolkata,18-11-2023,Electronics,Laptop,2,8010.33,0.04,15379.83,10507.65,4872.18,Credit Card,Yes
ORD01456,1264,Christy Rice,Male,39,Kolkata,28-05-2023,Home,Chair,3,7520.69,0.01,22336.45,14455.95,7880.5,Credit Card,No
ORD01457,1199,Sara Montoya,Female,39,bangalore,2023/01/29,Fashion,T-Shirt,3,4948.06,0.24,11281.58,7459.53,3822.05,Cash on Delivery,Yes
ORD01458,1502,Mary Scott,Male,31,Hyderabad,2024/05/19,Beauty,Face Wash,1,5489.19,,4007.11,2702.07,1305.04,Credit Card,No
ORD01459,1397,Marc Mitchell,Male,60,Kolkata,2024/09/07,Electronics,Smartphone,4,26652.66,,84222.41,73963.65,,Credit Card,No
ORD01460,1152,Amanda Sanchez,Male,60,Pune,2023/08/04,Fashion,T-Shirt,2,38250.67,0.25,57376.0,48012.04,9363.96,Debit Card,No
ORD01461,1278,James Lane,Male,42,Mumbai,2024/07/14,Fashion,Jeans,4,48339.19,0.16,162419.68,114103.56,48316.12,CASH ON DELIVERY,No
ORD01462,1518,Amanda Thompson,Male,44,Pune,12-04-2024,Fashion,Dress,5,19128.21,0.16,80338.48,58361.2,21977.28,Cash on Delivery,No
ORD01463,1252,Renee Higgins,Female,55,Hyderabad,19-02-2024,Electronics,Smartwatch,1,21683.46,0.11,19298.28,12194.61,7103.67,Cash on Delivery,Yes
ORD01464,1637,Andrea Riley,Male,32,delhi,2024/12/04,Home,Lamp,5,45557.35,0.0,227786.75,183158.38,44628.37,UPI,No
ORD01465,1576,Scott Cardenas,Female,23,Delhi,03-11-2023,Fashion,Dress,4,41865.78,0.08,154066.07,109380.23,44685.84,Credit Card,No
ORD01466,1565,Ashley Cole,Male,22,Bangalore,2024/09/06,Home,Lamp,1,32827.5,0.03,31842.67,24207.62,7635.05,Net Banking,No
ORD01467,1252,James Beltran,Female,20,,10-06-2023,Home,Mixer,4,9598.52,,36090.44,32020.19,4070.25,Credit Card,Yes
ORD01468,1265,Troy Franco,Male,42,Mumbai,29-03-2024,Fashion,Dress,2,9347.8,0.0,18695.6,13033.98,5661.62,Debit Card,No
ORD01469,1169,Alexis Ford,Female,45,Delhi,25-08-2023,Electronics,Headphones,4,16914.55,0.27,49390.49,33352.94,16037.55,Cash on Delivery,Yes
ORD01470,1596,Anthony Lawson,Female,54,Hyderabad,02-03-2023,Beauty,Perfume,4,29805.02,0.19,96568.26,66382.07,30186.19,Debit Card,No
ORD01471,1399,Melissa Fischer,Female,59,Delhi,21-07-2023,Electronics,Laptop,2,48814.9,0.28,70293.46,53471.99,16821.47,Credit Card,Yes
ORD01472,1351,Marie Herrera,Male,18,Chennai,14-05-2024,Electronics,Laptop,3,39465.49,0.27,86429.42,53209.01,33220.41,Debit Card,Yes
ORD01473,1414,Willie Johnson,Female,59,Mumbai,15-09-2023,Beauty,Moisturizer,2,49601.79,0.02,97219.51,64152.9,33066.61,UPI,No
ORD01474,1174,Lisa Gross,,41,Mumbai,22-08-2023,Fashion,Sneakers,1,47709.87,0.17,39599.19,27299.71,12299.48,Cash on Delivery,No
ORD01475,1338,Yvette Jordan,Male,20,Bangalore,13-10-2023,Beauty,Lipstick,5,21573.81,0.22,84137.86,58553.65,,Cash on Delivery,No
ORD01476,1038,Thomas Roy,Male,42,,02-10-2023,Electronics,Smartwatch,1,28195.72,0.15,23966.36,14942.69,9023.67,Debit Card,No
ORD01477,1049,Jane Rice,Male,40,Chennai,01-11-2023,Fashion,T-Shirt,5,33352.33,0.25,125071.24,95677.06,29394.18,Net Banking,No
ORD01478,1420,Katherine Pearson,Female,56,Pune,15-05-2024,Home,Lamp,4,46970.78,0.28,135275.85,87286.15,47989.7,Debit Card,Yes
ORD01479,1617,Denise Miller,Female,21,Pune,24-01-2023,Home,Vacuum Cleaner,3,28985.22,0.28,62608.08,43110.6,19497.48,Net Banking,No
ORD01480,1613,Joshua Edwards,Male,38,Pune,28-04-2023,Home,Vacuum Cleaner,1,1500.09,0.16,1260.08,1000.32,259.76,CREDIT CARD,No
ORD01481,1230,James Hunt,Male,19,Hyderabad,2024/02/17,Fashion,T-Shirt,3,46877.13,0.16,118130.37,100755.08,17375.29,Credit Card,No
ORD01482,1134,Christopher Rodriguez,Female,22,Chennai,01-09-2024,Fashion,Jeans,5,25862.43,0.28,93104.75,69152.58,23952.17,Credit Card,Yes
ORD01483,1203,Anthony Leonard,Female,39,Pune,10-02-2023,Beauty,Perfume,5,2712.53,0.14,11663.88,8738.57,2925.31,UPI,No
ORD01484,1101,Andrew Brown,Male,32,,2023/12/04,Electronics,Laptop,4,35603.45,0.14,122475.87,105347.21,17128.66,Credit Card,No
ORD01485,1360,Diamond Anderson,Female,59,Delhi,28-10-2023,Beauty,Lipstick,4,40259.74,0.06,151376.62,111372.55,40004.07,Credit Card,No
ORD01486,1117,John Cochran,Female,22,Chennai,2024/01/10,Home,Mixer,4,40728.46,0.15,138476.76,88805.19,49671.57,Debit Card,Yes
ORD01487,1723,,Female,48,Mumbai,27-03-2023,Beauty,Face Wash,3,37630.16,0.26,83538.96,74794.93,8744.03,Cash on Delivery,Yes
ORD01488,1260,Victor Baxter,Male,33,,30-11-2024,Electronics,Tablet,4,7593.09,0.09,27638.85,17588.32,10050.53,Cash on Delivery,Yes
ORD01489,1122,Donald Nichols,Male,25,Bangalore,2023/11/04,Fashion,Jeans,4,751.58,,2705.69,1724.86,980.83,Net Banking,Yes
ORD01490,1539,Sandra Nguyen,Female,35,Mumbai,25-01-2023,Fashion,Dress,4,34516.04,0.13,120115.82,106352.37,13763.45,UPI,Yes
ORD01491,1646,Tiffany Mcpherson,Female,39,Pune,2023/04/15,Electronics,Headphones,3,15427.43,0.27,33786.07,28316.25,5469.82,Credit Card,No
ORD01492,1674,Michael Christian,Male,20,Delhi,2023/04/19,Beauty,Shampoo,2,18880.2,0.04,36249.98,30716.05,5533.93,Debit Card,No
ORD01493,1004,Mr. Kevin Summers,Female,35,Hyderabad,2024/05/09,Home,Lamp,5,2583.93,0.27,9431.34,6671.96,2759.38,UPI,No
ORD01494,1271,Rebecca Ramos,,34,,24-08-2024,Beauty,Shampoo,1,8141.15,0.01,161194.8,5100.93,2958.81,CASH ON DELIVERY,No
ORD01495,1529,Daniel Gordon,Male,30,Hyderabad,2023/04/11,Fashion,Dress,5,24939.57,0.06,117215.98,79686.6,37529.38,Net Banking,No
ORD01496,1179,Gregory Smith,Female,35,Chennai,26-04-2023,Fashion,Dress,1,23367.88,0.07,21732.13,15130.86,6601.27,Net Banking,No
ORD01497,1722,Matthew Lee,Female,37,Bangalore,22-03-2023,Home,Lamp,1,22999.32,0.22,17939.47,12480.53,5458.94,Net Banking,No
ORD01498,1777,Gerald Anderson,Female,32,Hyderabad,22-07-2024,Electronics,Tablet,5,35526.48,0.15,150987.54,119072.51,31915.03,Debit Card,No
ORD01499,1507,Sherry Orr,Female,56,kolkata,18-04-2023,Beauty,Face Wash,4,15879.72,0.27,46368.78,40487.39,5881.39,Cash on Delivery,Yes
ORD01500,1139,Brandi Schultz,Female,33,kolkata,03-08-2023,Beauty,Lipstick,1,19711.19,0.22,15374.73,10959.07,,Cash on Delivery,No
ORD01501,1300,,Female,56,Delhi,2023/07/25,Electronics,Laptop,5,1135.77,0.19,4599.87,3365.27,1234.6,CREDIT CARD,No
ORD01502,1566,Melinda Jones,Female,34,Kolkata,01-08-2024,Fashion,T-Shirt,3,16855.72,0.15,42982.09,31925.72,11056.37,Debit Card,No
ORD01503,1047,Kelly Davies,Male,54,Mumbai,26-10-2024,Electronics,Smartphone,2,39323.33,0.19,63703.79,42312.84,,Cash on Delivery,Yes
ORD01504,1076,Matthew Chang,Female,31,Kolkata,05-08-2023,Home,Chair,5,12908.48,0.04,61960.7,41658.52,20302.18,Debit Card,No
ORD01505,1189,Shannon Brown,Male,32,Chennai,2024/11/15,Home,Desk,3,45086.67,0.06,127144.41,100288.51,26855.9,Credit Card,No
ORD01506,1059,Ryan Baker,Female,58,Pune,07-11-2024,Home,Mixer,4,43732.78,,150440.76,99527.0,50913.76,Net Banking,Yes
ORD01507,1215,Nathan Young,Male,28,Bangalore,31-03-2023,Home,Mixer,5,35123.99,0.12,154545.56,111209.96,43335.6,UPI,No
ORD01508,1549,Cynthia Mejia,Male,24,Chennai,22-08-2024,Home,Desk,3,1023.85,0.14,2641.53,1975.25,666.28,UPI,No
ORD01509,1701,Thomas Mckinney,,21,chennai,09-08-2024,Home,Vacuum Cleaner,1,42380.52,0.27,30937.78,27139.6,,Debit Card,No
ORD01510,1701,Karl Gibson,Female,24,Pune,05-05-2024,Home,Lamp,5,41400.97,0.29,146973.44,119547.91,27425.53,Credit Card,No
ORD01511,1401,Terrence Rodriguez,Female,36,Pune,12-11-2024,Beauty,Moisturizer,2,3689.57,0.2,5903.31,4196.86,1706.45,Net Banking,No
ORD01512,1226,Christopher West,Male,33,Delhi,14-08-2024,Beauty,Face Wash,1,40890.62,0.01,40481.71,34879.37,5602.34,Cash on Delivery,Yes
ORD01513,1636,James Webb,Male,33,Pune,2023/11/20,Beauty,Moisturizer,4,6270.14,0.04,24077.34,15547.66,8529.68,Cash on Delivery,No
ORD01514,1682,Chad Lewis,Female,24,nan,2024/05/25,Electronics,Headphones,4,29011.85,0.07,107924.08,68242.05,39682.03,UPI,No
ORD01515,1454,Joseph Taylor,Male,40,Hyderabad,01-11-2023,Fashion,Jeans,1,25713.95,,23399.69,14309.32,9090.37,UPI,No
ORD01516,1098,Tiffany Green,Male,22,Pune,2024/10/25,Beauty,Face Wash,1,27905.72,0.22,21766.46,13375.4,8391.06,UPI,No
ORD01517,1635,Mr. Brian Perez,Female,31,Pune,05-03-2024,Fashion,Jeans,3,11497.16,0.12,30352.5,18979.34,11373.16,Credit Card,Yes
ORD01518,1121,Kathy Beard,Female,51,Hyderabad,03-10-2023,Fashion,Jacket,5,36218.97,0.23,139443.03,88762.2,50680.83,Cash on Delivery,No
ORD01519,1622,Vincent Taylor,Male,29,Bangalore,2023/03/10, Home ,Vacuum Cleaner,2,36340.61,,70500.78,48078.33,22422.45,Credit Card,No
ORD01520,1002,Ryan Harris,Female,54,pune,15-07-2024,Electronics,Smartwatch,3,20066.0,0.07,55984.14,35087.29,20896.85,UPI,No
ORD01521,1160,Renee Rose,Female,60,delhi,28-08-2023,Fashion,T-Shirt,1,41365.95,0.25,31024.46,22822.39,8202.07,Net Banking,No
ORD01522,1435,Wendy Lyons,Female,41,Kolkata,2023/12/27,Home,Mixer,1,13453.44,0.19,10897.29,8931.88,1965.41,Debit Card,No
ORD01523,1690,Jean Jacobson,Male,44,Delhi,23-06-2024,Electronics,Headphones,3,30361.59,0.24,69224.43,53921.12,15303.31,CREDIT CARD,Yes
ORD01524,1294,Kelly Macias,Female,28,Bangalore,18-04-2024,Home,Mixer,4,6323.01,0.1,22762.84,17887.23,4875.61,Debit Card,No
ORD01525,1690,Nancy Alexander,Male,57,bangalore,12-05-2023,Home,Desk,4,233.89,0.2,748.45,543.88,204.57,UPI,Yes
ORD01526,1676,,Female,53,Hyderabad,24-11-2023,Home,Chair,4,22778.82,0.03,88381.82,59004.55,29377.27,Cash on Delivery,Yes
ORD01527,1460,Carlos Morales,,44,Delhi,2023/01/11,Beauty,Face Wash,3,43922.3,0.01,130449.23,95832.56,34616.67,Cash on Delivery,No
ORD01528,1453,Savannah Fisher,Male,24,Hyderabad,17-03-2024,Home,Desk,5,7877.79,0.27,28753.93,25107.91,3646.02,Debit Card,No
ORD01529,1776,Jonathan Thomas,Female,28,kolkata,21-12-2024,Beauty,Shampoo,1,37233.91,0.24,28297.77,23739.4,4558.37,UPI,No
ORD01530,1668,Justin Perez,Female,33,Pune,30-07-2024,Home,Vacuum Cleaner,5,19864.76,0.22,77472.56,49697.71,27774.85,Cash on Delivery,No
ORD01531,1376,James Lucas,Female,52,Delhi,19-02-2024,Beauty,Face Wash,5,20305.29,0.27,74114.31,45920.86,28193.45,UPI,No
ORD01532,1332,Natalie Ross,Female,23,Pune,12-10-2023,Home,Vacuum Cleaner,4,39634.95,0.22,123661.04,103795.16,19865.88,UPI,No
ORD01533,1691,Meagan Chen,Male,50,Hyderabad,25-01-2023,Home,Mixer,3,35821.45,0.0,107464.35,74569.34,32895.01,Credit Card,No
ORD01534,1777,Courtney Smith,Male,57,Mumbai,2023/06/23, Fashion ,T-Shirt,5,27523.18,0.13,119725.83,72695.59,,UPI,Yes
ORD01535,1738,Bonnie Lee,Female,-5,delhi,15-10-2023,Beauty,Face Wash,1,43777.06,0.21,34583.88,27528.27,7055.61,Net Banking,No
ORD01536,1098,Sherri Johnson,Female,57,kolkata,2023/11/20,Fashion,Dress,3,39669.1,0.03,115437.08,73288.39,42148.69,UPI,No
ORD01537,1765,Lisa Kane,Female,26,Mumbai,2023/05/01,Fashion,T-Shirt,4,12291.11,0.05,46706.22,36104.85,,Net Banking,No
ORD01538,1442,Ronald Johnson,Female,60,hyderabad,2024/09/08,Beauty,Perfume,4,38811.84,0.27,113330.57,96614.58,16715.99,UPI,Yes
ORD01539,1780,Meagan Davidson,Male,19,Kolkata,25-10-2023,Beauty,Moisturizer,3,9809.33,0.05,27956.59,24288.03,3668.56,Debit Card,No
ORD01540,1267,Lauren Hernandez,Male,54,Mumbai,2023/12/15,Fashion,Sneakers,4,25690.61,0.15,87348.07,70380.51,16967.56,Net Banking,No
ORD01541,1712,Anna Wall,Female,57,,2023/01/22,Fashion,Jacket,3,27766.05,0.03,80799.21,72329.57,8469.64,Debit Card,No
ORD01542,1080,Joseph Thompson,Female,32,Hyderabad,13-11-2023,Home,Chair,5,47976.25,0.16,201500.25,169031.19,32469.06,Cash on Delivery,No
ORD01543,1406,Aaron Wagner,,43,pune,2023/11/27,Beauty,Face Wash,3,49870.84,0.01,148116.39,106586.94,41529.45,Debit Card,Yes
ORD01544,1228,,Male,38,Hyderabad,2024/10/15,Beauty,Face Wash,2,9740.92,0.01,19287.02,12561.51,6725.51,UPI,No
ORD01545,1703,Andrea Graham,Female,54,Hyderabad,28-10-2024,Electronics,Smartphone,1,29015.96,0.05,27565.16,19821.52,,Cash on Delivery,No
ORD01546,1549,Renee Adams,Female,24,mumbai,02-06-2024,Home,Chair,3,16495.69,,48002.46,34953.49,13048.97,Credit Card,No
ORD01547,1061,Valerie Jones,Male,25,,2023/11/02,Electronics,Laptop,4,6072.18,0.01,24045.83,18414.82,5631.01,Debit Card,No
ORD01548,1393,Lisa Escobar,Male,19,Mumbai,24-02-2024,Home,Desk,4,28932.55,0.24,87954.95,58527.83,29427.12,UPI,No
ORD01549,1043,Marissa Williams,Female,26,Chennai,15-07-2024,Fashion,Jacket,1,41571.43,0.06,39077.14,32255.25,6821.89,UPI,No
ORD01550,1793,Julian Clark,Female,26,Delhi,2023/12/14,Fashion,Sneakers,3,45952.49,0.03,133721.75,104783.78,28937.97,Net Banking,No
ORD01551,1481,Marissa Hogan,Female,40,Hyderabad,09-06-2024,Fashion,Jeans,3,21118.31,0.26,46882.65,40686.93,6195.72,Credit Card,Yes
ORD01552,1075,John Richardson,Female,40,Hyderabad,2023/09/05,Beauty,Face Wash,1,7543.09,0.05,7165.94,4349.98,2815.96,Credit Card,No
ORD01553,1767,,Male,19,Mumbai,10-04-2023,Home,Mixer,3,48148.65,0.19,117001.22,97933.1,19068.12,Net Banking,No
ORD01554,1325,Jessica Hines,Male,53,,25-05-2024,Electronics,Headphones,5,31712.52,0.26,117336.32,73317.6,44018.72,UPI,Yes
ORD01555,1360,Michelle Mccarthy,Female,52,Pune,27-06-2024,Fashion,Sneakers,2,8693.36,0.02,17038.99,15243.61,1795.38,Debit Card,Yes
ORD01556,1225,Jared Graham,Male,41,Mumbai,24-10-2023,Home,Vacuum Cleaner,5,17422.73,0.11,77531.15,64121.84,13409.31,UPI,No
ORD01557,1322,Chad White,Male,20,Delhi,02-03-2023,Electronics,Smartwatch,1,1917.88,0.27,1400.05,1209.99,190.06,Net Banking,No
ORD01558,1358,Laura Parker,Male,22,Chennai,2023/01/04,Beauty,Shampoo,3,7928.22,0.08,21881.89,18153.76,3728.13,Debit Card,No
ORD01559,1781,Michael Wells,Male,53,Chennai,11-10-2023,Fashion,Jacket,3,22983.42,0.1,62055.23,41714.38,20340.85,DEBIT CARD,No
ORD01560,1540,Kathryn Bowers,Male,28,mumbai,2023/09/02,Electronics,Laptop,2,7768.33,0.24,11807.86,7663.53,,Credit Card,No
ORD01561,1262,Jose Woodard,,55,bangalore,30-11-2024,Beauty,Face Wash,4,32462.3,0.28,93491.42,70353.44,23137.98,UPI,Yes
ORD01562,1147,Deborah Davis,Female,37,chennai,21-03-2023,Beauty,Lipstick,4,49514.95,0.3,138641.86,92600.29,46041.57,UPI,No
ORD01563,1007,David Williams,Male,18,Bangalore,20-06-2023,Home,Mixer,2,49272.54,0.01,97559.63,76102.21,21457.42,Net Banking,No
ORD01564,1144,Cheyenne Webb,Male,39,Delhi,10-05-2024,Electronics,Smartwatch,1,4013.41,0.1,3612.07,2213.91,1398.16,Credit Card,No
ORD01565,1698,Brenda Flores DDS,Female,35,kolkata,30-08-2023,Beauty,Lipstick,2,17303.24,0.12,30453.7,26837.97,3615.73,Cash on Delivery,No
ORD01566,1689,Samantha Lara,Female,50,bangalore,2023/07/31,Home,Vacuum Cleaner,5,39737.34,0.06,186765.5,161688.83,25076.67,Debit Card,No
ORD01567,1356,Michelle Hicks,Male,60,Pune,04-03-2023,Fashion,Jacket,1,21676.85,0.3,15173.79,10080.89,5092.9,Net Banking,No
ORD01568,1153,David Moran,Male,50,Mumbai,08-08-2024, Beauty ,Moisturizer,5,3720.76,0.05,17673.61,11794.65,5878.96,Debit Card,No
ORD01569,1338,David King,Male,18,Hyderabad,2023/06/12,Electronics,Smartphone,1,24375.83,0.3,17063.08,13825.54,3237.54,Credit Card,Yes
ORD01570,1569,Brittany Key,Female,21,Kolkata,2024/12/08,Beauty,Shampoo,3,27211.15,,79184.45,49529.15,29655.3,Debit Card,Yes
ORD01571,1371,Lauren Navarro,Male,57,Hyderabad,2023/05/02,Beauty,Moisturizer,5,43393.89,0.11,193102.81,160584.53,,Cash on Delivery,No
ORD01572,1485,Jack Gonzalez,Male,36,pune,21-07-2024,Fashion,Dress,2,30394.48,0.16,51062.73,40327.37,10735.36,Debit Card,No
ORD01573,1157,Paula Bell,Male,40,Kolkata,12-05-2024,Beauty,Face Wash,5,34451.57,0.29,122303.07,106152.87,16150.2,CREDIT CARD,No
ORD01574,1330,Tanya Sparks,Female,18,Bangalore,30-03-2024,Home,Chair,5,10935.69,0.18,44836.33,29912.93,14923.4,Cash on Delivery,No
ORD01575,1182,Ariel Cooper,Female,45,Kolkata,10-06-2024,Home,Desk,4,37892.8,0.16,127319.81,96970.39,30349.42,Debit Card,No
ORD01576,1222,Joshua Reyes,Female,19,Mumbai,13-02-2024,Electronics,Smartwatch,4,5128.32,0.3,14359.3,10245.26,4114.04,UPI,No
ORD01577,1437,Michael Lopez,Male,38,Mumbai,13-05-2023,Beauty,Face Wash,4,23695.88,0.29,67296.3,47020.88,20275.42,Cash on Delivery,No
ORD01578,1651,Dorothy Morris,Female,24,Mumbai,28-04-2024,Fashion,T-Shirt,5,36585.68,0.17,151830.57,117202.95,34627.62,Credit Card,No
ORD01579,1110,Tamara Fowler,,28,Bangalore,02-08-2024,Beauty,Moisturizer,5,24251.54,0.09,110344.51,87486.61,22857.9,Credit Card,No
ORD01580,1215,Dana Johnson,Female,40,chennai,08-10-2023,Fashion,Sneakers,3,37656.33,0.22,88115.81,68045.38,20070.43,Debit Card,Yes
ORD01581,1233,Nicole Hancock,Male,48,Hyderabad,2024/04/07,Home,Chair,5,2265.4,0.08,10420.84,8646.49,1774.35,Net Banking,No
ORD01582,1153,Michelle Larson,Male,49,Delhi,2024/07/22,Electronics,Laptop,2,30712.39,0.04,58967.79,50092.01,8875.78,UPI,Yes
ORD01583,1290,Brooke Smith,Male,56,Bangalore,2024/07/15,Electronics,Smartwatch,4,2744.1,0.06,10317.82,8445.45,1872.37,Credit Card,No
ORD01584,1203,Marc Mueller,Male,46,Hyderabad,29-12-2023,Beauty,Lipstick,3,11437.55,0.19,27793.25,20520.95,7272.3,Credit Card,Yes
ORD01585,1261,Barbara Dickerson,Male,27,Hyderabad,05-02-2023,Beauty,Shampoo,2,42575.05,,80892.6,67061.27,13831.33,Credit Card,Yes
ORD01586,1164,Kathleen Gordon,Female,50,Kolkata,05-10-2024, Fashion ,T-Shirt,2,47758.15,0.19,77368.2,51611.85,25756.35,Debit Card,Yes
ORD01587,1197,Sara Gonzales,Male,51,bangalore,2024/07/25,Beauty,Face Wash,4,46578.57,0.23,143462.0,114234.28,29227.72,UPI,No
ORD01588,1491,Jack Scott,Female,51,Pune,25-11-2024,Electronics,Smartphone,2,16519.18,0.21,26100.3,16146.88,9953.42,Debit Card,Yes
ORD01589,1664,Elizabeth Kim,Male,48,Pune,03-10-2024,Home,Chair,2,1069.35,0.03,2074.54,1737.9,336.64,Net Banking,No
ORD01590,1267,Stephen Hernandez,Male,23,Chennai,17-07-2023,Beauty,Lipstick,4,33949.39,0.03,131723.63,102376.94,29346.69,DEBIT CARD,No
ORD01591,1341,Rebecca Watts,Male,56,Bangalore,09-12-2024,Fashion,Sneakers,2,26871.9,0.13,46757.11,31586.34,15170.77,Credit Card,Yes
ORD01592,1740,Mark Huynh,Female,42,Kolkata,28-03-2023,Home,Vacuum Cleaner,1,17242.85,0.23,13276.99,10229.21,3047.78,Credit Card,No
ORD01593,1265,Terry Martinez,Male,50,Chennai,2023/04/24,Fashion,Jeans,1,45660.03,0.11,40637.43,31332.93,9304.5,UPI,No
ORD01594,1718,Denise Velazquez,Male,47,Mumbai,2023/10/28,Fashion,Dress,3,14578.2,0.27,31926.26,20110.9,11815.36,Credit Card,No
ORD01595,1753,Trevor Sanders,Male,49,Bangalore,07-01-2024,Beauty,Shampoo,5,40634.43,0.13,176759.77,155740.66,21019.11,Credit Card,No
ORD01596,1655,,Female,34,,02-01-2023,Home,Mixer,2,3934.14,0.07,7317.5,5548.25,1769.25,Debit Card,Yes
ORD01597,1618,Paul Palmer,Female,43,Delhi,06-02-2024,Electronics,Tablet,2,33799.28,0.19,54754.83,43314.3,11440.53,Net Banking,No
ORD01598,1099,Rick Bautista,Male,44,Chennai,17-06-2023,Electronics,Smartwatch,2,49221.94,0.17,81708.42,53425.55,28282.87,NET BANKING,Yes
ORD01599,1617,,Female,39,Hyderabad,13-06-2023,Electronics,Smartwatch,1,19007.53,0.12,16726.63,10855.54,5871.09,UPI,No
ORD01600,1549,Curtis Sanchez,Female,40,Kolkata,01-04-2023,Home,Vacuum Cleaner,3,49992.06,0.08,137978.09,118671.83,19306.26,Net Banking,No
ORD01601,1107,Rickey Thompson,Male,27,kolkata,2024/05/18,Fashion,Jacket,5,7097.24,0.26,26259.79,20520.92,5738.87,Net Banking,No
ORD01602,1564,Jeremy Cole,Male,56,Hyderabad,23-07-2023,Electronics,Laptop,2,14413.4,0.22,22484.9,14342.36,8142.54,NET BANKING,No
ORD01603,1767,Meagan Ingram,Female,38,Pune,14-03-2024,Electronics,Smartwatch,3,19987.14,0.11,53365.66,40197.12,13168.54,UPI,Yes
ORD01604,1274,Phyllis Smith,Male,44,Hyderabad,18-05-2023,Electronics,Headphones,4,39458.49,0.26,116797.13,83119.32,33677.81,Net Banking,No
ORD01605,1040,Brandon Wang,Female,26,,2023/01/25,Fashion,Dress,1,41297.32,0.19,33450.83,23296.62,10154.21,Cash on Delivery,No
ORD01606,1155,Ashley Ware,Female,30,Pune,06-10-2024,Electronics,Laptop,5,27967.17,0.14,120258.83,91499.37,28759.46,CASH ON DELIVERY,No
ORD01607,1079,Linda Combs,Female,41,Pune,03-10-2023,Home,Lamp,1,39655.06,0.15,33706.8,22741.66,10965.14,Net Banking,No
ORD01608,1225,Douglas Johnson,Male,25,Delhi,02-10-2023,Beauty,Moisturizer,3,44100.83,0.11,117749.22,87568.81,30180.41,Credit Card,No
ORD01609,1094,Douglas Jones,Male,26,Chennai,23-11-2024,Home,Vacuum Cleaner,5,18470.24,0.29,65569.35,47002.5,18566.85,UPI,No
ORD01610,1528,Kyle Williams,Male,44,Chennai,07-10-2024,Home,Desk,4,45595.55,0.26,134962.83,113782.28,,CREDIT CARD,No
ORD01611,1763,Jenna Scott,Female,26,Bangalore,18-11-2024,Home,Lamp,3,41503.85,0.19,100854.36,84540.25,16314.11,Credit Card,No
ORD01612,1010,Heather Casey,Female,45,Chennai,2024/01/26,Home,Chair,2,3810.02,0.18,6248.43,5262.23,,Net Banking,Yes
ORD01613,1517,Michael Cannon,Male,55,Mumbai,17-12-2024,Beauty,Moisturizer,2,47597.64,0.03,92339.42,81483.39,10856.03,CREDIT CARD,No
ORD01614,1579,Jessica Long,Male,32,Bangalore,23-12-2023,Fashion,Jacket,1,3861.42,0.29,2741.61,2192.71,548.9,Credit Card,Yes
ORD01615,1456,Randall King,Male,42,Kolkata,2023/01/16,Beauty,Lipstick,2,38614.23,0.25,57921.35,41284.33,16637.02,Credit Card,Yes
ORD01616,1782,Kimberly Barnes,Male,58,Pune,15-10-2023,Electronics,Laptop,2,34140.21,0.07,63500.79,46845.07,16655.72,DEBIT CARD,No
ORD01617,1752,Vicki Wells,Female,27,Chennai,31-01-2023,Electronics,Tablet,5,44813.21,0.09,203900.11,178104.45,25795.66,UPI,No
ORD01618,1526,Robert Ramirez,Male,26,Hyderabad,27-12-2024,Beauty,Face Wash,3,32065.95,0.16,80806.19,56910.39,23895.8,Debit Card,No
ORD01619,1329,Shannon Lewis,Female,59,Chennai,03-03-2023,Electronics,Smartphone,3,31906.01,0.22,74660.06,50799.57,23860.49,Credit Card,Yes
ORD01620,1699,Ms. Latoya Tran,Female,37,Chennai,27-05-2023,Home,Desk,2,27796.0,0.25,41694.0,36673.49,5020.51,CASH ON DELIVERY,No
ORD01621,1152,Margaret Washington,Female,52,Chennai,03-05-2024,Home,Desk,4,1925.96,0.16,6471.23,5211.11,1260.12,Credit Card,No
ORD01622,1013,Shawn Wells,Male,42,pune,09-06-2023,Fashion,Jeans,5,12949.98,0.15,55037.41,43150.12,11887.29,Net Banking,Yes
ORD01623,1321,Priscilla Adkins,Female,37,Chennai,18-06-2024,Home,Mixer,5,42046.6,0.21,166084.07,107120.28,58963.79,Debit Card,No
ORD01624,1320,Mason Garrett,Female,46,Bangalore,09-01-2023,Home,Desk,1,42061.25,0.17,34910.84,24648.66,10262.18,Debit Card,No
ORD01625,1697,Stuart Hicks,Male,48,Kolkata,22-09-2023,Home,Lamp,2,37051.98,0.07,68916.68,56589.9,,Credit Card,No
ORD01626,1310,Daniel Garcia,Female,35,Mumbai,2024/04/16,Beauty,Face Wash,2,20009.63,0.25,30014.44,21107.16,8907.28,CASH ON DELIVERY,No
ORD01627,1732,Jessica Cobb,Female,18,bangalore,01-01-2023,Home,Desk,3,17699.35,0.13,46195.3,28997.97,17197.33,Cash on Delivery,No
ORD01628,1445,Lisa Solis,Male,45,Chennai,10-07-2024,Beauty,Shampoo,5,21479.46,0.02,105249.35,79624.35,,Credit Card,No
ORD01629,1365,Michelle Young,Male,46,Hyderabad,28-02-2023,Fashion,Jacket,4,20277.96,0.17,67322.83,47795.19,19527.64,Credit Card,No
ORD01630,1513,Emily Carter,Male,26,Mumbai,2024/08/23,Home,Vacuum Cleaner,2,12820.52,0.23,19743.6,12783.9,6959.7,Net Banking,No
ORD01631,1220,Charles Moran,Male,48,Bangalore,17-02-2024,Fashion,Jeans,5,20754.34,0.16,87168.23,65842.18,21326.05,Debit Card,No
ORD01632,1608,Yvonne Hess,Male,32,Kolkata,07-02-2024,Beauty,Lipstick,4,16380.14,0.1,58968.5,43457.24,15511.26,Net Banking,No
ORD01633,1295,Richard Rodriguez,Male,29,Mumbai,30-01-2024,Beauty,Face Wash,2,37609.55,0.19,60927.47,51106.73,9820.74,UPI,No
ORD01634,1084,Kathleen Griffin,Female,59,Chennai,2023/04/25,Beauty,Face Wash,2,42409.48,0.09,77185.25,59294.6,17890.65,UPI,No
ORD01635,1735,Penny Mcdonald,Female,29,Kolkata,2024/06/15,Fashion,Dress,5,10271.75,0.18,42114.18,27314.8,14799.38,UPI,No
ORD01636,1171,James Anthony,Female,45,Chennai,21-11-2023,Beauty,Shampoo,5,19138.83,,79426.14,47960.86,,UPI,No
ORD01637,1158,Andrew King,Male,26,Chennai,15-06-2024,Fashion,Sneakers,2,1304.86,0.26,1931.19,1629.77,301.42,Cash on Delivery,No
ORD01638,1719,Bailey Young,Female,50,Kolkata,2024/05/17,Home,Lamp,5,14306.5,0.13,62233.28,46007.99,16225.29,UPI,No
ORD01639,1565,Jamie Guerra,Male,56,Delhi,08-11-2023,Fashion,Dress,1,17023.79,0.02,16683.31,14756.35,1926.96,Debit Card,Yes
ORD01640,1183,Carolyn Reed,Female,20,Chennai,22-11-2024,Fashion,Jacket,5,7239.12,0.06,34023.86,21265.95,12757.91,UPI,No
ORD01641,1289,Clifford Roberts,Female,35,Chennai,29-01-2023,Home,Vacuum Cleaner,2,34201.89,0.27,49934.76,40033.81,9900.95,Credit Card,Yes
ORD01642,1428,Heather Hernandez,Female,42,Kolkata,23-11-2023,Fashion,Jeans,2,601.33,0.3,841.86,557.29,284.57,Credit Card,No
ORD01643,1797,Amanda Young,Male,57,Bangalore,26-11-2023,Home,Vacuum Cleaner,1,14190.86,0.16,11920.32,9889.28,2031.04,Credit Card,No
ORD01644,1317,Jennifer Banks,Male,28,Delhi,08-09-2024,Home,Vacuum Cleaner,2,1281.9,0.29,1820.3,1575.81,,Debit Card,No
ORD01645,1059,Ricardo Lewis,Male,57,Hyderabad,18-04-2023,Electronics,Laptop,3,22379.97,0.02,65797.11,48882.9,16914.21,Debit Card,No
ORD01646,1025,Alexis Ross,Male,29,Pune,2023/02/07,Beauty,Shampoo,4,5735.93,0.22,17896.1,12682.44,5213.66,Net Banking,No
ORD01647,1390,James Miller,Female,55,Mumbai,12-02-2024, Electronics ,Smartwatch,1,29334.23,,29040.89,19576.34,9464.55,UPI,No
ORD01648,1387,Michael Franco,Male,57,Delhi,26-08-2023,Electronics,Laptop,2,16146.84,0.25,24220.26,16539.97,7680.29,Cash on Delivery,No
ORD01649,1514,Mary Maldonado,Male,30,Hyderabad,20-01-2023,Home,Lamp,3,25623.81,0.15,65340.72,40990.77,24349.95,Cash on Delivery,No
ORD01650,1781,,Female,30,Pune,05-03-2024,Electronics,Tablet,4,33480.5,0.3,93745.4,59181.44,34563.96,Net Banking,Yes
ORD01651,1426,Kelsey Valentine,Male,23,Hyderabad,04-01-2023,Home,Lamp,2,20620.27,0.27,30105.59,24355.87,5749.72,UPI,No
ORD01652,1502,Michael Irwin,Male,53,Kolkata,15-01-2024, Home ,Desk,4,40592.96,0.26,120155.16,102856.13,17299.03,Debit Card,No
ORD01653,1514,Janet Anderson,Male,26,hyderabad,06-06-2023,Home,Lamp,1,16804.53,0.21,13275.58,10433.12,2842.46,Debit Card,No
ORD01654,1018,Hector Bell,Male,25,kolkata,2024/12/13,Fashion,Jacket,1,8752.29,0.25,6564.22,5691.26,872.96,Cash on Delivery,Yes
ORD01655,1724,Jason Lyons,Female,44,Hyderabad,2024/01/30,Beauty,Perfume,3,24806.56,0.07,69210.3,58008.67,11201.63,Net Banking,No
ORD01656,1518,Aaron Bass,Male,60,Chennai,2023/11/11, Beauty ,Lipstick,2,4149.83,0.05,7884.68,5321.54,2563.14,Net Banking,No
ORD01657,1778,Madeline Aguilar MD,Male,40,Bangalore,01-06-2023,Home,Mixer,2,8630.5,0.11,15362.29,13425.03,1937.26,Debit Card,No
ORD01658,1309,Michelle Miles,Male,42,chennai,21-04-2023,Electronics,Headphones,1,44805.23,0.26,33155.87,21468.13,11687.74,UPI,No
ORD01659,1036,Larry Smith,Female,60,Mumbai,11-10-2023,Electronics,Laptop,1,17224.82,0.13,14985.59,12511.55,2474.04,Debit Card,No
ORD01660,1306,Christopher Duffy,Male,48,Pune,2024/08/07,Fashion,Sneakers,5,8396.25,0.04,40302.0,30912.09,9389.91,Net Banking,No
ORD01661,1557,Christine Murray,Male,46,Mumbai,20-10-2023,Home,Chair,3,16660.31,0.17,41484.17,36004.47,5479.7,Debit Card,No
ORD01662,1573,,Male,40,Bangalore,23-08-2023,Beauty,Perfume,2,10423.87,0.26,15427.33,9550.1,5877.23,Debit Card,Yes
ORD01663,1109,Wesley Clark,Female,48,Kolkata,2023/09/08,Beauty,Shampoo,1,32907.83,0.08,30275.2,22546.27,7728.93,Cash on Delivery,No
ORD01664,1078,Kathleen Casey,Male,27,Pune,2023/10/10,Electronics,Smartwatch,1,22375.26,0.02,21927.75,18105.35,3822.4,Net Banking,Yes
ORD01665,1338,Wendy Bryant,Male,36,Mumbai,08-08-2023,Home,Mixer,1,46686.94,0.08,42951.98,28281.96,14670.02,UPI,No
ORD01666,1105,Kevin Martinez,Female,40,Bangalore,2023/08/31,Fashion,Jeans,5,27550.92,0.15,117091.41,70900.35,46191.06,Debit Card,Yes
ORD01667,1330,Victoria Davis,Male,30,Hyderabad,2023/05/27,Electronics,Smartphone,1,35595.65,0.01,35239.69,26649.59,8590.1,Credit Card,No
ORD01668,1561,Gail Barnett,Female,19,Hyderabad,23-01-2023,Home,Lamp,5,1934.63,0.11,8609.1,7005.49,1603.61,UPI,No
ORD01669,1414,Tanya Carlson,Male,31,,13-05-2024,Fashion,Dress,2,37612.78,0.25,56419.17,36039.3,20379.87,UPI,No
ORD01670,1783,Ryan Atkins,Female,44,Delhi,30-03-2023,Beauty,Moisturizer,4,40136.89,0.05,152520.18,132399.51,20120.67,Cash on Delivery,No
ORD01671,1641,Tiffany Green,Female,49,Delhi,02-11-2024,Electronics,Laptop,5,48149.47,0.2,192597.88,166673.33,25924.55,Net Banking,No
ORD01672,1466,Kristin Brooks,Male,55,Hyderabad,2024/11/27,Electronics,Laptop,2,7033.75,0.29,9987.92,8095.44,1892.48,Net Banking,Yes
ORD01673,1170,Diamond Long,Female,18,Hyderabad,2023/07/08,Beauty,Perfume,1,23379.03,0.25,17534.27,14792.96,2741.31,Net Banking,Yes
ORD01674,1711,Michelle Cole,Female,33,kolkata,28-12-2023,Beauty,Face Wash,2,4627.49,0.2,7403.98,5409.84,1994.14,Debit Card,No
ORD01675,1403,Anthony Kramer,Male,37,Bangalore,21-10-2023,Electronics,Headphones,5,11315.98,0.02,55448.3,34572.46,,Net Banking,No
ORD01676,1490,Charles Cabrera,Female,26,Mumbai,13-09-2023,Beauty,Perfume,1,32532.38,0.02,31881.73,22301.82,9579.91,Debit Card,No
ORD01677,1763,Kyle Williams,Female,22,Kolkata,18-02-2024,Electronics,Tablet,3,711.59,0.28,1537.03,1358.07,178.96,Debit Card,No
ORD01678,1178,Corey Williams,Female,60,Pune,28-10-2023,Beauty,Shampoo,4,36001.05,0.3,100802.94,87254.17,13548.77,Debit Card,No
ORD01679,1730,Anthony Simmons,Female,19,Mumbai,2023/09/09, Home ,Desk,5,5374.9,0.08,24724.54,20244.73,4479.81,Credit Card,No
ORD01680,1718,Kimberly Reed,Male,47,Delhi,2023/05/18, Fashion ,Sneakers,5,5956.73,0.22,23231.25,18178.7,5052.55,Debit Card,No
ORD01681,1266,David Gordon,Male,18,Pune,14-12-2024,Electronics,Laptop,3,12205.59,0.15,31124.25,26844.74,4279.51,Cash on Delivery,No
ORD01682,1775,Sheri Brown,Male,27,Delhi,14-07-2023,Beauty,Perfume,3,29819.06,,71565.74,52429.67,19136.07,Credit Card,No
ORD01683,1377,Bethany Garner,Female,31,Pune,08-07-2023,Electronics,Tablet,3,33494.19,0.3,70337.8,42972.45,27365.35,UPI,Yes
ORD01684,1773,Daniel Maxwell,Female,55,mumbai,2024/11/07,Fashion,Jeans,1,31305.14,0.02,30679.04,22683.48,7995.56,Credit Card,Yes
ORD01685,1080,Sherry Anderson,Male,28,Delhi,2024/09/21,Beauty,Shampoo,5,1643.52,0.19,6656.26,4237.32,2418.94,Credit Card,Yes
ORD01686,1790,,Female,54,kolkata,05-07-2024,Electronics,Smartwatch,1,30740.85,0.03,29818.62,20398.37,9420.25,DEBIT CARD,Yes
ORD01687,1553,Kevin Houston,Male,26,Delhi,30-03-2024,Home,Desk,2,22059.74,0.3,30883.64,21968.31,8915.33,UPI,No
ORD01688,1422,Natalie Martin,Male,23,Pune,2023/07/28,Beauty,Moisturizer,4,15443.97,,61158.12,50731.31,10426.81,Net Banking,No
ORD01689,1799,Karla Dunn DDS,,46,Mumbai,2024/01/10,Electronics,Smartphone,3,21918.96,,63126.6,42740.79,20385.81,Net Banking,No
ORD01690,1048,Robert Mcdonald,Female,48,Chennai,30-09-2023,Electronics,Laptop,5,42153.79,0.07,196015.12,126151.94,69863.18,UPI,No
ORD01691,1118,,,41,Kolkata,01-02-2024,Electronics,Headphones,2,43417.68,0.16,72941.7,55952.77,16988.93,Debit Card,No
ORD01692,1434,Rebecca Alexander,Male,25,Mumbai,2023/09/01,Home,Lamp,4,40271.05,0.28,115980.62,99191.8,16788.82,Net Banking,No
ORD01693,1759,Jose Nichols,Male,32,Kolkata,25-07-2024,Beauty,Face Wash,5,43461.06,0.0,217305.3,145645.1,71660.2,UPI,No
ORD01694,1095,Melanie Brown,Female,57,Chennai,30-10-2024,Home,Lamp,3,30253.38,0.24,68977.71,45487.17,23490.54,Debit Card,No
ORD01695,1683,Jessica Davis,,37,Kolkata,2023/12/17,Electronics,Smartphone,4,33435.27,0.18,109667.69,86269.69,23398.0,Debit Card,No
ORD01696,1527,Joseph Reed,Male,53,Delhi,07-08-2023,Fashion,Jeans,4,13478.65,0.21,42592.53,27496.43,15096.1,Credit Card,Yes
ORD01697,1554,Nicole Murphy,Female,24,Bangalore,2024/06/03,Fashion,Jeans,2,26444.79,,40196.08,29797.5,10398.58,Net Banking,No
ORD01698,1432,Christopher Moss,Male,19,pune,13-07-2023,Fashion,Dress,4,25480.21,0.09,92747.96,55659.18,37088.78,Credit Card,Yes
ORD01699,1689,Mr. Lee Decker PhD,Male,48,Mumbai,27-02-2023,Fashion,Jeans,2,20544.61,,34925.84,28755.13,6170.71,Net Banking,No
ORD01700,1427,Charles Murphy,Female,24,Pune,22-01-2024,Fashion,T-Shirt,3,19619.79,0.17,48853.28,39869.54,8983.74,Cash on Delivery,No
ORD01701,1742,Amber Goodwin,Female,27,Chennai,05-06-2024,Electronics,Headphones,5,23651.16,0.2,94604.64,65659.18,28945.46,NET BANKING,No
ORD01702,1642,Deborah Weaver,Female,54,Chennai,2023/01/04,Beauty,Lipstick,5,25378.68,0.07,118010.86,82239.91,35770.95,Credit Card,No
ORD01703,1324,Andrew Holmes,Female,45,Bangalore,07-07-2023,Electronics,Headphones,5,5249.53,0.0,26247.65,21415.62,4832.03,Debit Card,No
ORD01704,1302,Gregory Lewis,Female,31,Kolkata,09-09-2024,Electronics,Smartwatch,2,33440.84,0.01,66212.86,52202.01,14010.85,CASH ON DELIVERY,No
ORD01705,1771,Kerri Harris,Female,38,Hyderabad,25-04-2024,Beauty,Lipstick,4,11013.26,0.28,31718.19,25007.86,6710.33,Credit Card,No
ORD01706,1070,Joanna Bennett,Male,18,Delhi,22-07-2023,Home,Mixer,1,26977.83,0.02,26438.27,16826.5,9611.77,Credit Card,Yes
ORD01707,1723,John Franklin,Female,43,Chennai,11-06-2023,Fashion,T-Shirt,5,41279.51,0.18,169245.99,150998.02,18247.97,UPI,No
ORD01708,1576,Richard Green,Female,31,Chennai,25-01-2024,Home,Lamp,4,10917.54,0.17,36246.23,29092.21,7154.02,Credit Card,No
ORD01709,1260,Jeremy Irwin,Female,53,Delhi,22-09-2023,Home,Vacuum Cleaner,1,12757.78,0.15,10844.11,8052.52,2791.59,UPI,No
ORD01710,1608,,Male,42,Delhi,24-08-2024,Home,Chair,2,1494.81,0.28,2152.53,1709.03,443.5,CASH ON DELIVERY,No
ORD01711,1660,William Hogan,Male,33,hyderabad,22-12-2024,Fashion,Jeans,4,15348.54,0.21,48501.39,31665.12,16836.27,Debit Card,No
ORD01712,1633,Mark Gomez,Male,22,,01-02-2023,Beauty,Moisturizer,3,45560.61,0.08,125747.28,107315.24,18432.04,CASH ON DELIVERY,No
ORD01713,1048,Tony Brewer,Male,53,Kolkata,23-09-2024,Beauty,Lipstick,3,3172.96,0.2,7615.1,6021.33,1593.77,Debit Card,No
ORD01714,1608,Christina Jordan,Female,25,,10-05-2024,Home,Lamp,5,25512.21,0.2,102048.84,79748.58,22300.26,Credit Card,No
ORD01715,1436,Ralph Christensen,Male,53,Bangalore,17-01-2024,Home,Lamp,5,2820.35,0.29,10012.24,7279.54,2732.7,Credit Card,No
ORD01716,1724,Richard Lawrence,Male,18,Kolkata,02-07-2024,Beauty,Shampoo,3,38872.7,0.22,90962.12,68583.1,22379.02,UPI,No
ORD01717,1505,Nancy Lopez,Male,24,Pune,2023/01/23,Fashion,T-Shirt,3,8779.14,0.19,21333.31,16185.41,5147.9,CREDIT CARD,No
ORD01718,1132,Joel Burke,Male,37,Kolkata,2024/04/29,Beauty,Moisturizer,1,10448.25,0.13,9089.98,8104.29,985.69,Net Banking,No
ORD01719,1211,Amy Cox,Female,39,Bangalore,2024/07/07,Home,Vacuum Cleaner,5,35760.63,0.21,141254.49,126884.24,14370.25,Credit Card,No
ORD01720,1373,Corey Turner,Male,41,Kolkata,07-11-2024,Fashion,Dress,1,18356.32,0.08,16887.81,13883.98,3003.83,Net Banking,Yes
ORD01721,1573,Jeff Pena,Male,52,Delhi,2023/06/04,Beauty,Lipstick,4,16949.22,,55593.44,34234.63,21358.81,Debit Card,No
ORD01722,1223,Matthew Romero,Male,22,Chennai,2024/10/29,Beauty,Lipstick,2,37948.52,0.14,65271.45,50035.14,,UPI,No
ORD01723,1751,Brooke Clark,Male,36,Pune,17-10-2023,Home,Lamp,1,30733.46,0.3,21513.42,15417.33,6096.09,NET BANKING,No
ORD01724,1090,Grace Hernandez,Male,33,chennai,01-02-2023, Beauty ,Moisturizer,1,28147.07,0.2,22517.66,17836.23,4681.43,UPI,No
ORD01725,1253,Nathaniel Gordon,Male,45,kolkata,16-01-2023,Beauty,Perfume,4,41694.5,,120080.16,88788.91,31291.25,Credit Card,No
ORD01726,1020,Alison Thompson,Male,20,Pune,23-01-2023,Beauty,Face Wash,3,33351.01,0.08,92048.79,61705.46,30343.33,Net Banking,Yes
ORD01727,1299,Tammie Cummings,Female,24,Hyderabad,08-05-2023,Home,Vacuum Cleaner,5,18702.71,0.26,69200.03,43081.42,26118.61,Debit Card,No
ORD01728,1342,Thomas Rivers,Male,43,Hyderabad,10-01-2024,Fashion,Jacket,1,15169.97,0.22,11832.58,7615.74,4216.84,Cash on Delivery,Yes
ORD01729,1640,Ashley Sanchez,Female,57,Delhi,22-04-2023,Beauty,Perfume,1,24084.25,0.28,17340.66,15205.16,2135.5,Cash on Delivery,Yes
ORD01730,1023,Dr. Taylor Williams MD,Female,46,Hyderabad,15-08-2023,Home,Mixer,4,32010.5,0.27,93470.66,62165.28,31305.38,Net Banking,No
ORD01731,1088,Michelle Lopez,,24,Mumbai,2023/07/24,Beauty,Lipstick,5,12845.71,0.28,46244.56,33842.11,12402.45,Net Banking,Yes
ORD01732,1623,Beverly Gomez,Male,54,Hyderabad,2023/03/29,Electronics,Laptop,3,1033.17,0.06,2913.54,2322.75,590.79,Cash on Delivery,No
ORD01733,1441,Craig Macdonald,Male,60,Mumbai,08-06-2024,Beauty,Lipstick,1,2679.07,0.15,2277.21,1863.22,413.99,Debit Card,No
ORD01734,1534,Norma Kline,,24,Bangalore,2024/11/30,Home,Chair,4,8263.1,0.01,32721.88,24357.7,8364.18,Credit Card,No
ORD01735,1194,Caleb Burke,Male,56,Kolkata,06-02-2024,Home,Chair,3,3970.22,0.1,10719.59,6763.66,3955.93,Credit Card,No
ORD01736,1647,Samantha Murray,Female,36,Hyderabad,30-04-2024,Fashion,T-Shirt,1,23416.92,0.26,17328.52,14172.23,3156.29,Credit Card,No
ORD01737,1621,Kelly Ponce,Female,20,hyderabad,17-02-2023,Beauty,Face Wash,5,35821.63,0.1,161197.33,100296.81,60900.52,Cash on Delivery,No
ORD01738,1614,Donna Rowe,Female,60,Hyderabad,23-12-2023,Beauty,Moisturizer,4,1044.03,0.03,4050.84,3470.13,580.71,Net Banking,No
ORD01739,1582,Deanna Brooks,Male,44,Bangalore,27-04-2023,Beauty,Shampoo,4,46471.14,0.22,144989.96,92461.3,52528.66,UPI,No
ORD01740,1262,Clinton Mora,Male,42,chennai,25-11-2024,Electronics,Tablet,4,983.31,0.07,3657.91,3106.89,551.02,Debit Card,No
ORD01741,1729,Amanda Miller,Male,46,Hyderabad,2023/11/01,Beauty,Face Wash,1,41576.22,0.28,29934.88,19415.98,10518.9,Credit Card,No
ORD01742,1789,Tony Johnson,Male,30,Delhi,17-02-2023, Home ,Mixer,2,33052.0,0.23,50900.08,34101.52,16798.56,UPI,No
ORD01743,1477,Amanda Hunt,Male,40,chennai,2024/10/11,Fashion,Jacket,1,7836.66,0.1,7052.99,5322.89,1730.1,Credit Card,No
ORD01744,1183,Mrs. Veronica Lang,Female,25,Mumbai,2023/04/01,Fashion,T-Shirt,3,16940.96,0.11,45232.36,36681.07,8551.29,Debit Card,No
ORD01745,1372,Jessica Evans,Female,56,Bangalore,2023/06/17,Fashion,Jacket,4,3137.81,0.05,11923.68,9162.96,,NET BANKING,No
ORD01746,1370,Colleen Guzman,Female,47,Hyderabad,28-06-2023,Fashion,Dress,5,46209.27,0.16,194078.93,152345.6,41733.33,Debit Card,No
ORD01747,1627,David Glover,Male,22,Delhi,10-07-2023,Beauty,Moisturizer,3,9963.39,0.15,25406.64,18861.77,6544.87,DEBIT CARD,Yes
ORD01748,1081,Colleen Pena,Female,54,Chennai,27-08-2023,Beauty,Perfume,1,30108.85,0.1,27097.97,19879.07,7218.9,UPI,No
ORD01749,1696,Samuel Jones,Male,27,pune,14-06-2024,Beauty,Face Wash,1,14952.19,0.15,12709.36,8801.47,3907.89,Net Banking,No
ORD01750,1197,Preston Harris PhD,Male,35,Kolkata,29-09-2024,Beauty,Perfume,4,5266.31,0.2,16852.19,12463.7,4388.49,Debit Card,No
ORD01751,1440,Ethan Frazier,Female,20,mumbai,29-06-2024,Home,Mixer,4,38071.33,0.2,121828.26,93261.79,28566.47,Net Banking,No
ORD01752,1581,Jacqueline Rush,Male,36,Pune,16-07-2023,Fashion,T-Shirt,1,26817.68,0.01,26549.5,20720.61,5828.89,UPI,No
ORD01753,1127,Rebecca Foster,Female,23,chennai,23-04-2024,Electronics,Headphones,2,10281.2,,17478.04,10911.3,6566.74,CREDIT CARD,No
ORD01754,1314,Tracy Mclaughlin,Male,53,Pune,2024/04/18,Beauty,Shampoo,1,4430.8,0.0,4430.8,3409.91,1020.89,Debit Card,Yes
ORD01755,1401,Gabriela Moreno,Male,59,,2024/01/22,Fashion,T-Shirt,5,19332.08,0.05,91827.38,60791.63,31035.75,UPI,No
ORD01756,1390,Douglas Hansen,Female,60,Bangalore,2023/04/16,Home,Mixer,2,47679.54,0.01,94405.49,76531.17,17874.32,Net Banking,No
ORD01757,1469,Megan Miller,Female,37,Chennai,2024/12/13,Fashion,T-Shirt,4,32320.13,0.3,90496.36,61229.57,29266.79,Credit Card,No
ORD01758,1669,Michael Henry DDS,Female,39,Pune,2024/09/24,Electronics,Headphones,4,38815.92,,111789.85,70503.96,41285.89,Net Banking,No
ORD01759,1536,Stacy Dixon,Male,41,Mumbai,2024/03/23,Beauty,Shampoo,4,35048.45,0.01,138791.86,123783.28,15008.58,UPI,No
ORD01760,1719,Lisa Murphy,Male,40,Bangalore,08-07-2023,Beauty,Perfume,2,18774.52,0.22,29288.25,21458.88,7829.37,Debit Card,No
ORD01761,1448,Joseph Roberts,Female,40,Mumbai,07-12-2024,Electronics,Smartwatch,4,22023.81,0.04,84571.43,74807.4,9764.03,Credit Card,No
ORD01762,1441,Christopher Weaver,Female,56,Delhi,07-08-2023,Home,Lamp,3,15133.91,0.11,40407.54,35684.21,4723.33,Debit Card,Yes
ORD01763,1624,Jeffrey Frey,Male,46,Pune,2024/02/25,Beauty,Perfume,5,21920.93,0.21,86587.67,75036.77,11550.9,Cash on Delivery,No
ORD01764,1112,Paul Sandoval,Male,24,Mumbai,25-07-2023,Fashion,Sneakers,4,44347.06,0.18,145458.36,98106.27,47352.09,Net Banking,No
ORD01765,1693,Tracy Ward,Male,20,Bangalore,03-05-2023,Home,Vacuum Cleaner,4,43933.51,0.27,128285.85,84020.81,44265.04,NET BANKING,No
ORD01766,1603,Chad Williams,Female,44,Kolkata,18-03-2023,Home,Mixer,5,49301.19,0.03,239110.77,173182.7,65928.07,Net Banking,Yes
ORD01767,1441,Terri Cook,Male,21,Chennai,28-05-2023,Electronics,Laptop,5,44637.83,0.2,178551.32,137747.75,40803.57,Credit Card,Yes
ORD01768,1473,Charles Williams,,51,Pune,2023/01/23, Home ,Mixer,4,38918.32,0.02,152559.81,111156.79,41403.02,UPI,No
ORD01769,1431,Timothy Perry,Female,36,Hyderabad,04-04-2024,Home,Mixer,4,31528.64,0.16,105936.23,77890.62,28045.61,Cash on Delivery,No
ORD01770,1447,Jessica Ayers,Male,59,Kolkata,2024/04/17,Beauty,Lipstick,5,37352.21,0.01,184893.44,127069.64,57823.8,Net Banking,No
ORD01771,1647,Aaron Sharp,Female,28,Delhi,2024/03/06,Fashion,Jeans,2,9117.38,0.07,16958.33,10782.54,6175.79,Credit Card,No
ORD01772,1179,Frank Murphy,Male,22,Delhi,16-12-2024,Beauty,Shampoo,5,14861.66,0.27,54245.06,43437.54,10807.52,Cash on Delivery,No
ORD01773,1121,,Female,60,Chennai,07-02-2024,Fashion,Sneakers,5,30473.63,0.15,129512.93,100813.47,28699.46,UPI,No
ORD01774,1055,Anthony Evans,Male,25,hyderabad,21-11-2023,Home,Desk,1,18992.45,0.02,18612.6,13665.46,4947.14,Debit Card,No
ORD01775,1051,Anthony Malone,Male,56,Mumbai,18-05-2023,Home,Mixer,2,36757.9,0.25,55136.85,38761.49,16375.36,Credit Card,No
ORD01776,1108,Jose Ferguson,Male,50,Bangalore,01-06-2024,Electronics,Laptop,1,44634.02,0.01,44187.68,37927.3,6260.38,Debit Card,Yes
ORD01777,1418,Ryan Walter,Female,41,Hyderabad,22-04-2024,Electronics,Headphones,5,13730.76,0.08,63161.5,53379.75,9781.75,Cash on Delivery,No
ORD01778,1449,Dan Whitaker,,36,pune,26-12-2024,Beauty,Lipstick,4,46752.59,0.07,173919.63,146456.95,27462.68,Debit Card,No
ORD01779,1733,Sarah Owen,Male,60,Chennai,15-09-2024,Beauty,Moisturizer,2,26847.63,0.17,891341.4,32117.61,12449.46,CREDIT CARD,No
ORD01780,1689,Amy Brown,Male,56,Chennai,16-04-2023,Fashion,T-Shirt,4,24039.08,0.29,68270.99,55877.39,12393.6,Credit Card,Yes
ORD01781,1628,Melissa Newton,Male,40,Chennai,2024/08/05,Home,Lamp,4,4323.85,0.15,14701.09,12645.67,2055.42,Cash on Delivery,No
ORD01782,1406,Kevin Miller,Male,49,Bangalore,2024/10/13,Electronics,Headphones,1,30139.82,0.29,21399.27,18511.17,2888.1,UPI,No
ORD01783,1358,Sophia Garner,,40,Pune,15-12-2024,Home,Chair,5,37884.17,0.26,140171.43,97425.61,42745.82,Credit Card,No
ORD01784,1599,Mitchell King,Female,41,Pune,05-04-2024,Fashion,Dress,3,12611.45,0.07,35185.95,22199.19,12986.76,Debit Card,No
ORD01785,1004,Krystal Brown,Male,42,Hyderabad,2024/01/04,Electronics,Laptop,3,13590.26,0.27,29762.67,20819.53,8943.14,Net Banking,No
ORD01786,1218,Jason Walters,Male,28,Bangalore,15-12-2023,Beauty,Shampoo,5,21597.9,0.15,91791.07,77871.2,13919.87,Debit Card,Yes
ORD01787,1144,Monica Aguirre,Male,60,Pune,22-06-2023,Electronics,Tablet,3,43383.9,0.17,108025.91,80561.77,,UPI,No
ORD01788,1651,Amber Nguyen,Male,58,Hyderabad,27-07-2023,Fashion,Dress,3,31156.91,0.03,90666.61,58577.75,32088.86,Cash on Delivery,No
ORD01789,1320,Jeffrey Williams,Female,38,Delhi,08-12-2024,Home,Mixer,5,33523.47,0.04,160912.66,131130.29,29782.37,Credit Card,No
ORD01790,1633,Vicki Keller,Male,43,Hyderabad,2023/05/22,Beauty,Perfume,3,29892.91,0.03,86988.37,65990.65,20997.72,Credit Card,Yes
ORD01791,1361,Jose Horn,Female,45,Mumbai,02-06-2023,Fashion,T-Shirt,5,16806.92,0.29,59664.57,44660.09,15004.48,Debit Card,No
ORD01792,1166,Grant Cox,Male,50,Bangalore,2023/03/10,Electronics,Headphones,2,6570.83,0.02,12878.83,8663.42,4215.41,Net Banking,No
ORD01793,1354,Lawrence West,Female,46,pune,07-02-2024,Beauty,Moisturizer,5,27888.93,0.12,122711.29,91784.94,30926.35,Net Banking,No
ORD01794,1782,Robert Jordan,Male,18,hyderabad,30-09-2023,Electronics,Laptop,1,832.87,0.19,674.62,476.43,198.19,UPI,No
ORD01795,1249,Lawrence Lyons,Male,48,Mumbai,12-11-2024,Home,Mixer,5,3950.95,0.1,17779.28,12605.59,5173.69,Credit Card,No
ORD01796,1569,Stephanie Gomez,Female,58,Kolkata,11-09-2023,Home,Lamp,2,4175.52,0.19,6764.34,5917.56,846.78,Net Banking,No
ORD01797,1420,Christine Henderson,Female,32,Kolkata,2024/02/13,Electronics,Smartphone,2,29932.65,0.01,59266.65,37696.06,21570.59,Credit Card,No
ORD01798,1343,Ivan Sullivan,Male,36,Bangalore,20-11-2024,Electronics,Headphones,4,49488.04,0.17,164300.29,134978.95,29321.34,Net Banking,Yes
ORD01799,1437,Daniel Oconnor,Male,38,Hyderabad,13-06-2024,Beauty,Lipstick,5,45984.15,0.21,181637.39,146942.45,34694.94,Debit Card,No
ORD01800,1684,Carmen Villa,Female,57,Chennai,23-05-2023,Home,Vacuum Cleaner,1,44389.08,0.1,39950.17,34010.68,5939.49,Debit Card,No
ORD01801,1305,Nicole Flowers,Male,26,Bangalore,15-09-2023,Fashion,Dress,2,23551.01,0.15,40036.72,31093.75,8942.97,Cash on Delivery,No
ORD01802,1200,Joseph Lawson,Male,38,Hyderabad,11-03-2023,Fashion,Dress,5,29637.5,0.0,148187.5,124390.85,23796.65,UPI,No
ORD01803,1110,Jay Perez,Female,47,Hyderabad,28-12-2024,Home,Lamp,1,3349.99,0.26,2478.99,2217.03,261.96,UPI,No
ORD01804,1351,Daniel Matthews,Female,26,Delhi,22-09-2024,Electronics,Headphones,5,41463.68,0.08,190732.93,160641.27,30091.66,Net Banking,No
ORD01805,1157,Tracy Lewis,Male,38,Hyderabad,24-08-2024,Beauty,Face Wash,5,24528.44,0.18,100566.6,82792.1,,Credit Card,No
ORD01806,1336,Samuel Johnson,Male,34,Kolkata,29-04-2024,Electronics,Smartwatch,3,34033.44,0.28,73512.23,55858.8,17653.43,UPI,No
ORD01807,1051,Justin Johnson,Male,27,,2024/12/16,Fashion,T-Shirt,1,42157.5,0.11,37520.18,23416.63,14103.55,Net Banking,Yes
ORD01808,1226,William Wolfe,Female,46,Hyderabad,27-02-2023,Electronics,Laptop,5,47628.32,0.13,207183.19,152407.42,54775.77,Cash on Delivery,No
ORD01809,1712,Carlos Davis,Female,41,Hyderabad,31-07-2023,Fashion,Jeans,2,23982.69,0.2,38372.3,34511.58,3860.72,UPI,Yes
ORD01810,1356,Erica Soto,Female,26,Chennai,29-08-2024,Beauty,Face Wash,4,42416.82,0.21,134037.15,114640.59,19396.56,Debit Card,No
ORD01811,1276,Michael White,Female,26,kolkata,2023/09/02,Fashion,T-Shirt,1,722.23,0.05,686.12,435.4,250.72,Cash on Delivery,No
ORD01812,1663,Gregory Gomez,Male,37,Hyderabad,09-05-2023,Beauty,Lipstick,3,9681.18,0.22,22653.96,14448.46,8205.5,Net Banking,Yes
ORD01813,1771,Erica Webb,Female,53,Mumbai,11-02-2024,Home,Vacuum Cleaner,5,42001.94,0.13,182708.44,120322.05,62386.39,Credit Card,Yes
ORD01814,1372,Dr. Erik Martinez,Female,60,Mumbai,13-11-2023,Home,Vacuum Cleaner,4,1890.18,0.29,5368.11,4325.19,1042.92,CREDIT CARD,Yes
ORD01815,1200,Chad Strickland,Female,38,Chennai,2023/03/10,Home,Mixer,2,41033.14,0.26,60729.05,38526.54,22202.51,Credit Card,Yes
ORD01816,1748,Jenny Acevedo,Male,37,Chennai,23-12-2024,Fashion,T-Shirt,1,24482.67,0.06,23013.71,20330.43,2683.28,UPI,No
ORD01817,1016,Amber Parker,Male,42,Chennai,07-01-2024,Electronics,Smartwatch,2,33326.19,0.01,65985.86,58542.19,7443.67,CASH ON DELIVERY,No
ORD01818,1721,Amy Golden,Female,53,Delhi,22-06-2024,Beauty,Perfume,1,38899.11,0.04,37343.15,22725.14,14618.01,Debit Card,Yes
ORD01819,1623,Jeffrey Howe,Female,18,Pune,11-10-2024,Fashion,Dress,4,21703.25,0.04,83340.48,71132.6,12207.88,Cash on Delivery,No
ORD01820,1532,Danielle Buchanan,Female,29,Kolkata,22-12-2024,Electronics,Smartwatch,5,3865.91,0.19,15656.94,13875.89,1781.05,UPI,No
ORD01821,1378,Cheryl Ramos,Female,40,Kolkata,04-05-2024,Electronics,Smartwatch,4,29339.21,0.19,95059.04,69134.84,25924.2,Cash on Delivery,No
ORD01822,1347,,Female,36,pune,18-02-2023,Home,Vacuum Cleaner,4,31483.62,0.21,99488.24,88257.61,11230.63,Debit Card,No
ORD01823,1363,,Female,24,kolkata,14-12-2023,Home,Vacuum Cleaner,2,380.46,0.19,616.35,479.31,137.04,Debit Card,No
ORD01824,1215,Stephanie Buchanan,,55,Kolkata,2024/09/23,Fashion,T-Shirt,5,45611.13,0.07,212091.75,162246.36,49845.39,UPI,No
ORD01825,1630,Dustin Miller,Female,51,Kolkata,24-02-2024,Beauty,Perfume,1,16512.45,0.16,13870.46,8670.78,5199.68,Debit Card,No
ORD01826,1779,Steven Smith,Male,23,Mumbai,2023/12/25,Fashion,Sneakers,2,1052.98,0.05,2000.66,1502.98,497.68,Credit Card,No
ORD01827,1545,Mary Snyder,Male,49,Delhi,29-04-2023,Fashion,Dress,2,10037.33,0.11,17866.45,12457.53,5408.92,UPI,No
ORD01828,1598,Misty Donaldson,Male,47,Mumbai,22-03-2024,Home,Desk,5,12448.48,0.12,54773.31,46864.79,7908.52,UPI,No
ORD01829,1633,William Wilson,Female,19,Kolkata,15-02-2023,Electronics,Headphones,1,47076.43,0.12,41427.26,31899.7,9527.56,Net Banking,Yes
ORD01830,1740,Erin Reeves,Male,42,Mumbai,2023/10/30,Home,Mixer,3,4285.45,0.03,12470.66,9832.86,2637.8,UPI,No
ORD01831,1734,Joe Harvey,Female,53,Chennai,30-07-2024,Beauty,Moisturizer,2,27861.38,0.09,50707.71,44787.53,5920.18,DEBIT CARD,No
ORD01832,1211,Miranda Green,Female,52,Bangalore,2023/06/07,Beauty,Shampoo,1,11268.31,0.25,8451.23,5593.64,2857.59,UPI,No
ORD01833,1040,Tina Schultz,Male,19,Chennai,21-11-2023,Home,Lamp,5,1613.93,0.29,5729.45,3685.54,2043.91,Credit Card,Yes
ORD01834,1558,Sandra Perez,Male,49,chennai,2024/01/23,Home,Vacuum Cleaner,5,8561.23,0.15,36385.23,21893.24,14491.99,Credit Card,No
ORD01835,1776,Mrs. Elaine Bentley,Male,56,Hyderabad,16-01-2023, Home ,Vacuum Cleaner,4,12520.07,0.29,35557.0,29204.56,6352.44,DEBIT CARD,Yes
ORD01836,1693,,Female,49,,11-09-2024,Fashion,Sneakers,2,42728.61,0.2,68365.78,53823.61,14542.17,UPI,No
ORD01837,1081,William Cannon,Male,34,Mumbai,02-06-2023,Beauty,Moisturizer,5,9172.0,0.18,37605.2,28651.46,8953.74,Debit Card,No
ORD01838,1778,Robert Rogers,Female,36,pune,2023/09/09,Electronics,Headphones,2,27182.33,0.21,42948.08,30678.09,12269.99,Cash on Delivery,Yes
ORD01839,1687,Carolyn Schmidt,Female,24,Pune,29-08-2023,Home,Vacuum Cleaner,3,13160.38,0.29,28031.61,24947.52,3084.09,UPI,Yes
ORD01840,1289,Daniel Barton,Male,49,Mumbai,18-04-2024,Home,Chair,2,49770.98,0.09,90583.18,66616.98,23966.2,Credit Card,Yes
ORD01841,1585,Hannah Vega,Female,49,hyderabad,31-10-2023,Beauty,Moisturizer,1,36868.53,0.1,33181.68,28925.0,4256.68,Cash on Delivery,No
ORD01842,1759,Teresa Chambers,Male,19,Bangalore,06-04-2023,Home,Vacuum Cleaner,5,18522.9,0.15,78722.32,55852.02,,Credit Card,No
ORD01843,1051,Anna Torres,Male,22,Hyderabad,24-11-2023, Beauty ,Face Wash,5,41530.59,0.14,178581.54,153490.69,25090.85,Credit Card,No
ORD01844,1112,Laurie Saunders,Female,44,Kolkata,15-05-2023,Beauty,Face Wash,5,35229.77,,137396.1,82488.41,54907.69,Net Banking,Yes
ORD01845,1741,Ellen Heath,Female,57,Bangalore,31-01-2024,Fashion,Jeans,2,43532.77,0.07,80970.95,60140.73,20830.22,Credit Card,No
ORD01846,1740,Beth Gonzalez,Male,38,Hyderabad,27-03-2024,Home,Vacuum Cleaner,1,46599.3,0.17,38677.42,27622.96,11054.46,Net Banking,No
ORD01847,1374,Michael Weaver,Female,42,Pune,13-03-2024,Fashion,T-Shirt,2,4221.88,0.02,8274.88,5006.11,3268.77,Credit Card,No
ORD01848,1518,Sherry Schmidt,Female,60,chennai,13-12-2023,Electronics,Smartwatch,4,11061.25,0.07,41147.85,34855.33,6292.52,Credit Card,No
ORD01849,1752,Jane Wolfe DDS,Female,29,Hyderabad,31-01-2023,Home,Vacuum Cleaner,3,7903.88,0.23,18257.96,11192.75,7065.21,UPI,No
ORD01850,1745,Michael Ross,Male,50,Delhi,2023/04/20,Fashion,Sneakers,5,43761.51,0.26,161917.59,129978.37,31939.22,Credit Card,No
ORD01851,1464,Mark Simmons,Female,32,Chennai,03-11-2024,Home,Vacuum Cleaner,5,5391.27,0.01,26686.79,22320.82,4365.97,Credit Card,No
ORD01852,1189,Alex Atkins,Male,37,chennai,10-10-2024,Beauty,Perfume,2,20965.43,,40672.93,26628.8,14044.13,Cash on Delivery,No
ORD01853,1300,Jessica Bates,Female,51,Kolkata,19-06-2024,Home,Desk,3,28855.4,0.25,64924.65,51379.29,13545.36,Cash on Delivery,No
ORD01854,1718,Jason Garcia,Male,33,Hyderabad,12-06-2023,Beauty,Shampoo,1,22266.56,0.11,19817.24,15848.68,3968.56,UPI,No
ORD01855,1264,Ryan Gonzalez,Male,45,Hyderabad,01-11-2024,Home,Mixer,4,21214.7,0.05,80615.86,64066.53,16549.33,Cash on Delivery,Yes
ORD01856,1244,Kimberly Mathis,Male,43,Kolkata,15-08-2023,Beauty,Shampoo,5,12331.71,0.22,48093.67,33198.71,14894.96,Net Banking,No
ORD01857,1658,Nancy Thompson,Male,57,Mumbai,2024/09/18,Home,Chair,2,6529.07,0.12,11491.16,9762.43,1728.73,Net Banking,No
ORD01858,1225,Anthony Hurst,Female,39,Chennai,2023/09/18,Fashion,Jacket,3,33309.15,0.01,98928.18,80596.49,18331.69,Credit Card,Yes
ORD01859,1084,Karen Bradley,Male,59,Pune,29-05-2024,Beauty,Face Wash,3,46353.7,0.21,109858.27,68554.03,41304.24,Cash on Delivery,No
ORD01860,1135,Brian Miller DDS,,19,Kolkata,11-12-2024,Home,Lamp,3,14810.83,0.12,39100.59,28909.09,10191.5,Cash on Delivery,No
ORD01861,1423,Julia Wright,Male,28,Bangalore,2024/02/29,Home,Desk,4,35775.26,,140239.02,89838.14,50400.88,Credit Card,No
ORD01862,1344,,Female,58,Mumbai,09-04-2024, Beauty ,Lipstick,4,16451.82,0.3,46065.1,30520.71,15544.39,Net Banking,No
ORD01863,1213,Mr. Gary Martinez,Male,59,Kolkata,27-10-2023,Home,Chair,4,22572.49,0.23,69523.27,52411.09,17112.18,UPI,No
ORD01864,1070,Paula Hall,Female,41,Chennai,13-07-2023,Home,Vacuum Cleaner,2,49481.76,0.13,86098.26,56340.11,29758.15,UPI,No
ORD01865,1766,Nicole Newton,Male,47,Pune,2023/07/18,Beauty,Moisturizer,2,20787.67,0.03,40328.08,27888.59,12439.49,Debit Card,No
ORD01866,1097,Jennifer Chung,Male,35,Bangalore,2023/12/08,Fashion,Jacket,4,7850.69,0.29,22295.96,13389.98,8905.98,Net Banking,No
ORD01867,1582,Nancy Davis,Male,30,Chennai,19-01-2024,Beauty,Moisturizer,3,14563.81,0.1,39322.29,30257.25,,Debit Card,No
ORD01868,1583,,Female,29,Delhi,08-09-2023,Beauty,Face Wash,4,16758.36,,58989.43,35416.16,23573.27,UPI,No
ORD01869,1008,Elizabeth Ross MD,Female,53,Chennai,29-03-2024,Beauty,Perfume,4,20925.4,0.26,61939.18,52133.15,9806.03,Debit Card,No
ORD01870,1336,Maria Farmer,Male,31,Kolkata,02-12-2023,Fashion,Sneakers,5,32000.62,0.05,152002.95,132171.7,19831.25,Credit Card,No
ORD01871,1013,Brandi Herrera,Male,28,Kolkata,2024/11/07,Home,Desk,1,16642.84,0.21,13147.84,11789.2,1358.64,Debit Card,No
ORD01872,1638,Robert Riley,Female,40,Hyderabad,19-01-2024,Fashion,Sneakers,2,35550.95,0.14,61147.63,42930.07,18217.56,Cash on Delivery,No
ORD01873,1252,Mike Walls,Male,27,Delhi,2024/08/21,Fashion,Dress,3,2076.05,0.1,5605.34,3466.36,2138.98,Debit Card,No
ORD01874,1027,,Female,23,Chennai,13-06-2024,Beauty,Moisturizer,1,49522.67,,47541.76,40671.08,6870.68,NET BANKING,No
ORD01875,1565,,Male,26,Hyderabad,22-06-2024,Home,Desk,1,30841.45,0.1,27757.31,19287.8,8469.51,Cash on Delivery,No
ORD01876,1019,John Walton,Male,32,Mumbai,2024/11/05,Electronics,Tablet,2,47376.51,0.26,70117.23,50490.01,19627.22,Credit Card,No
ORD01877,1446,Melissa Adkins,Female,50,Pune,2024/02/24,Home,Desk,2,24776.48,0.02,48561.9,40156.75,8405.15,UPI,Yes
ORD01878,1064,David Rojas,Male,50,nan,2023/11/06,Beauty,Moisturizer,4,40614.79,0.04,155960.79,137315.65,18645.14,Debit Card,No
ORD01879,1765,Michelle Hanson,Female,56,Chennai,2024/06/20,Electronics,Smartphone,1,44994.54,0.05,42744.81,29040.93,13703.88,Net Banking,No
ORD01880,1547,Timothy Hays,Male,27,Hyderabad,05-11-2023,Electronics,Tablet,5,12409.53,,52120.03,44780.74,,Debit Card,Yes
ORD01881,1625,Kimberly Sutton,Male,48,Kolkata,07-10-2023,Beauty,Shampoo,5,9348.82,0.14,40199.93,26456.98,13742.95,Net Banking,No
ORD01882,1265,Jessica Garza,Male,44,hyderabad,05-02-2024,Beauty,Shampoo,4,19461.14,0.25,58383.42,45772.34,12611.08,DEBIT CARD,No
ORD01883,1362,Susan Taylor,Male,19,delhi,04-02-2024,Home,Mixer,5,9931.7,0.24,37740.46,23862.37,13878.09,Debit Card,Yes
ORD01884,1499,Lisa Campbell,Female,46,Hyderabad,11-05-2023,Electronics,Smartwatch,2,12653.19,0.16,21257.36,14911.37,6345.99,Net Banking,No
ORD01885,1412,Tammy Barry,Male,57,Hyderabad,03-06-2023,Home,Vacuum Cleaner,5,21526.4,0.18,88258.24,70761.61,17496.63,UPI,No
ORD01886,1112,Rachel Perez,Male,52,Chennai,22-12-2023,Home,Lamp,1,42446.97,0.12,37353.33,24797.29,12556.04,Credit Card,Yes
ORD01887,1529,Lynn Smith,Male,42,,13-07-2023,Beauty,Lipstick,4,30929.41,0.24,94025.41,62839.73,31185.68,Net Banking,No
ORD01888,1800,Cathy Benitez,Male,43,Bangalore,30-12-2023,Beauty,Lipstick,1,44061.95,0.02,43180.71,34328.13,,UPI,No
ORD01889,1340,Katherine Adams,Male,54,Chennai,26-11-2023,Fashion,Jacket,5,39056.65,0.13,169896.43,128438.73,41457.7,Cash on Delivery,No
ORD01890,1740,Eric Diaz,Male,22,Bangalore,25-01-2023,Fashion,Dress,3,38080.34,0.21,90250.41,76432.62,13817.79,Cash on Delivery,No
ORD01891,1670,Christine Herrera,Male,45,,2023/07/17, Beauty ,Face Wash,1,13819.89,0.21,10917.71,6821.72,4095.99,Debit Card,No
ORD01892,1333,Ryan Stewart,Male,44,Chennai,2024/05/17,Home,Lamp,4,47118.5,0.17,156433.42,109535.52,46897.9,Net Banking,No
ORD01893,1065,Keith Burgess,Female,45,Mumbai,11-05-2023,Home,Vacuum Cleaner,5,18810.25,0.05,89348.69,64862.03,24486.66,Cash on Delivery,Yes
ORD01894,1406,Katherine Wright,Male,58,Bangalore,2024/08/28,Home,Mixer,1,4144.7,0.12,3647.34,2576.85,1070.49,Net Banking,No
ORD01895,1012,Maureen Nelson,Male,43,Bangalore,16-02-2023,Home,Chair,1,34127.44,0.12,30032.15,21452.19,8579.96,CREDIT CARD,No
ORD01896,1175,,Male,45,Pune,2023/11/13,Electronics,Headphones,2,10794.09,0.0,21588.18,15182.76,6405.42,Debit Card,Yes
ORD01897,1556,Christina Hernandez,Male,26,Chennai,22-12-2023,Home,Desk,3,28291.72,0.25,63656.37,47978.14,15678.23,Debit Card,No
ORD01898,1341,Gina Hernandez,Female,41,Chennai,2023/11/07,Home,Vacuum Cleaner,4,5111.49,0.17,16970.15,14880.04,,Net Banking,No
ORD01899,1159,Megan Stanley,Female,48,Kolkata,2023/02/23,Home,Lamp,4,28998.13,0.23,89314.24,57787.43,,Debit Card,No
ORD01900,1720,Amy Stephens,Female,33,hyderabad,06-06-2024,Electronics,Headphones,5,47251.58,0.19,191368.9,138548.71,52820.19,Credit Card,Yes
ORD01901,1097,,Male,34,Mumbai,28-09-2023,Fashion,Dress,1,12831.76,,11548.58,8982.31,2566.27,UPI,No
ORD01902,1385,Amy Smith,Male,42,Bangalore,09-09-2024,Fashion,Sneakers,5,21308.84,0.23,82039.03,68360.65,13678.38,UPI,Yes
ORD01903,1177,Stephanie Diaz,Male,56,Pune,11-08-2024, Fashion ,Jeans,1,12290.08,0.04,11798.48,8714.85,3083.63,Debit Card,No
ORD01904,1734,Kimberly Brown,Female,49,Mumbai,29-08-2024,Home,Vacuum Cleaner,1,48439.33,0.15,41173.43,35506.11,5667.32,DEBIT CARD,No
ORD01905,1543,Erik Roberts,Female,19,Delhi,03-02-2023,Beauty,Face Wash,1,11565.12,0.26,8558.19,6751.84,1806.35,Cash on Delivery,Yes
ORD01906,1531,Tiffany Walker,Female,19,Delhi,26-07-2023, Home ,Chair,1,28818.24,0.11,25648.23,16285.76,9362.47,Cash on Delivery,No
ORD01907,1551,Julie Benson,Male,18,Hyderabad,2024/05/03,Electronics,Tablet,1,23923.26,,16985.51,13734.9,3250.61,Net Banking,No
ORD01908,1564,Mitchell Chung,Male,52,Pune,21-03-2023,Beauty,Shampoo,4,11185.03,0.11,39818.71,30788.91,9029.8,Credit Card,No
ORD01909,1082,April Brown,Male,42,Delhi,09-07-2023,Beauty,Face Wash,2,3446.74,0.29,4894.37,2959.86,1934.51,Debit Card,No
ORD01910,1624,Zachary Jackson,Male,55,Kolkata,2023/09/16,Electronics,Laptop,5,6876.13,0.21,27160.71,24371.13,2789.58,Credit Card,Yes
ORD01911,1126,Amanda Coleman,Female,43,Mumbai,11-02-2024,Electronics,Smartwatch,1,21442.89,0.1,19298.6,15004.51,4294.09,Cash on Delivery,No
ORD01912,1108,David Davis,Male,32,Kolkata,14-10-2023,Fashion,Jeans,4,29950.37,0.15,101831.26,67074.15,34757.11,UPI,Yes
ORD01913,1263,Michael George,Female,36,Hyderabad,22-04-2023,Electronics,Smartphone,1,25739.03,0.23,19819.05,14494.29,5324.76,Cash on Delivery,Yes
ORD01914,1357,Marcus Lam,,20,hyderabad,14-06-2023,Electronics,Headphones,1,30265.06,0.14,26027.95,20415.78,5612.17,Cash on Delivery,No
ORD01915,1113,Theresa Hill,Female,33,Mumbai,01-01-2023, Electronics ,Laptop,4,9833.7,0.12,34614.62,27556.15,7058.47,UPI,No
ORD01916,1335,Brian Thompson,Female,26,chennai,29-01-2023,Electronics,Smartphone,1,6221.57,0.19,5039.47,3757.03,1282.44,Cash on Delivery,No
ORD01917,1410,James Smith,Female,32,delhi,2024/05/24,Home,Vacuum Cleaner,5,27582.61,0.04,132396.53,115025.85,,UPI,No
ORD01918,1192,Darin Sanchez,Female,60,Mumbai,2023/09/30,Fashion,Jacket,3,39431.78,0.01,117112.39,98682.88,18429.51,Net Banking,No
ORD01919,1018,Victoria Swanson,Male,25,Bangalore,28-04-2023,Home,Lamp,2,16126.36,,23867.01,20069.7,3797.31,UPI,No
ORD01920,1133,Phillip Taylor,Female,26,Chennai,13-07-2023,Electronics,Smartwatch,5,6019.28,0.3,21067.48,12911.02,8156.46,Credit Card,No
ORD01921,1619,Michele Vaughn,Female,33,Bangalore,2023/10/26,Electronics,Smartphone,3,2754.31,0.22,6445.09,5777.02,668.07,Net Banking,No
ORD01922,1740,Alyssa Brown,Male,18,bangalore,2024/09/15,Electronics,Headphones,2,23149.05,,37964.44,26775.43,11189.01,Debit Card,Yes
ORD01923,1761,Miguel Valdez,Female,52,Hyderabad,19-06-2023,Beauty,Lipstick,2,37547.1,0.12,66082.9,49843.42,16239.48,Credit Card,No
ORD01924,1680,Lisa Dean,Male,24,Delhi,22-08-2023,Electronics,Smartwatch,3,14064.34,0.26,31222.83,22316.05,8906.78,Net Banking,Yes
ORD01925,1259,Lisa Reynolds DDS,Male,29,Kolkata,25-06-2024,Home,Mixer,1,9208.76,0.1,8287.88,7393.93,893.95,UPI,No
ORD01926,1177,Carrie Moore,,55,Hyderabad,23-12-2024,Fashion,Sneakers,2,45731.02,0.18,74998.87,49254.93,25743.94,Net Banking,No
ORD01927,1630,Kenneth Wallace,Male,42,Pune,19-04-2024,Fashion,Jacket,3,7868.99,0.19,19121.65,14940.35,4181.3,Debit Card,No
ORD01928,1371,Larry Charles,Female,55,Pune,28-09-2023,Electronics,Tablet,5,41249.89,0.06,193874.48,136527.29,57347.19,Debit Card,No
ORD01929,1222,Christopher Bauer,,30,Bangalore,09-05-2024,Fashion,T-Shirt,3,7045.79,0.11,18812.26,15542.87,3269.39,Net Banking,No
ORD01930,1599,Mr. Barry Bailey,Male,53,,31-03-2023,Electronics,Laptop,1,32669.44,0.14,28095.72,17122.79,10972.93,Cash on Delivery,No
ORD01931,1071,,Female,49,Chennai,21-12-2024,Fashion,Dress,1,1415.17,0.2,1132.14,989.55,142.59,Debit Card,Yes
ORD01932,1059,Dawn Cunningham,Female,60,Pune,27-05-2024,Home,Desk,2,6630.4,0.1,11934.72,8474.63,3460.09,Credit Card,No
ORD01933,1083,Jennifer Williams,Female,22,Chennai,10-04-2024,Beauty,Shampoo,4,23439.9,0.14,80633.26,48685.9,31947.36,Debit Card,No
ORD01934,1074,Samantha Jimenez,Female,47,pune,31-05-2023,Electronics,Headphones,5,39294.09,0.24,149317.54,124473.61,24843.93,Credit Card,No
ORD01935,1274,Charlotte Klein,Female,54,Delhi,2023/06/28,Beauty,Moisturizer,1,49292.18,0.14,42391.27,30534.79,11856.48,Net Banking,No
ORD01936,1084,Keith Thomas,Female,30,Bangalore,20-11-2024,Electronics,Tablet,2,1181.62,0.06,2221.45,1771.93,449.52,Net Banking,No
ORD01937,1467,Miss Cynthia Smith,Male,33,Kolkata,2023/03/27,Home,Vacuum Cleaner,1,10604.32,0.14,9119.72,7824.92,1294.8,Cash on Delivery,No
ORD01938,1137,Johnathan Lindsey,Female,19,Kolkata,2023/01/26,Fashion,Jeans,2,39406.14,0.14,67778.56,58748.7,9029.86,Cash on Delivery,Yes
ORD01939,1192,Kevin Huang,Male,22,bangalore,09-06-2023,Beauty,Face Wash,5,34340.68,0.11,152816.03,92329.53,60486.5,Net Banking,No
ORD01940,1616,Laura Tran,,31,mumbai,2024/02/21,Beauty,Moisturizer,1,12769.36,0.16,10726.26,8444.91,2281.35,UPI,No
ORD01941,1249,Stacey Howell,Female,54,Bangalore,09-03-2023,Electronics,Smartwatch,4,27705.1,0.08,101954.77,90664.93,11289.84,Cash on Delivery,Yes
ORD01942,1479,Joshua Flores,Female,41,Kolkata,2024/10/11,Electronics,Laptop,4,31539.23,0.27,92094.55,67306.21,24788.34,Net Banking,No
ORD01943,1698,James Watkins,Male,26,Kolkata,03-10-2023,Fashion,Sneakers,4,38420.4,0.02,150607.97,116296.57,34311.4,Credit Card,No
ORD01944,1162,April Davidson,Female,59,Bangalore,23-04-2024,Home,Vacuum Cleaner,5,28857.26,0.08,132743.4,118546.82,14196.58,Debit Card,No
ORD01945,1603,Todd Carpenter,Female,25,Bangalore,26-12-2024, Electronics ,Smartwatch,2,48035.57,0.06,90306.87,66150.42,24156.45,Cash on Delivery,No
ORD01946,1096,Joseph Jones,Male,37,Hyderabad,14-04-2024,Electronics,Tablet,5,39255.82,0.2,157023.28,130294.41,26728.87,Cash on Delivery,Yes
ORD01947,1104,Kathleen Brown,Male,45,kolkata,28-08-2023,Electronics,Headphones,1,2492.29,0.22,1943.99,1415.46,528.53,NET BANKING,Yes
ORD01948,1082,Brian Brown,Male,58,Kolkata,2023/08/04,Beauty,Moisturizer,4,39364.9,0.17,130691.47,81110.94,49580.53,Credit Card,No
ORD01949,1275,Madison Herrera,Female,40,Chennai,10-04-2024,Electronics,Headphones,1,13777.92,0.2,11022.34,7022.2,4000.14,Net Banking,No
ORD01950,1219,Robert Washington,Female,35,Hyderabad,2024/12/19,Home,Chair,4,26065.71,0.11,92793.93,66156.7,26637.23,Credit Card,No
ORD01951,1260,Debra Russell,Female,20,Chennai,20-06-2023,Fashion,Jeans,5,8511.95,0.19,34473.4,24049.2,10424.2,Credit Card,Yes
ORD01952,1738,,Male,56,Pune,2024/01/14,Home,Desk,3,36809.49,0.16,92759.91,60488.16,32271.75,Cash on Delivery,Yes
ORD01953,1432,Derrick Horton,Male,22,Bangalore,2023/05/16,Fashion,Jeans,5,13939.32,0.01,68999.63,55249.05,13750.58,Net Banking,No
ORD01954,1301,Cathy Solis,Male,55,pune,2023/05/27,Home,Vacuum Cleaner,4,35152.91,0.06,132174.94,79524.02,52650.92,Net Banking,No
ORD01955,1446,,,48,Kolkata,2024/07/05,Home,Chair,1,36349.71,0.03,35259.22,25468.92,9790.3,Credit Card,No
ORD01956,1128,Maxwell Gardner,Female,41,Chennai,24-03-2023,Beauty,Perfume,1,36459.32,0.25,27344.49,19750.59,7593.9,Cash on Delivery,No
ORD01957,1634,Angela Miller,Male,30,Chennai,2024/09/08,Home,Desk,1,6670.76,0.02,6537.34,5663.63,,UPI,No
ORD01958,1790,Edward Kennedy,Male,28,Kolkata,2023/11/02,Beauty,Moisturizer,2,33024.27,0.11,58783.2,43345.37,15437.83,UPI,No
ORD01959,1401,Kevin Shannon,Female,45,Hyderabad,20-11-2024,Home,Vacuum Cleaner,4,8073.33,0.22,25188.79,21972.14,3216.65,Net Banking,No
ORD01960,1499,Danny Whitney,,43,nan,2023/11/13,Electronics,Laptop,2,41288.37,0.28,59455.25,38106.79,21348.46,Credit Card,No
ORD01961,1025,Samantha Miller,Female,48,,2023/07/05,Home,Desk,1,11932.02,0.16,10022.9,8627.15,,Debit Card,No
ORD01962,1521,Sabrina Myers,Male,51,Bangalore,04-10-2023,Beauty,Perfume,1,34642.05,0.04,33256.37,23485.7,,Cash on Delivery,No
ORD01963,1732,Joshua Wallace,Male,55,Kolkata,2024/11/13,Beauty,Face Wash,3,11623.86,0.09,31733.14,23340.35,8392.79,Net Banking,No
ORD01964,1096,Dr. Connor Williams MD,Male,31,Hyderabad,22-02-2023,Electronics,Tablet,5,35360.8,0.24,134371.04,87437.75,46933.29,Credit Card,Yes
ORD01965,1186,Gina Carpenter,Female,18,Kolkata,18-08-2023,Home,Vacuum Cleaner,3,29533.88,0.19,71767.33,49721.54,22045.79,Debit Card,Yes
ORD01966,1543,Matthew Brown,Female,58,Chennai,08-12-2024,Electronics,Smartphone,3,10233.6,0.18,25174.66,16632.6,8542.06,Debit Card,Yes
ORD01967,1655,Kevin Sanchez,Male,47,Mumbai,2023/02/27,Electronics,Tablet,1,12699.2,0.16,10667.33,8683.34,1983.99,Credit Card,Yes
ORD01968,1005,Antonio Ward,Male,42,Chennai,2023/02/09,Beauty,Lipstick,1,45009.56,0.15,38258.13,33033.65,5224.48,Debit Card,Yes
ORD01969,1742,Tammy Ward,Female,57,Kolkata,2023/10/21, Beauty ,Perfume,3,1086.8,0.01,3227.8,1958.82,,Credit Card,No
ORD01970,1187,Marilyn Watson,Male,52,Mumbai,24-06-2023,Home,Vacuum Cleaner,1,45657.13,0.23,35155.99,30663.34,4492.65,Cash on Delivery,Yes
ORD01971,1321,Austin Allen,Female,32,Hyderabad,11-11-2023,Fashion,Jeans,2,22124.68,0.17,36726.97,24013.82,12713.15,Net Banking,No
ORD01972,1096,,Male,48,Hyderabad,08-02-2023,Electronics,Smartwatch,3,45045.25,0.05,128378.96,94447.94,,Cash on Delivery,No
ORD01973,1434,Kendra Mitchell,Male,29,Pune,10-05-2023,Beauty,Shampoo,5,13551.22,0.14,58270.25,40663.9,17606.35,DEBIT CARD,Yes
ORD01974,1572,Elizabeth Payne,Male,18,pune,2024/03/23,Electronics,Headphones,3,2057.05,0.19,4998.63,4208.32,790.31,UPI,No
ORD01975,1240,Patrick Graves,Female,58,,2023/12/27,Home,Desk,3,603.25,0.22,1411.61,923.49,488.12,Credit Card,No
ORD01976,1542,Jill Hudson,Male,37,Delhi,2023/01/31,Electronics,Laptop,5,47313.58,0.03,229470.86,159885.99,69584.87,Net Banking,No
ORD01977,1291,Dennis Collins,Female,46,Chennai,13-03-2024,Beauty,Face Wash,3,1080.31,0.11,2884.43,2267.02,617.41,Credit Card,No
ORD01978,1670,Jennifer Chan,Female,36,Pune,03-12-2023,Fashion,Jeans,1,30691.56,0.23,23632.5,20196.19,3436.31,UPI,No
ORD01979,1213,Andrew Rose,Female,43,Kolkata,20-09-2023,Electronics,Laptop,3,47311.63,0.14,122064.01,104738.72,17325.29,Credit Card,No
ORD01980,1458,Timothy Alexander,Male,21,Pune,2023/01/31,Home,Chair,5,32375.9,0.14,139216.37,124026.36,15190.01,Cash on Delivery,Yes
ORD01981,1113,Lisa Bowers,Male,29,Kolkata,26-07-2024,Fashion,Sneakers,1,39995.09,0.28,28796.46,20453.24,8343.22,UPI,No
ORD01982,1328,Nicholas Martin,Female,54,Delhi,15-05-2023,Home,Chair,5,39265.36,0.09,178657.39,146968.13,31689.26,Debit Card,No
ORD01983,1499,Patricia Warren,,18,Mumbai,25-05-2023,Fashion,Dress,5,31893.15,0.16,133951.23,116024.02,17927.21,Net Banking,No
ORD01984,1298,Mary Leon,,28,Pune,02-03-2023,Beauty,Face Wash,1,11195.24,0.14,9627.91,6602.5,3025.41,UPI,No
ORD01985,1728,Jeremy Little,Male,30,Bangalore,10-07-2023,Fashion,Dress,3,34634.21,0.2,83122.1,73836.86,9285.24,UPI,No
ORD01986,1167,Wendy Morales,Male,40,Chennai,30-12-2023,Beauty,Moisturizer,1,43286.55,0.08,39823.63,32523.17,7300.46,UPI,Yes
ORD01987,1696,Jack Lowe,Male,55,Kolkata,10-09-2024,Beauty,Perfume,1,32812.19,0.24,24937.26,15534.46,9402.8,Cash on Delivery,Yes
ORD01988,1166,Miguel Chavez,Male,48,delhi,28-01-2023,Beauty,Lipstick,4,41223.67,0.01,163245.73,125800.03,37445.7,Credit Card,No
ORD01989,1704,Frank Macdonald,Male,31,Bangalore,19-04-2024,Electronics,Tablet,3,30127.47,0.03,87670.94,69572.4,18098.54,Debit Card,No
ORD01990,1046,Alexandra Farmer,Male,49,Delhi,24-03-2024,Beauty,Shampoo,2,28813.73,0.16,48407.07,42017.53,6389.54,Debit Card,Yes
ORD01991,1394,Fernando Morrow,Male,50,mumbai,28-05-2023,Beauty,Perfume,5,24588.73,0.26,90978.3,56997.36,33980.94,Net Banking,No
ORD01992,1286,John Nixon,Female,35,Pune,01-08-2023,Electronics,Laptop,5,30052.06,0.22,117203.03,70378.67,46824.36,Credit Card,No
ORD01993,1647,Ryan Hester,Female,46,Delhi,09-09-2024,Beauty,Moisturizer,5,37114.11,0.22,144745.03,88285.04,56459.99,UPI,No
ORD01994,1140,Kristen Rocha,Male,57,delhi,2023/04/22, Fashion ,Jeans,5,3489.02,0.2,13956.08,10415.63,3540.45,Cash on Delivery,No
ORD01995,1247,,Male,34,Mumbai,22-03-2024,Electronics,Laptop,5,22418.36,0.18,91915.28,58175.21,33740.07,Cash on Delivery,No
ORD01996,1760,Alexandria Rios,Female,52,Kolkata,15-03-2024,Beauty,Shampoo,3,24562.98,0.18,60424.93,39360.85,21064.08,Credit Card,No
ORD01997,1061,Samuel Thomas,Female,26,Bangalore,2023/12/21,Electronics,Headphones,5,29842.04,0.11,132797.08,113692.73,19104.35,Cash on Delivery,Yes
ORD01998,1215,Kimberly Ford,Male,56,Mumbai,2024/08/08,Home,Vacuum Cleaner,1,7594.45,0.21,5999.62,4933.53,1066.09,Credit Card,No
ORD01999,1290,Donald Vaughn,Male,43,Kolkata,2023/12/26,Beauty,Face Wash,2,9924.79,0.0,19849.58,16188.57,3661.01,Debit Card,No
ORD02000,1719,Elizabeth Benson,Female,35,Mumbai,15-10-2024,Fashion,Jacket,3,420.64,0.08,1160.97,947.1,213.87,Net Banking,Yes
ORD02001,1418,Ashley Fernandez,Male,23,Mumbai,28-05-2024,Fashion,T-Shirt,3,7582.75,0.1,20473.42,16655.76,3817.66,Net Banking,No
ORD02002,1367,Michelle Hensley,Male,21,Chennai,05-02-2024,Electronics,Headphones,1,22527.33,0.05,21400.96,16116.6,5284.36,Net Banking,No
ORD02003,1069,Calvin Hudson,Male,48,Kolkata,06-10-2024,Fashion,T-Shirt,2,7969.4,0.14,13707.37,8415.88,5291.49,Net Banking,No
ORD02004,1075,April White,Female,27,Pune,2023/04/27,Fashion,Jacket,5,12662.39,0.08,58246.99,37103.72,21143.27,Cash on Delivery,No
ORD02005,1282,Mary Howard,Male,42,Kolkata,02-03-2024,Home,Lamp,4,25281.66,0.29,71799.91,48177.05,23622.86,UPI,No
ORD02006,1040,Scott Huynh,Female,59,,2023/07/16,Fashion,T-Shirt,5,10920.37,0.16,45865.55,33102.59,12762.96,UPI,No
ORD02007,1205,Dominique Turner,Male,55,Chennai,03-04-2024,Beauty,Moisturizer,2,32571.86,0.18,53417.85,42497.74,10920.11,Credit Card,No
ORD02008,1185,Michael Williams,Male,19,Mumbai,17-01-2024, Electronics ,Smartwatch,3,15184.79,0.25,34165.78,29081.39,5084.39,UPI,Yes
ORD02009,1345,Jessica Martinez,Male,25,Chennai,04-02-2024,Beauty,Moisturizer,2,9551.67,0.24,14518.54,12697.45,1821.09,Cash on Delivery,Yes
ORD02010,1034,Grace Lawrence,Female,25,Chennai,17-06-2023, Beauty ,Lipstick,2,30154.58,0.13,52468.97,31863.4,20605.57,Credit Card,Yes
ORD02011,1011,Gary Powell,Male,20,chennai,2024/03/15,Home,Chair,3,15519.82,0.15,39575.54,25651.62,13923.92,Net Banking,No
ORD02012,1018,Jennifer Nixon,Female,21,pune,25-05-2024,Beauty,Moisturizer,5,1763.31,0.08,8111.23,4945.65,3165.58,DEBIT CARD,No
ORD02013,1043,Luke Arnold,Female,45,Kolkata,16-04-2023,Home,Mixer,4,29779.88,0.06,111972.35,67749.04,44223.31,Cash on Delivery,No
ORD02014,1297,Michael Morgan,Male,53,Mumbai,31-12-2024,Beauty,Lipstick,5,23418.12,0.11,104210.63,76255.9,27954.73,Net Banking,No
ORD02015,1232,Marie Matthews,Female,24,Delhi,02-01-2024,Home,Vacuum Cleaner,4,14266.61,0.16,47935.81,37827.16,10108.65,UPI,Yes
ORD02016,1602,Brian Moran,Female,38,Delhi,14-02-2023,Fashion,Jacket,3,42921.55,0.12,113312.89,94690.49,,UPI,No
ORD02017,1004,Dawn Griffith,Female,60,Kolkata,27-04-2024,Fashion,Jeans,4,2219.69,,7902.1,5234.93,2667.17,Net Banking,No
ORD02018,1766,Chad Webster,Male,49,Mumbai,2023/02/21,Fashion,Jeans,4,3536.93,0.13,12308.52,8351.24,,Credit Card,No
ORD02019,1045,Corey Jennings,Male,47,Hyderabad,11-06-2023,Fashion,T-Shirt,2,43532.5,0.27,63557.45,42046.03,21511.42,UPI,Yes
ORD02020,1388,Andrew Watkins,Female,53,Pune,25-01-2024,Home,Lamp,4,12727.52,0.28,36655.26,27921.88,8733.38,Cash on Delivery,No
ORD02021,1649,Stephen Williams,Male,59,Hyderabad,04-01-2023,Electronics,Smartphone,3,10889.25,0.3,22867.42,15142.2,7725.22,Credit Card,No
ORD02022,1166,Alyssa Hayes,Female,44,Pune,03-03-2023,Home,Desk,1,47724.94,0.02,46770.44,31374.7,15395.74,UPI,Yes
ORD02023,1620,Sophia Sullivan,Male,57,Hyderabad,06-03-2024,Electronics,Smartwatch,4,47839.99,0.15,162655.97,126018.03,36637.94,Cash on Delivery,No
ORD02024,1716,Ms. Nicole Carlson,Male,56,hyderabad,22-09-2024,Beauty,Lipstick,1,28711.93,0.21,22682.42,16701.99,5980.43,UPI,No
ORD02025,1564,Anthony Kelly,Female,42,Delhi,28-03-2023,Electronics,Laptop,3,41025.76,0.09,112000.32,88503.43,23496.89,Net Banking,Yes
ORD02026,1622,Christopher Clark,Female,20,Mumbai,03-01-2023,Electronics,Laptop,1,26881.18,0.12,23655.44,18486.53,5168.91,Credit Card,No
ORD02027,1665,Joshua Robertson,Male,45,Delhi,03-09-2023,Electronics,Headphones,1,28644.49,0.19,23202.04,17042.37,6159.67,Credit Card,No
ORD02028,1684,Steven Hamilton,Female,55,Hyderabad,2023/11/24,Beauty,Moisturizer,1,43148.55,0.05,40991.12,30532.55,10458.57,Cash on Delivery,No
ORD02029,1734,Julie Hoover,Female,22,Chennai,13-03-2024,Beauty,Shampoo,3,27360.48,0.03,79619.0,53183.89,26435.11,Debit Card,No
ORD02030,1736,Samuel Brown,Male,46,Kolkata,21-11-2023,Electronics,Smartwatch,1,43944.92,0.01,43505.47,31618.96,11886.51,Debit Card,No
ORD02031,1754,Stephanie Leach,Female,32,Kolkata,2024/05/24,Home,Lamp,3,18091.11,0.17,45046.86,29552.4,15494.46,UPI,Yes
ORD02032,1273,Andrew Cannon,Female,60,Pune,15-10-2024,Electronics,Headphones,1,48444.24,0.14,41662.05,29124.05,12538.0,Cash on Delivery,No
ORD02033,1065,Traci Mendoza,Female,25,Pune,2024/02/07,Electronics,Smartwatch,5,2534.84,0.17,10519.59,7618.7,2900.89,Net Banking,Yes
ORD02034,1118,Victoria Williams,Male,60,Delhi,28-12-2024,Electronics,Smartwatch,5,3990.15,0.09,18155.18,15328.62,2826.56,Credit Card,No
ORD02035,1191,Sergio Long,,49,Mumbai,02-02-2023,Beauty,Moisturizer,2,15405.03,0.18,25264.25,22037.15,3227.1,Debit Card,Yes
ORD02036,1352,Evelyn Sweeney,Female,51,Mumbai,2024/09/13,Home,Vacuum Cleaner,4,32233.43,0.23,99278.96,75319.45,23959.51,Credit Card,No
ORD02037,1565,Brad Jones,,31,,01-03-2024,Beauty,Perfume,5,40869.68,0.03,198217.95,167075.65,,UPI,No
ORD02038,1324,Michael Russell,Male,47,Bangalore,01-02-2024,Beauty,Face Wash,2,11760.78,0.01,23286.34,15881.01,7405.33,DEBIT CARD,Yes
ORD02039,1527,Edward Huerta,Female,49,Hyderabad,09-07-2023, Home ,Desk,4,14851.9,0.11,52872.76,36944.38,15928.38,DEBIT CARD,No
ORD02040,1292,Lori Curtis,,19,mumbai,21-11-2023,Beauty,Face Wash,3,37207.78,0.21,88182.44,53341.67,34840.77,Credit Card,No
ORD02041,1494,Danielle Simmons,Female,49,bangalore,2023/12/23, Electronics ,Headphones,1,5438.88,0.05,5166.94,3484.57,1682.37,Net Banking,No
ORD02042,1178,Tina Alvarado,Female,59,Chennai,25-07-2023,Beauty,Moisturizer,2,47092.64,0.14,80999.34,54169.91,,Net Banking,No
ORD02043,1036,Joseph Glenn,Female,44,Hyderabad,25-05-2024,Home,Desk,4,5000.7,0.24,15202.13,12313.06,2889.07,Cash on Delivery,No
ORD02044,1233,Travis Vaughn,Male,58,Mumbai,21-09-2024,Home,Mixer,5,41295.26,0.23,158986.75,96953.27,62033.48,UPI,Yes
ORD02045,1685,Jennifer Crawford,Male,52,,11-12-2024,Fashion,T-Shirt,2,5950.19,0.28,8568.27,7231.96,1336.31,UPI,No
ORD02046,1002,Mrs. Michelle Smith,Female,58,chennai,23-08-2023,Fashion,Sneakers,1,3534.58,0.01,3499.23,2467.9,1031.33,UPI,No
ORD02047,1753,Dustin West,Female,58,Chennai,12-09-2024,Beauty,Face Wash,4,22798.69,0.08,83899.18,54475.08,29424.1,Net Banking,Yes
ORD02048,1409,Adam Rodriguez,Female,19,Mumbai,29-08-2024,Home,Chair,2,932.55,0.09,1697.24,1315.52,381.72,Net Banking,No
ORD02049,1735,Devon Zamora,Male,43,delhi,09-11-2024,Electronics,Tablet,4,31528.35,0.04,121068.86,89978.71,31090.15,Cash on Delivery,Yes
ORD02050,1501,Marvin Bishop,Male,44,Bangalore,19-08-2024,Electronics,Laptop,3,25532.98,0.29,54385.25,38078.9,16306.35,NET BANKING,No
ORD02051,1122,Jane Clark,Male,51,Kolkata,23-03-2024,Electronics,Laptop,1,9054.64,0.29,6428.79,4429.66,1999.13,Cash on Delivery,No
ORD02052,1502,Jennifer Dixon,Male,58,Hyderabad,2024/03/18,Electronics,Smartwatch,1,6670.33,0.26,4936.04,3902.77,1033.27,UPI,Yes
ORD02053,1570,Mallory Miller,Female,42,Bangalore,05-03-2023,Fashion,Jacket,5,7591.14,0.12,33401.02,21961.88,11439.14,Cash on Delivery,No
ORD02054,1068,Hunter Mcclure,Male,20,Chennai,29-01-2024,Fashion,T-Shirt,1,38627.23,0.1,34764.51,24335.39,10429.12,Net Banking,No
ORD02055,1123,Bryan Garrett,Female,57,bangalore,2023/03/01,Beauty,Face Wash,4,13365.98,0.22,41701.86,36758.09,4943.77,Credit Card,No
ORD02056,1022,Robert Jones,Female,23,Delhi,2024/10/22,Electronics,Smartwatch,2,14926.02,0.12,26269.8,17482.43,8787.37,Debit Card,No
ORD02057,1192,Heather Butler,Female,22,Bangalore,14-08-2023,Electronics,Smartphone,1,37531.54,0.16,31526.49,23245.55,8280.94,Credit Card,Yes
ORD02058,1181,Sandra Johnson,Male,19,Hyderabad,08-03-2024,Home,Vacuum Cleaner,1,22139.12,,18818.25,14507.93,4310.32,Cash on Delivery,No
ORD02059,1388,Ross Anderson,Male,44,Pune,24-11-2023,Beauty,Face Wash,5,48025.33,0.25,180094.99,137615.96,42479.03,UPI,No
ORD02060,1650,Erin Martin,Female,44,Pune,03-09-2024,Electronics,Headphones,3,32215.05,0.05,91812.89,68538.03,23274.86,Debit Card,No
ORD02061,1647,Luke Kirk,Male,19,mumbai,05-01-2024,Electronics,Tablet,1,815.14,0.22,635.81,490.01,145.8,UPI,Yes
ORD02062,1315,Robert Benton,Female,48,Mumbai,10-10-2024,Beauty,Face Wash,4,20189.77,0.2,1292145.2,40513.0,24094.26,UPI,No
ORD02063,1777,Raymond Thompson,Female,46,Mumbai,21-09-2023,Fashion,Sneakers,2,46338.85,0.23,71361.83,59979.68,11382.15,Cash on Delivery,No
ORD02064,1365,Thomas Garcia,Female,33,Mumbai,31-08-2023, Fashion ,Sneakers,4,26668.0,0.3,74670.4,67047.8,7622.6,Net Banking,No
ORD02065,1588,Matthew Singleton,Male,23,Pune,09-11-2023,Fashion,Sneakers,3,1275.31,0.27,2792.93,2364.84,428.09,Credit Card,No
ORD02066,1779,Jennifer Kelly,Male,26,Hyderabad,02-04-2024,Electronics,Smartwatch,5,9106.39,0.05,43255.35,35228.09,8027.26,UPI,No
ORD02067,1774,Patrick Adkins,Female,40,Mumbai,20-07-2023,Fashion,Jeans,1,37678.73,,28635.83,21143.85,,UPI,Yes
ORD02068,1526,Joseph Kim,Female,23,Chennai,15-06-2024,Fashion,Dress,4,4319.54,0.24,13131.4,7902.03,5229.37,Cash on Delivery,Yes
ORD02069,1538,Heather Morales,Female,56,chennai,2023/09/05,Beauty,Shampoo,3,27637.79,0.02,81255.1,64194.58,17060.52,Net Banking,No
ORD02070,1059,Sarah White,Male,49,Kolkata,2024/08/01,Home,Vacuum Cleaner,3,48399.24,0.21,114706.2,92917.69,21788.51,Cash on Delivery,No
ORD02071,1669,Nicholas Orozco,Male,22,Pune,01-06-2023,Home,Desk,2,17585.09,0.22,27432.74,22112.46,5320.28,Net Banking,No
ORD02072,1589,Miranda Harris,Male,37,Kolkata,2024/01/06,Home,Mixer,4,33626.95,0.29,95500.54,58861.03,36639.51,CASH ON DELIVERY,No
ORD02073,1041,Jonathon Shelton,Male,21,Delhi,2024/03/14,Fashion,Jeans,3,14221.39,,31144.84,26337.72,4807.12,Cash on Delivery,Yes
ORD02074,1092,Catherine Jensen,Female,49,mumbai,01-06-2024,Fashion,Jeans,4,36343.76,0.06,136652.54,91418.71,45233.83,CREDIT CARD,No
ORD02075,1563,Thomas Ruiz,Male,46,Mumbai,25-04-2023,Electronics,Smartwatch,4,35344.76,0.16,118758.39,84884.95,33873.44,Debit Card,No
ORD02076,1694,Adam Sherman,Male,39,Kolkata,21-07-2023, Home ,Lamp,2,40146.57,0.18,65840.37,51557.88,14282.49,Debit Card,No
ORD02077,1637,Teresa Meadows,Male,25,Bangalore,29-10-2023,Fashion,Sneakers,5,49996.52,0.26,184987.12,137063.49,47923.63,Credit Card,No
ORD02078,1180,Frank Roberts,Male,52,,2024/08/16,Fashion,Jeans,4,12868.28,0.04,49414.2,35791.82,13622.38,Cash on Delivery,Yes
ORD02079,1019,David Lam,Male,44,Mumbai,2023/10/02,Electronics,Smartphone,5,27499.91,0.03,133374.56,90068.82,43305.74,Credit Card,No
ORD02080,1205,Kristina Brady,Female,58,delhi,31-07-2023,Fashion,Jacket,1,6292.87,0.14,5411.87,3908.32,1503.55,CASH ON DELIVERY,Yes
ORD02081,1389,Claudia Grant,Female,20,Chennai,2024/11/27,Electronics,Smartphone,4,25178.52,0.29,71507.0,44221.21,27285.79,Debit Card,No
ORD02082,1694,Gary Johnson,Male,58,Bangalore,2023/10/26,Electronics,Headphones,4,15248.05,0.26,45134.23,31376.42,13757.81,Cash on Delivery,Yes
ORD02083,1675,Alexandra Cooper,Female,29,Chennai,13-02-2023,Home,Lamp,1,29916.24,0.0,29916.24,19697.87,10218.37,UPI,No
ORD02084,1457,Katie Miranda,Female,33,Kolkata,19-11-2024,Home,Vacuum Cleaner,1,27966.39,0.02,27407.06,22797.48,4609.58,DEBIT CARD,No
ORD02085,1392,,Female,35,pune,17-06-2024,Beauty,Face Wash,4,34687.59,0.03,134587.85,93607.71,40980.14,Cash on Delivery,Yes
ORD02086,1381,Scott Perry,Male,45,Kolkata,28-07-2023,Beauty,Shampoo,3,17978.36,0.03,52317.03,42812.4,9504.63,Cash on Delivery,No
ORD02087,1645,Joshua Peterson,Male,32,Pune,06-01-2024,Fashion,Sneakers,4,27227.98,0.1,98020.73,86372.35,11648.38,Credit Card,Yes
ORD02088,1375,Martin Gardner,Female,46,Hyderabad,06-02-2023,Beauty,Lipstick,2,16103.97,0.02,31563.78,26889.49,4674.29,Credit Card,No
ORD02089,1152,Kristin Young,,45,Kolkata,30-10-2024,Electronics,Smartphone,5,4588.71,0.23,17666.53,13437.56,4228.97,Net Banking,No
ORD02090,1403,,Female,40,Bangalore,08-09-2023,Home,Chair,2,28279.49,0.15,48075.13,38316.12,,Net Banking,No
ORD02091,1089,Zachary Vega,Female,35,Hyderabad,18-08-2024,Fashion,Dress,1,30884.92,0.29,21928.29,18342.65,3585.64,Cash on Delivery,Yes
ORD02092,1287,Stephen Kelly,Male,20,Pune,03-03-2023, Home ,Desk,2,4464.84,0.23,6875.85,5464.63,1411.22,Cash on Delivery,No
ORD02093,1294,Sherri Anderson,Male,31,,17-08-2024,Fashion,Sneakers,4,47596.57,0.18,156116.75,139359.52,16757.23,Cash on Delivery,Yes
ORD02094,1621,Wendy Thompson,Female,60,Delhi,2023/10/06,Electronics,Headphones,3,27169.18,0.15,69281.41,55199.93,14081.48,Cash on Delivery,No
ORD02095,1563,William Mills,Male,29,Bangalore,2023/06/19,Electronics,Headphones,2,31333.04,0.21,49506.2,38012.14,11494.06,Credit Card,No
ORD02096,1106,Heather Jordan,Female,32,Delhi,05-04-2023, Fashion ,Sneakers,3,29348.55,0.06,82762.91,61203.49,21559.42,Credit Card,No
ORD02097,1062,Christina Stafford,Female,30,Pune,2023/05/10,Beauty,Moisturizer,3,41497.0,0.28,89633.52,71351.25,18282.27,Net Banking,No
ORD02098,1084,Shannon Wall,Male,51,kolkata,10-03-2024,Electronics,Smartwatch,4,37119.05,0.04,142537.15,97870.13,44667.02,Credit Card,Yes
ORD02099,1740,Elizabeth Coleman,Female,-5,pune,2023/01/15,Home,Lamp,3,47179.83,0.05,134462.52,90307.7,44154.82,Cash on Delivery,Yes
ORD02100,1571,,Male,21,Chennai,2023/12/16, Fashion ,Sneakers,5,48870.98,0.16,205258.12,149990.16,55267.96,Cash on Delivery,No
ORD02101,1344,Sheri Lawson,Female,54,Delhi,21-06-2023,Home,Mixer,3,26413.2,0.25,59429.7,48470.57,,Credit Card,No
ORD02102,1618,Crystal Williams,Female,23,Hyderabad,16-03-2023,Home,Vacuum Cleaner,3,24557.98,0.29,52308.5,45727.17,6581.33,Net Banking,No
ORD02103,1400,Thomas Meyers,Female,19,,2023/03/12,Home,Lamp,1,37304.67,0.08,34320.3,22251.75,12068.55,Debit Card,Yes
ORD02104,1124,Julie Adams,Female,51,Hyderabad,2024/01/29,Beauty,Perfume,4,36277.13,0.03,140755.26,92172.74,48582.52,Credit Card,No
ORD02105,1439,Glenn Gibson,Male,24,Hyderabad,09-04-2024,Beauty,Perfume,5,31467.42,0.25,118002.82,96041.05,21961.77,Debit Card,No
ORD02106,1019,Joshua Gallegos,,49,Delhi,26-01-2024,Beauty,Perfume,4,19628.26,0.15,66736.08,50921.07,,Debit Card,Yes
ORD02107,1601,Margaret Payne,Female,24,Pune,2023/05/28,Electronics,Tablet,1,29253.25,0.08,26912.99,23508.85,3404.14,Cash on Delivery,No
ORD02108,1420,,Male,52,Hyderabad,2023/02/09,Beauty,Face Wash,1,14071.9,0.12,12383.27,7716.38,4666.89,Credit Card,No
ORD02109,1574,Larry Clark,Female,43,,16-03-2023,Home,Lamp,5,25702.92,0.01,127229.45,77648.84,49580.61,Cash on Delivery,No
ORD02110,1001,John Sanchez,Male,26,Mumbai,2024/03/11,Fashion,Dress,1,12310.18,0.02,12063.98,9877.41,2186.57,UPI,No
ORD02111,1166,Luke Franco,Female,29,Mumbai,2024/12/25,Home,Vacuum Cleaner,2,14788.68,0.27,21591.47,16172.83,5418.64,Credit Card,No
ORD02112,1583,Justin Hughes,Female,23,Chennai,15-03-2024,Home,Chair,4,26708.93,0.0,106835.72,89497.38,17338.34,Cash on Delivery,No
ORD02113,1559,Stephen Burke,Male,34,Delhi,08-10-2023,Electronics,Smartwatch,3,13521.23,0.12,35696.05,25150.95,10545.1,Debit Card,No
ORD02114,1166,Robert Gonzalez,Female,51,Bangalore,21-06-2024,Fashion,Sneakers,4,6867.11,0.26,20326.65,14379.1,5947.55,UPI,No
ORD02115,1719,Robert Newman,Male,50,Hyderabad,24-03-2023,Beauty,Face Wash,2,16225.72,0.01,32126.93,27240.47,4886.46,Net Banking,Yes
ORD02116,1648,Mackenzie Bradley,,50,chennai,21-01-2024,Fashion,Jacket,2,31685.37,0.1,57033.67,39632.58,17401.09,UPI,No
ORD02117,1228,Erica Walker,Female,47,Kolkata,2024/07/06,Electronics,Smartwatch,4,38867.93,0.05,147698.13,125081.6,22616.53,CREDIT CARD,No
ORD02118,1638,Thomas Chavez,Female,37,Chennai,10-12-2023,Electronics,Laptop,4,7851.34,0.11,27950.77,22966.88,4983.89,Net Banking,No
ORD02119,1795,Keith Ponce,Male,28,,2023/08/04,Home,Chair,5,8081.77,0.29,28690.28,23701.26,4989.02,Net Banking,Yes
ORD02120,1658,Taylor Taylor,Female,55,chennai,2024/11/12,Fashion,Jacket,1,45358.0,0.18,37193.56,25363.02,11830.54,Credit Card,No
ORD02121,1728,Larry Wheeler,Female,39,Bangalore,23-08-2023,Electronics,Smartphone,2,6315.76,0.03,12252.57,7818.19,4434.38,Net Banking,No
ORD02122,1131,Caroline Mcmahon,Female,34,Pune,2024/03/11,Beauty,Perfume,5,40718.66,0.09,185269.9,120363.96,64905.94,Debit Card,No
ORD02123,1106,Joshua Savage,,54,Delhi,2024/09/28,Home,Mixer,1,48523.72,0.2,38818.98,31511.42,7307.56,Net Banking,No
ORD02124,1327,Brian Steele,Female,20,Delhi,28-12-2024,Electronics,Laptop,4,41131.09,,149717.17,128956.79,20760.38,Credit Card,Yes
ORD02125,1481,Cassandra Espinoza,,32,Mumbai,29-07-2024,Fashion,Sneakers,2,2346.36,0.28,3378.76,2147.32,1231.44,UPI,No
ORD02126,1258,Ryan Raymond,Male,55,Bangalore,2024/04/15,Home,Lamp,1,29807.59,0.06,28019.13,25135.97,2883.16,Net Banking,Yes
ORD02127,1627,Stacey Newton,Male,48,Pune,29-08-2023,Electronics,Laptop,1,33141.94,0.02,32479.1,28678.8,3800.3,UPI,No
ORD02128,1394,,Female,23,Bangalore,05-02-2023,Electronics,Smartwatch,1,7026.59,0.13,6113.13,5107.28,1005.85,Debit Card,No
ORD02129,1014,Brittany Castro,Male,54,Bangalore,2023/07/03,Electronics,Tablet,4,1938.98,0.15,6592.53,4187.46,2405.07,Debit Card,No
ORD02130,1004,Thomas Kent,Male,19,Mumbai,2024/04/06,Electronics,Smartwatch,5,27251.46,0.18,111730.99,78337.23,33393.76,Debit Card,No
ORD02131,1285,Nicole Schaefer,Male,51,Pune,2023/02/21,Beauty,Lipstick,5,27147.4,0.28,97730.64,66317.45,31413.19,UPI,No
ORD02132,1299,Scott Oconnor,Female,32,Mumbai,22-07-2024,Fashion,Jacket,3,18030.01,0.13,47058.33,28499.19,18559.14,Debit Card,No
ORD02133,1770,Cheryl Salinas,Female,57,Delhi,28-10-2024,Beauty,Face Wash,1,49101.65,0.27,35844.2,30847.26,4996.94,Cash on Delivery,Yes
ORD02134,1327,Christopher Stanley,Female,51,delhi,2024/11/06,Fashion,Dress,3,14138.09,0.25,31810.7,27148.01,4662.69,Net Banking,No
ORD02135,1080,Tina Howe,Female,48,Mumbai,2023/06/19,Home,Chair,2,19997.35,0.07,37195.07,26217.83,10977.24,Debit Card,No
ORD02136,1672,Robin Wilson,Female,55,,21-12-2023,Beauty,Moisturizer,4,15644.64,0.08,57572.28,35426.55,22145.73,Credit Card,Yes
ORD02137,1334,Glenn Fowler,,35,Chennai,27-10-2024,Fashion,Jacket,2,41165.98,0.06,77392.04,56604.55,20787.49,Credit Card,No
ORD02138,1623,Scott Aguilar,Female,37,Delhi,11-06-2024,Fashion,Sneakers,5,18234.19,0.25,68378.21,45469.89,22908.32,Cash on Delivery,No
ORD02139,1676,Clifford Perkins,Female,20,Bangalore,2024/09/22,Beauty,Shampoo,1,3242.11,0.05,3080.0,2659.62,420.38,UPI,No
ORD02140,1002,James Buck,Female,47,Bangalore,2023/07/24,Electronics,Smartwatch,4,16419.48,0.1,59110.13,44797.56,14312.57,Debit Card,Yes
ORD02141,1255,Kristy Lowe,Male,20,Hyderabad,2023/08/21,Beauty,Lipstick,1,18422.61,0.24,14001.18,10011.35,3989.83,Cash on Delivery,No
ORD02142,1054,Kristi Holt,Male,52,Kolkata,2024/02/10,Beauty,Shampoo,3,42398.91,0.08,117020.99,72911.64,,Net Banking,No
ORD02143,1650,Stephanie Huff,Male,60,mumbai,25-12-2023,Fashion,T-Shirt,2,31584.23,0.2,50534.77,33962.49,16572.28,Cash on Delivery,Yes
ORD02144,1123,Malik Owens,Female,30,Delhi,2023/01/05,Electronics,Headphones,1,49821.54,0.23,38362.59,29762.99,8599.6,Debit Card,Yes
ORD02145,1587,Samantha Kim,Female,39,Mumbai,2024/01/16,Fashion,Sneakers,5,29693.78,0.02,145499.52,92472.97,53026.55,Debit Card,No
ORD02146,1789,Angel Bean,Female,46,Delhi,28-07-2024,Electronics,Smartwatch,3,39167.24,0.18,96351.41,64789.2,31562.21,Credit Card,No
ORD02147,1561,John Osborn,Female,45,chennai,21-09-2024,Beauty,Perfume,5,44828.76,0.03,217419.49,188556.87,28862.62,CASH ON DELIVERY,No
ORD02148,1182,Steve Kramer,Male,49,Hyderabad,2024/03/15, Electronics ,Smartwatch,4,9657.4,0.1,34766.64,24753.69,10012.95,Cash on Delivery,Yes
ORD02149,1125,Brandon Bartlett,Female,20,Chennai,2024/09/18,Fashion,Jacket,2,37417.99,0.21,59120.42,47675.22,11445.2,UPI,No
ORD02150,1294,Jordan Burgess,,60,,2023/11/03,Beauty,Lipstick,3,2923.06,0.16,7366.11,4570.55,2795.56,UPI,Yes
ORD02151,1565,Robert Craig,Male,20,chennai,01-12-2024,Home,Chair,5,43135.87,0.29,153132.34,135432.58,17699.76,UPI,No
ORD02152,1510,Thomas Thompson,Female,51,Hyderabad,29-06-2023,Electronics,Headphones,1,17071.94,0.02,16730.5,12514.79,4215.71,Credit Card,Yes
ORD02153,1525,Dan Wilson,Male,40,Kolkata,20-02-2024,Fashion,Sneakers,5,16825.31,0.22,65618.71,58687.6,6931.11,Debit Card,No
ORD02154,1109,Jordan Oliver,Male,35,Bangalore,30-11-2024,Home,Lamp,1,20973.31,0.18,17198.11,10374.81,6823.3,UPI,No
ORD02155,1090,Julie Hernandez,Female,54,Mumbai,2023/11/06,Beauty,Lipstick,4,48951.15,0.21,154685.63,119524.33,35161.3,Debit Card,No
ORD02156,1323,Kyle Hester,,59,Pune,20-08-2024,Beauty,Lipstick,5,43609.78,0.11,194063.52,149898.27,44165.25,DEBIT CARD,No
ORD02157,1518,Diana Avila,Male,39,Mumbai,2024/09/19,Fashion,Jacket,4,46393.85,0.27,135470.04,108043.35,27426.69,Credit Card,Yes
ORD02158,1099,Elizabeth Stanley,Female,20,kolkata,2023/10/06,Electronics,Laptop,1,4088.94,0.09,3720.94,3003.22,717.72,Debit Card,Yes
ORD02159,1766,Amanda Harris,Male,19,Pune,11-03-2023,Home,Mixer,5,1032.61,0.0,5163.05,4175.18,987.87,UPI,No
ORD02160,1775,Elizabeth Mccullough,Male,23,mumbai,02-01-2024,Beauty,Perfume,5,3011.07,0.23,11592.62,8225.22,3367.4,Credit Card,Yes
ORD02161,1537,Justin Jones,Male,40,Mumbai,08-12-2024,Home,Lamp,4,38361.63,0.23,118153.82,89535.64,28618.18,UPI,Yes
ORD02162,1528,Jennifer Brown,,28,Pune,07-03-2023,Electronics,Laptop,1,22973.98,0.11,20446.84,16913.61,3533.23,DEBIT CARD,Yes
ORD02163,1529,Mr. Robert Marsh,Female,38,Chennai,04-05-2024,Fashion,Jacket,3,46339.67,0.16,116775.97,99738.95,17037.02,UPI,Yes
ORD02164,1657,Timothy Newton,Female,28,,17-10-2024,Electronics,Headphones,4,6110.76,0.25,18332.28,12681.42,5650.86,Debit Card,No
ORD02165,1569,Mark Jennings,Male,25,Hyderabad,10-09-2024,Fashion,Jacket,4,4940.62,0.01,19564.86,12204.59,7360.27,CREDIT CARD,No
ORD02166,1311,James Skinner,Male,52,Mumbai,22-01-2023,Home,Vacuum Cleaner,5,7681.48,0.28,27653.33,18423.22,9230.11,Credit Card,Yes
ORD02167,1365,Alexis Parker,Female,22,Pune,2023/06/29,Home,Chair,4,14089.91,0.04,54105.25,35420.85,18684.4,Net Banking,No
ORD02168,1342,Lisa Spence,Male,40,Bangalore,2023/09/15,Electronics,Laptop,4,38146.93,0.01,151061.84,92967.06,58094.78,DEBIT CARD,Yes
ORD02169,1188,Mr. Kevin Maldonado DDS,Male,32,Mumbai,29-12-2023,Beauty,Face Wash,2,35608.82,0.19,57686.29,50258.69,7427.6,UPI,No
ORD02170,1435,Jennifer Wood,Male,50,Chennai,2023/09/30,Electronics,Smartwatch,2,13541.59,0.27,19770.72,15417.74,4352.98,Net Banking,No
ORD02171,1540,Allison Cooper,,35,Hyderabad,2024/04/30,Beauty,Face Wash,1,32731.95,0.04,31422.67,24722.66,6700.01,Cash on Delivery,No
ORD02172,1164,Mary Chavez,Female,44,Mumbai,2024/06/22,Fashion,Sneakers,5,258.63,0.14,1112.11,799.87,312.24,Net Banking,No
ORD02173,1496,Michelle Sims,Female,38,Kolkata,20-11-2024,Electronics,Tablet,3,8797.04,0.23,20321.16,13490.45,6830.71,Cash on Delivery,No
ORD02174,1208,Jessica Valenzuela,Male,59,Chennai,21-10-2023,Fashion,Jacket,5,39551.95,0.14,170073.39,133641.93,36431.46,NET BANKING,Yes
ORD02175,1382,Michael Scott,Male,27,nan,2024/05/09,Beauty,Shampoo,1,33262.41,0.02,32597.16,25688.73,6908.43,Debit Card,No
ORD02176,1387,,Female,45,Bangalore,24-02-2024,Home,Desk,1,20891.98,0.17,17340.34,13279.55,4060.79,UPI,No
ORD02177,1645,Christy Obrien,Female,21,Kolkata,2024/09/14,Electronics,Smartphone,5,20485.67,0.06,96282.65,73141.65,23141.0,Credit Card,Yes
ORD02178,1765,Michael Dixon,Male,21,Hyderabad,2024/08/19,Home,Mixer,4,19851.69,,70672.02,55308.65,15363.37,Credit Card,No
ORD02179,1673,Pamela Graham,Male,26,Chennai,20-09-2023,Fashion,Jacket,1,38813.91,0.03,37649.49,29965.4,,UPI,No
ORD02180,1413,Rhonda Boone,Male,37,Bangalore,2024/07/13,Home,Lamp,2,19119.83,0.22,29826.93,19835.55,9991.38,UPI,Yes
ORD02181,1012,Brandy Jones,Male,56,Kolkata,23-10-2024, Home ,Vacuum Cleaner,5,578.78,0.03,2807.08,2412.7,394.38,Cash on Delivery,No
ORD02182,1045,Rebecca Whitaker,Female,36,pune,2024/09/18,Electronics,Tablet,2,49065.47,0.3,68691.66,61820.28,6871.38,Cash on Delivery,Yes
ORD02183,1201,Olivia Duffy,Male,24,Delhi,2023/01/06,Electronics,Smartwatch,5,20718.23,0.03,100483.42,69651.21,30832.21,NET BANKING,No
ORD02184,1609,Donald Johnson,Female,57,chennai,19-04-2023,Electronics,Laptop,4,33751.92,0.04,129607.37,87807.4,41799.97,Net Banking,No
ORD02185,1345,Joshua Benson,Male,41,Mumbai,24-08-2024,Home,Chair,4,21016.99,0.15,71457.77,52233.98,19223.79,Debit Card,No
ORD02186,1090,Mr. Alan Miller,Male,33,Chennai,29-10-2023,Electronics,Smartphone,3,27524.25,0.26,61103.83,49360.44,11743.39,UPI,No
ORD02187,1643,Penny Hopkins,Male,55,Hyderabad,04-12-2024,Home,Desk,1,3606.53,0.22,2813.09,2427.56,385.53,Debit Card,Yes
ORD02188,1381,Matthew Barnes,Female,19,,21-02-2024,Electronics,Smartwatch,2,29437.05,0.19,47688.02,34612.55,13075.47,Net Banking,No
ORD02189,1588,Tyler Graham,Male,31,Bangalore,14-09-2024,Electronics,Smartwatch,3,9040.9,,22511.84,18197.43,4314.41,UPI,No
ORD02190,1343,Karen Simmons,Male,36,Hyderabad,08-09-2023,Electronics,Smartwatch,2,8489.08,0.26,12563.84,10264.01,2299.83,Net Banking,No
ORD02191,1707,Pamela Nguyen,,38,,23-11-2024,Home,Chair,2,32104.82,,47515.13,30629.42,16885.71,Net Banking,No
ORD02192,1101,Tammy Miller,Female,28,Delhi,25-05-2023,Fashion,Sneakers,3,47477.11,0.09,129612.51,115082.35,14530.16,Credit Card,No
ORD02193,1050,Paul Perez,,52,Bangalore,15-10-2024,Electronics,Smartwatch,1,29968.57,0.19,24274.54,19801.11,4473.43,UPI,Yes
ORD02194,1270,Ashley Good,Male,52,,06-04-2024,Beauty,Face Wash,3,30293.18,0.09,82700.38,51673.02,31027.36,UPI,No
ORD02195,1015,,Male,35,Mumbai,04-04-2023,Home,Chair,4,43150.48,0.19,139807.56,116259.2,23548.36,Debit Card,Yes
ORD02196,1088,Terry Brown,Male,31,Bangalore,08-10-2024,Electronics,Headphones,3,31222.14,0.16,78679.79,70697.73,7982.06,CREDIT CARD,No
ORD02197,1469,Nicholas Hernandez,Female,23,Hyderabad,10-04-2023,Home,Lamp,4,4808.52,0.18,15771.95,10455.2,5316.75,Debit Card,No
ORD02198,1159,Crystal Lee,Female,35,Hyderabad,18-11-2024,Electronics,Tablet,1,4144.21,0.05,3937.0,2815.08,1121.92,Credit Card,No
ORD02199,1347,Christina Henderson,Female,59,Hyderabad,01-07-2023,Electronics,Smartphone,4,13744.68,0.25,41234.04,25449.4,15784.64,Credit Card,Yes
ORD02200,1561,Patricia Walsh,Male,28,Hyderabad,12-11-2023,Fashion,Jacket,4,36568.0,0.01,144809.28,116011.48,28797.8,UPI,No
ORD02201,1773,Douglas Silva,Male,55,Mumbai,07-03-2023,Electronics,Smartphone,2,43752.34,0.24,66503.56,58507.39,7996.17,Net Banking,No
ORD02202,1667,Tonya Adams,Male,48,Hyderabad,22-06-2023,Fashion,T-Shirt,4,48451.75,0.14,166674.02,114542.59,52131.43,Credit Card,No
ORD02203,1528,Darryl Rose,Male,32,Bangalore,07-01-2023,Electronics,Smartwatch,4,42772.95,0.2,136873.44,119332.38,,UPI,No
ORD02204,1482,Patricia Ray,Female,25,Kolkata,28-12-2023,Home,Mixer,5,9243.51,0.26,34200.99,29366.31,4834.68,Debit Card,No
ORD02205,1433,Adam Dixon,Female,18,kolkata,2023/06/03,Fashion,Sneakers,1,25553.3,0.22,19931.57,12897.47,7034.1,Cash on Delivery,No
ORD02206,1060,Tyler Cox,Female,42,Pune,2023/06/12,Electronics,Tablet,3,15759.93,0.15,40187.82,25803.83,14383.99,Credit Card,Yes
ORD02207,1716,Jill Rodriguez,Female,19,Kolkata,30-09-2024,Fashion,Jacket,1,1007.39,0.11,896.58,654.25,242.33,Cash on Delivery,Yes
ORD02208,1432,Jason Harris,Female,39,Mumbai,2023/02/08, Beauty ,Shampoo,2,13581.54,0.05,25804.93,19916.19,5888.74,UPI,No
ORD02209,1742,Anthony Burnett,Male,25,Chennai,14-12-2023,Beauty,Lipstick,3,3268.76,0.09,8923.71,6222.87,,Net Banking,No
ORD02210,1030,David Logan,Female,23,Bangalore,2024/04/30,Fashion,T-Shirt,4,12793.15,0.16,42984.98,38442.79,4542.19,Cash on Delivery,No
ORD02211,1235,Veronica Randolph,Male,48,Hyderabad,18-12-2024,Home,Mixer,3,41489.46,0.17,103308.76,78714.94,24593.82,UPI,Yes
ORD02212,1087,,Male,20,,02-06-2023,Electronics,Tablet,2,28699.64,0.08,52807.34,37210.87,15596.47,UPI,Yes
ORD02213,1753,,,21,Bangalore,31-08-2023,Electronics,Smartwatch,5,10394.6,0.14,44696.78,30046.03,14650.75,UPI,No
ORD02214,1683,Cole Jones,Female,54,Delhi,10-06-2024,Fashion,Jeans,4,30864.69,0.01,122224.17,106027.95,16196.22,Credit Card,No
ORD02215,1776,William Stephens,Male,19,Bangalore,2024/03/26,Beauty,Face Wash,3,4767.7,0.21,11299.45,9904.1,,UPI,Yes
ORD02216,1572,Tyler Novak,Male,47,Bangalore,05-01-2024,Beauty,Lipstick,2,38563.03,0.12,67870.93,47837.01,20033.92,UPI,No
ORD02217,1108,,Male,41,Chennai,04-02-2023,Fashion,T-Shirt,4,29638.7,0.06,111441.51,67098.59,44342.92,Net Banking,Yes
ORD02218,1514,Alicia Porter,Male,-5,bangalore,10-07-2023,Electronics,Tablet,5,4642.81,0.05,22053.35,15437.76,6615.59,Cash on Delivery,No
ORD02219,1337,Amy Perry,,45,Chennai,23-10-2023,Fashion,Jacket,5,23622.15,0.16,99213.03,67950.3,31262.73,Cash on Delivery,Yes
ORD02220,1764,Ashley Jordan,Female,40,Chennai,26-05-2024,Beauty,Shampoo,1,43392.82,0.22,33846.4,24737.76,9108.64,Credit Card,No
ORD02221,1653,Hunter Reynolds,Female,29,Mumbai,02-09-2023,Fashion,Jacket,4,46847.3,0.03,181767.52,135918.23,45849.29,CASH ON DELIVERY,No
ORD02222,1354,Wanda Taylor,Female,47,Delhi,23-11-2023,Electronics,Smartwatch,2,2986.66,,5913.59,4650.56,1263.03,UPI,Yes
ORD02223,1293,Julia Mccarthy,Female,24,Delhi,2024/06/04,Fashion,Dress,4,42433.7,0.11,151063.97,117438.68,33625.29,Net Banking,No
ORD02224,1753,,Male,23,Pune,12-07-2023, Beauty ,Shampoo,1,12825.52,0.28,9234.37,7585.27,1649.1,Net Banking,No
ORD02225,1268,Isaac Galloway Jr.,Male,41,Pune,2024/09/30,Home,Lamp,2,6135.86,0.22,9571.94,8180.34,1391.6,UPI,No
ORD02226,1134,Edward Thompson,Female,49,Mumbai,06-07-2023,Beauty,Shampoo,5,45770.69,0.27,167063.02,127656.36,39406.66,Cash on Delivery,Yes
ORD02227,1428,Craig Jones,Female,39,Kolkata,02-06-2024,Home,Lamp,3,37707.61,0.26,83710.89,65552.41,18158.48,Debit Card,Yes
ORD02228,1687,April Nguyen,Male,58,mumbai,16-10-2024,Home,Lamp,4,4929.64,0.2,15774.85,13718.78,2056.07,UPI,No
ORD02229,1502,James Smith,Female,60,Pune,02-06-2024,Beauty,Shampoo,3,35840.39,0.25,80640.88,48916.0,31724.88,Debit Card,No
ORD02230,1434,Carlos King,Female,36,Mumbai,2024/02/13,Fashion,Jacket,3,22817.5,0.06,64345.35,53666.07,10679.28,UPI,No
ORD02231,1307,Brendan King,Female,60,Mumbai,22-09-2024, Electronics ,Laptop,1,22787.63,0.1,20508.87,17188.72,3320.15,UPI,No
ORD02232,1799,Molly Everett,Male,54,Pune,23-05-2023,Fashion,T-Shirt,1,39430.66,0.27,28784.38,23081.65,5702.73,Cash on Delivery,Yes
ORD02233,1754,Dillon Hart,Male,49,Hyderabad,21-09-2023,Home,Mixer,1,6938.64,0.26,5134.59,3954.29,1180.3,UPI,No
ORD02234,1605,Dominic Graham,Female,28,Bangalore,11-04-2023,Electronics,Headphones,5,29303.23,0.1,131864.54,110194.14,21670.4,UPI,No
ORD02235,1756,Tyler Hayes,Male,22,Hyderabad,10-01-2023,Home,Lamp,3,24623.48,0.06,69438.21,59556.01,,Debit Card,No
ORD02236,1679,Derek Liu,Female,34,Hyderabad,12-09-2024,Home,Lamp,5,35888.65,0.15,152526.76,120362.26,32164.5,Cash on Delivery,No
ORD02237,1484,Christopher Lane,Female,54,Bangalore,2024/09/01,Beauty,Perfume,1,10981.92,0.14,9444.45,8346.45,1098.0,Net Banking,No
ORD02238,1372,Wendy Lopez,Female,59,Kolkata,22-08-2024, Beauty ,Lipstick,1,11918.45,,9892.31,8139.73,1752.58,Net Banking,No
ORD02239,1146,Ernest Bowen,Male,30,Pune,01-02-2023,Fashion,Dress,3,26985.39,0.16,68003.18,54857.81,13145.37,CREDIT CARD,Yes
ORD02240,1244,Miranda Payne,Male,27,Mumbai,06-05-2024,Beauty,Lipstick,2,15245.86,0.11,27137.63,18193.88,8943.75,Debit Card,No
ORD02241,1509,Kathryn Dodson,Female,23,Mumbai,22-09-2024,Fashion,Jeans,1,11807.12,0.23,9091.48,7310.96,1780.52,UPI,Yes
ORD02242,1531,Amber Murphy,Female,53,Mumbai,10-03-2023,Beauty,Perfume,2,27598.43,0.22,43053.55,29766.34,13287.21,Credit Card,Yes
ORD02243,1443,Alexander Turner,Female,47,Pune,14-11-2023,Home,Vacuum Cleaner,1,13740.8,0.28,9893.38,7752.41,2140.97,Debit Card,No
ORD02244,1171,Sheri Delgado,Female,43,Mumbai,12-03-2024,Home,Chair,2,44918.47,0.26,66479.34,54357.71,12121.63,UPI,No
ORD02245,1570,Paul Duncan,Female,44,Pune,13-01-2024,Electronics,Smartphone,3,23612.4,0.26,52419.53,38039.09,14380.44,Credit Card,No
ORD02246,1230,John Jones,Male,24,delhi,05-02-2023,Beauty,Perfume,5,44852.87,0.26,165955.62,115629.46,50326.16,DEBIT CARD,No
ORD02247,1037,Cindy Johnson,Female,46,Mumbai,2024/10/30,Beauty,Face Wash,5,49448.56,0.24,187904.53,127500.78,60403.75,Debit Card,Yes
ORD02248,1608,Savannah Hogan,Male,24,hyderabad,17-03-2024,Fashion,T-Shirt,4,2170.57,0.21,6859.0,4902.6,1956.4,NET BANKING,No
ORD02249,1616,Wendy Guerrero,Male,37,Hyderabad,07-06-2023,Beauty,Lipstick,1,36212.08,0.21,28607.54,23900.51,4707.03,UPI,Yes
ORD02250,1118,Samuel Elliott,Female,23,Kolkata,05-10-2024,Beauty,Shampoo,4,33818.91,0.17,112278.78,85084.86,27193.92,Credit Card,No
ORD02251,1140,Alexis Greer,Female,56,Bangalore,05-12-2024,Beauty,Lipstick,3,34342.99,0.29,73150.57,50107.54,23043.03,Credit Card,Yes
ORD02252,1280,Donna Rollins,Male,56,Hyderabad,09-08-2023,Fashion,Jeans,1,12356.93,0.07,11491.94,8828.51,2663.43,Cash on Delivery,Yes
ORD02253,1027,Colin Robinson,Female,47,Bangalore,23-10-2024,Fashion,Jacket,3,18641.11,0.22,43620.2,36357.45,7262.75,Debit Card,No
ORD02254,1278,Chase Wheeler,Female,43,pune,20-10-2023,Electronics,Smartwatch,5,3673.43,0.07,17081.45,12727.1,4354.35,CREDIT CARD,Yes
ORD02255,1600,Tracy Bartlett,Female,55,Pune,23-11-2023,Home,Lamp,4,16426.28,0.3,45993.58,38366.94,7626.64,UPI,No
ORD02256,1122,Ernest Wilson,Female,50,Mumbai,2024/06/17,Fashion,Sneakers,3,23250.69,0.25,52314.05,33781.41,18532.64,Credit Card,No
ORD02257,1083,Bethany Johnson,,39,chennai,14-06-2024,Home,Chair,3,30517.43,0.13,79650.49,62398.18,17252.31,Net Banking,Yes
ORD02258,1563,Daniel Abbott,Female,32,Bangalore,2024/05/18,Beauty,Perfume,4,45124.11,0.23,138982.26,112035.06,26947.2,Debit Card,No
ORD02259,1049,Michael Brady,Male,37,Mumbai,16-12-2023, Home ,Desk,3,41718.59,0.08,115143.31,102050.13,13093.18,Cash on Delivery,No
ORD02260,1778,Wendy Lewis MD,Female,26,Kolkata,24-07-2024,Home,Chair,1,25817.96,0.09,23494.34,17274.5,6219.84,Debit Card,No
ORD02261,1236,Stacy Wong,Male,44,Chennai,2024/12/24,Electronics,Smartphone,4,8565.23,0.22,26723.52,19298.69,7424.83,Credit Card,No
ORD02262,1741,Joe Mitchell,Female,57,Kolkata,2024/12/30,Home,Desk,3,28132.92,0.24,64143.06,47944.1,,Debit Card,No
ORD02263,1364,Katherine Smith,,52,Delhi,2023/10/27,Home,Desk,1,45233.92,0.27,33020.76,25741.12,7279.64,Net Banking,Yes
ORD02264,1307,Hector Griffith,Male,46,Hyderabad,30-10-2023,Beauty,Shampoo,1,30334.72,0.06,28514.64,22644.03,5870.61,Credit Card,No
ORD02265,1176,Cynthia Martin,Female,23,Bangalore,22-07-2023,Electronics,Smartphone,1,23421.23,0.25,17565.92,15156.23,2409.69,Debit Card,No
ORD02266,1342,Donna Oliver,Female,60,Mumbai,15-06-2024,Home,Lamp,5,22972.85,0.15,97634.61,65582.3,32052.31,Debit Card,No
ORD02267,1057,Kathy Martin,Male,45,Bangalore,2024/07/09,Fashion,T-Shirt,4,37738.0,0.06,141894.88,112339.33,29555.55,Debit Card,No
ORD02268,1231,Daniel Martinez,Male,50,Pune,29-10-2023,Electronics,Smartwatch,3,28698.88,0.27,62850.55,38364.3,24486.25,Net Banking,Yes
ORD02269,1639,Richard Davis,Female,21,Mumbai,04-04-2024,Beauty,Shampoo,1,40056.24,0.18,32846.12,29120.7,3725.42,Credit Card,No
ORD02270,1209,Scott Hartman,Male,22,,03-01-2023,Beauty,Moisturizer,1,29974.67,0.23,23080.5,15800.87,7279.63,CASH ON DELIVERY,No
ORD02271,1100,Brandon Coleman,Female,31,Bangalore,15-10-2023,Electronics,Headphones,5,46373.52,0.07,215636.87,173189.21,42447.66,UPI,No
ORD02272,1109,Angela Boyer,Male,58,Bangalore,2023/06/12,Fashion,Jacket,3,8543.32,0.29,18197.27,13613.58,4583.69,Net Banking,No
ORD02273,1366,William Mercer,Female,30,Mumbai,2023/10/01,Electronics,Laptop,3,1933.16,0.02,5683.49,5076.81,606.68,Cash on Delivery,No
ORD02274,1572,James Wells,Male,35,Kolkata,06-05-2023,Electronics,Laptop,1,24788.93,0.22,19335.37,12406.7,6928.67,UPI,No
ORD02275,1112,Frank Craig,Female,44,Delhi,09-09-2023,Fashion,Jacket,4,25073.6,0.19,81238.46,53426.1,,CASH ON DELIVERY,No
ORD02276,1459,Timothy Davis,Male,27,Hyderabad,2023/09/09,Beauty,Moisturizer,4,10382.8,0.09,37793.39,30341.76,,UPI,No
ORD02277,1155,David Hartman,Female,60,Bangalore,20-06-2024,Home,Mixer,4,28854.21,0.25,86562.63,53559.04,33003.59,Debit Card,No
ORD02278,1466,Rhonda Taylor,Female,58,Delhi,2023/12/01,Beauty,Lipstick,3,2719.57,0.19,6608.56,5761.94,846.62,CASH ON DELIVERY,No
ORD02279,1202,Kevin Smith,Female,24,Hyderabad,08-05-2023,Beauty,Perfume,4,21791.42,0.27,63630.95,56727.61,6903.34,Debit Card,No
ORD02280,1642,Nicole Camacho,Female,27,chennai,2023/10/31,Fashion,Sneakers,1,15480.35,0.02,15170.74,13652.04,1518.7,Credit Card,No
ORD02281,1346,,Female,31,Chennai,14-05-2023,Home,Vacuum Cleaner,2,6247.96,0.18,10246.65,7266.21,2980.44,Cash on Delivery,No
ORD02282,1139,Latoya Wright,Male,53,Bangalore,29-08-2024,Electronics,Laptop,5,49698.11,0.29,176428.29,118929.66,57498.63,Cash on Delivery,No
ORD02283,1151,Rachel Wolfe,Female,41,Chennai,15-03-2024,Home,Mixer,3,37978.36,0.3,79754.56,54393.92,25360.64,Net Banking,No
ORD02284,1660,Amanda Poole,Male,40,Kolkata,18-05-2023,Beauty,Shampoo,3,23737.5,0.04,68364.0,57614.68,10749.32,UPI,No
ORD02285,1405,Deborah Finley,Male,30,Delhi,29-07-2023,Electronics,Smartphone,5,805.3,0.1,3623.85,2605.83,1018.02,UPI,No
ORD02286,1391,Brandy Russell,Female,20,Bangalore,05-08-2023,Fashion,T-Shirt,3,25170.06,0.08,69469.37,46982.04,22487.33,Cash on Delivery,No
ORD02287,1291,Alicia Gonzalez,Male,49,Hyderabad,28-05-2024,Home,Desk,4,49694.22,0.13,172935.89,123185.01,49750.88,Debit Card,No
ORD02288,1287,Jacob Jackson,Male,26,Mumbai,28-01-2023,Home,Lamp,1,13160.82,0.12,11581.52,7326.96,4254.56,Debit Card,Yes
ORD02289,1387,Rebecca Medina,Male,25,Delhi,10-06-2023,Home,Vacuum Cleaner,2,35404.13,0.2,56646.61,45478.46,11168.15,Net Banking,No
ORD02290,1514,Margaret Garza,Male,59,delhi,22-08-2024,Home,Vacuum Cleaner,3,37039.11,0.1,100005.6,83849.94,16155.66,Credit Card,No
ORD02291,1797,Roberto Lowe,Male,32,pune,2024/08/30,Home,Vacuum Cleaner,1,18018.97,0.03,17478.4,13897.33,3581.07,Net Banking,No
ORD02292,1780,Jared Torres,Male,54,Kolkata,2023/10/17,Beauty,Perfume,3,47952.77,0.08,132349.65,80768.79,51580.86,Credit Card,Yes
ORD02293,1465,Jasmin Gutierrez,Male,53,Kolkata,02-04-2023,Home,Vacuum Cleaner,5,12682.14,,55167.31,45901.3,9266.01,UPI,No
ORD02294,1568,Maria Williams,Male,54,Kolkata,07-10-2023,Home,Mixer,5,16436.4,0.02,80538.36,53884.9,26653.46,Credit Card,Yes
ORD02295,1154,Ariana Mclaughlin,Female,51,Mumbai,14-12-2023,Electronics,Smartphone,4,18678.39,0.18,61265.12,48096.54,13168.58,Cash on Delivery,No
ORD02296,1108,Randall Bass,Female,48,hyderabad,2023/12/15,Home,Chair,5,24132.87,0.06,113424.49,92384.28,21040.21,CASH ON DELIVERY,No
ORD02297,1676,Kevin Williams,Female,21,Pune,22-06-2024,Home,Vacuum Cleaner,3,324.86,0.05,925.85,575.01,350.84,Credit Card,No
ORD02298,1603,Kimberly Jones,Female,31,Hyderabad,28-09-2023,Home,Desk,3,10860.15,0.2,26064.36,17979.35,8085.01,Credit Card,No
ORD02299,1452,Donald Henderson,Female,20,Pune,2024/04/10,Beauty,Moisturizer,1,25141.28,0.29,17850.31,14297.5,3552.81,Debit Card,No
ORD02300,1020,Kathy Barnes,,52,Delhi,2023/12/19,Electronics,Tablet,1,19649.73,0.28,14147.81,12142.8,,Debit Card,Yes
ORD02301,1252,,Female,58,Bangalore,24-04-2024,Home,Lamp,5,19551.99,0.16,82118.36,58887.26,23231.1,Net Banking,Yes
ORD02302,1726,Nicholas Bennett,Male,40,Pune,2023/05/17,Fashion,Jeans,5,27467.52,,109870.08,69315.14,40554.94,Net Banking,Yes
ORD02303,1550,Amber Clark,Female,54,Bangalore,26-08-2023,Beauty,Face Wash,2,8087.92,0.02,15852.32,12041.8,3810.52,Credit Card,No
ORD02304,1589,Christian Dean,Male,22,Bangalore,2023/11/09,Electronics,Tablet,1,26906.68,0.1,24216.01,18864.44,5351.57,Net Banking,No
ORD02305,1516,Thomas Wilson,Female,35,,28-04-2024,Electronics,Smartwatch,5,47910.63,0.08,220388.9,159867.58,60521.32,Cash on Delivery,No
ORD02306,1235,Samantha Branch,Male,50,,06-07-2024,Home,Vacuum Cleaner,2,9915.39,0.04,19037.55,11541.96,7495.59,UPI,No
ORD02307,1516,Brandon Patterson,Male,36,Hyderabad,02-12-2023,Home,Lamp,1,8724.34,0.11,7764.66,6455.49,1309.17,UPI,Yes
ORD02308,1290,Jamie Blackburn,,48,Delhi,07-07-2024,Home,Mixer,1,49414.09,0.08,45460.96,39996.49,5464.47,Debit Card,No
ORD02309,1508,Amy Page,Female,43,Delhi,2024/03/01,Home,Lamp,4,14288.94,0.07,53154.86,39517.35,13637.51,Cash on Delivery,No
ORD02310,1365,Matthew Taylor,Male,36,Kolkata,16-04-2024,Fashion,Jacket,4,42707.68,,122998.12,80156.41,42841.71,Debit Card,No
ORD02311,1238,Danielle Lopez,Male,19,Hyderabad,23-09-2023,Beauty,Perfume,4,36420.42,0.03,141311.23,115075.62,26235.61,UPI,No
ORD02312,1027,Jenna Ray DDS,Female,33,Chennai,09-03-2024, Electronics ,Laptop,4,1657.61,,5503.27,4512.73,990.54,Debit Card,No
ORD02313,1062,Guy Moore,Male,25,Bangalore,30-09-2023,Electronics,Smartwatch,1,42285.8,0.16,35520.07,27618.3,7901.77,UPI,Yes
ORD02314,1620,Brandon Taylor,Male,31,hyderabad,06-09-2023,Electronics,Smartwatch,2,5156.21,0.08,9487.43,7921.34,1566.09,CASH ON DELIVERY,Yes
ORD02315,1636,Daniel Pittman,Female,20,Pune,17-03-2023,Home,Vacuum Cleaner,5,40372.53,0.29,143322.48,113051.33,30271.15,Debit Card,No
ORD02316,1052,Amy Williams,Female,20,Pune,09-09-2023,Home,Vacuum Cleaner,3,19064.97,0.04,54907.11,34897.64,20009.47,Debit Card,No
ORD02317,1684,Brenda Torres,Female,57,kolkata,11-07-2024,Fashion,T-Shirt,5,22709.87,0.19,91974.97,77054.53,14920.44,Credit Card,No
ORD02318,1626,Catherine King,Male,30,Kolkata,19-06-2024,Home,Mixer,2,49218.37,0.2,78749.39,57898.87,20850.52,Net Banking,No
ORD02319,1093,Tyler Ramos,Female,49,delhi,2023/02/04,Beauty,Moisturizer,3,5495.28,0.25,12364.38,7496.7,4867.68,Credit Card,No
ORD02320,1685,Keith Carr,Male,48,Pune,2024/04/21,Electronics,Tablet,3,36814.12,0.24,83936.19,74115.94,9820.25,Debit Card,No
ORD02321,1135,Robert Cruz,Female,41,delhi,24-10-2024,Beauty,Lipstick,1,21794.12,0.19,17653.24,15224.5,2428.74,Net Banking,No
ORD02322,1277,Karen Page,Female,26,Kolkata,2023/10/10,Electronics,Smartwatch,4,9476.64,0.27,27671.79,21969.45,5702.34,Debit Card,No
ORD02323,1308,Jeremy Smith,Male,21,Delhi,14-08-2024,Home,Mixer,2,2381.78,0.15,4049.03,2658.4,1390.63,Credit Card,Yes
ORD02324,1784,Nicholas Singh,Female,19,Hyderabad,21-02-2024,Fashion,T-Shirt,4,3507.32,,12486.06,7640.51,4845.55,Cash on Delivery,Yes
ORD02325,1009,Mary Stone,Female,28,Bangalore,25-08-2023,Fashion,Jacket,2,12710.72,0.01,25167.23,15246.99,9920.24,Cash on Delivery,No
ORD02326,1188,James Chaney,Female,42,Delhi,26-10-2023,Home,Desk,3,45097.31,0.05,128527.33,115267.5,13259.83,Debit Card,No
ORD02327,1793,Yolanda Miller,Male,34,Bangalore,03-04-2023,Home,Lamp,4,3567.8,0.19,11559.67,7900.63,3659.04,UPI,No
ORD02328,1792,Tina King,Female,44,Mumbai,2024/09/23,Fashion,Jacket,1,21405.12,0.18,17552.2,13095.26,4456.94,Net Banking,No
ORD02329,1300,Christine Holder,Male,27,Chennai,07-06-2024,Beauty,Shampoo,2,30910.35,0.26,45747.32,33334.64,12412.68,Credit Card,No
ORD02330,1405,Matthew Vasquez,Male,55,Pune,02-08-2024,Home,Vacuum Cleaner,3,4349.92,0.19,10570.31,7699.42,2870.89,Cash on Delivery,No
ORD02331,1569,Amy Alexander,Female,44,Bangalore,2023/08/12,Electronics,Headphones,5,35555.76,0.04,170667.65,149722.9,20944.75,Credit Card,No
ORD02332,1272,Edgar Torres,Female,33,Pune,12-11-2023,Fashion,T-Shirt,3,2239.03,0.15,5709.53,3861.28,1848.25,Net Banking,No
ORD02333,1673,Billy Weaver,Female,24,,18-01-2024, Fashion ,Jeans,1,9036.26,0.13,7861.55,5777.92,2083.63,Cash on Delivery,No
ORD02334,1204,Amber Bauer,Female,18,Mumbai,22-06-2023,Fashion,Jeans,3,27565.11,0.22,64502.36,46824.49,17677.87,Debit Card,No
ORD02335,1427,Joel Green,Female,43,Pune,12-03-2024,Beauty,Perfume,5,10605.88,0.2,42423.52,25701.47,16722.05,UPI,No
ORD02336,1271,Jocelyn Glenn,Male,25,Mumbai,2023/12/24, Electronics ,Tablet,5,4982.22,0.27,18185.1,16077.53,2107.57,Cash on Delivery,Yes
ORD02337,1410,Larry Hanna,Female,37,Pune,03-06-2024,Electronics,Laptop,1,42511.49,0.23,32733.85,21963.78,10770.07,UPI,No
ORD02338,1541,Justin Vaughan,Female,25,Hyderabad,2023/11/02,Fashion,Jacket,4,22314.14,0.08,82116.04,59366.18,22749.86,Debit Card,Yes
ORD02339,1197,Cody Lane,Male,38,Chennai,2023/04/17, Fashion ,T-Shirt,3,10754.46,0.05,30650.21,26216.52,4433.69,Net Banking,No
ORD02340,1022,Christina Miller,Female,23,Pune,22-01-2023,Home,Vacuum Cleaner,5,33965.5,0.11,151146.48,125694.53,25451.95,Cash on Delivery,No
ORD02341,1205,,Male,32,kolkata,2023/03/29,Electronics,Smartphone,4,13084.25,0.21,41346.23,36481.89,4864.34,Debit Card,No
ORD02342,1435,Maria Holmes,Male,46,Hyderabad,2023/02/05,Fashion,Dress,1,44019.97,0.16,36976.77,32377.07,,Cash on Delivery,No
ORD02343,1468,Erin Thompson,Female,33,Mumbai,15-05-2024,Home,Vacuum Cleaner,2,21492.13,0.09,39115.68,30648.52,8467.16,UPI,No
ORD02344,1212,Donald Walton,Male,42,delhi,05-04-2024,Beauty,Shampoo,2,14457.76,0.18,23710.73,16194.6,7516.13,Credit Card,No
ORD02345,1768,Cynthia Lee,Male,26,Pune,2023/03/09,Fashion,T-Shirt,5,21241.98,0.19,86030.02,75616.87,10413.15,UPI,No
ORD02346,1549,,Female,56,hyderabad,18-12-2024,Fashion,Dress,3,33683.14,0.29,71745.09,49513.37,22231.72,UPI,No
ORD02347,1525,Charles Jordan,Male,60,chennai,16-09-2024,Fashion,Jeans,5,39219.18,0.01,194134.94,120295.09,73839.85,UPI,No
ORD02348,1093,Isaiah Joyce,Male,34,Hyderabad,29-08-2024,Fashion,Dress,4,4872.18,0.25,14616.54,11730.8,2885.74,Debit Card,No
ORD02349,1334,Curtis Jordan,Female,43,Mumbai,08-06-2023,Home,Vacuum Cleaner,2,32737.07,0.01,64819.4,55562.97,,Credit Card,No
ORD02350,1227,Joseph Jones,Female,36,Hyderabad,02-07-2023, Electronics ,Smartwatch,4,31020.51,0.17,102988.09,78814.21,24173.88,Credit Card,No
ORD02351,1204,Megan Fields,Female,33,,28-04-2023,Electronics,Tablet,1,28205.51,0.29,20025.91,13091.2,6934.71,Credit Card,No
ORD02352,1167,Danielle Palmer,Male,53,Hyderabad,16-06-2024,Electronics,Smartphone,5,27181.13,0.2,108724.52,81545.78,27178.74,Debit Card,No
ORD02353,1760,Derek Johnson,Female,28,Pune,24-01-2023,Beauty,Lipstick,1,5993.6,0.21,4734.94,4064.64,670.3,UPI,No
ORD02354,1611,Jesse Wilkerson,Female,28,Bangalore,18-03-2024,Home,Desk,3,35942.52,0.12,94888.25,65542.61,29345.64,Debit Card,No
ORD02355,1472,Linda Hunt,Female,25,Mumbai,18-05-2023,Fashion,Dress,5,15816.35,,79081.75,49588.15,29493.6,Cash on Delivery,No
ORD02356,1221,Julie Rice,Female,36,hyderabad,04-07-2024,Fashion,Jacket,4,3613.75,0.24,10985.8,9358.46,1627.34,Cash on Delivery,Yes
ORD02357,1541,John Stephens,Male,-5,Mumbai,05-03-2023,Beauty,Moisturizer,4,37996.19,0.02,148945.06,117102.5,31842.56,Credit Card,No
ORD02358,1494,Gregory Alvarado,Male,24,Bangalore,30-12-2023,Beauty,Perfume,1,39499.99,0.04,37919.99,28395.08,9524.91,Cash on Delivery,No
ORD02359,1048,Timothy Hale,Female,51,Pune,24-11-2024,Fashion,Sneakers,5,21752.75,0.03,105500.84,91883.93,13616.91,Debit Card,No
ORD02360,1353,Jessica Snyder,Male,48,Pune,25-04-2023,Electronics,Headphones,4,9353.84,0.11,33299.67,27419.74,5879.93,Cash on Delivery,Yes
ORD02361,1693,Julie Foster,Female,57,Chennai,18-07-2024,Beauty,Shampoo,5,8415.35,0.07,39131.38,34622.97,4508.41,Net Banking,Yes
ORD02362,1789,Michael Schneider,Female,41,Chennai,06-04-2024,Electronics,Tablet,2,47532.49,,90311.73,72597.16,17714.57,Credit Card,No
ORD02363,1000,Joseph Edwards,Female,47,Kolkata,06-10-2023,Fashion,Jacket,1,42689.34,0.06,40127.98,31680.54,8447.44,Cash on Delivery,No
ORD02364,1120,Amanda Graham,Female,43,bangalore,17-07-2023,Electronics,Tablet,4,4280.21,0.28,12327.0,8960.42,3366.58,Net Banking,No
ORD02365,1580,Herbert Hughes,Female,34,Chennai,06-12-2024, Beauty ,Lipstick,3,33424.86,0.02,98269.09,73523.98,24745.11,Debit Card,No
ORD02366,1312,Larry Martin,Male,59,Kolkata,23-03-2023,Home,Lamp,5,28250.95,0.23,108766.16,90226.45,18539.71,Credit Card,No
ORD02367,1709,Arthur Hooper,Male,55,Mumbai,08-10-2024,Fashion,T-Shirt,2,1750.29,,3115.52,2171.04,944.48,Credit Card,No
ORD02368,1276,Mr. Clifford Collins,Female,50,Pune,2024/05/13,Electronics,Headphones,1,24255.64,0.09,22072.63,14368.13,7704.5,Cash on Delivery,No
ORD02369,1401,Ronald Hill,Female,41,Kolkata,06-04-2024,Beauty,Shampoo,1,29748.64,0.19,24096.4,21503.34,2593.06,Debit Card,No
ORD02370,1682,Brian Garrett,Female,35,Hyderabad,20-07-2024,Home,Lamp,3,49698.22,0.04,143130.87,105944.54,37186.33,Net Banking,Yes
ORD02371,1003,Travis Campbell,Male,55,Hyderabad,2024/10/05,Home,Desk,2,7654.54,0.3,10716.36,9129.65,1586.71,UPI,No
ORD02372,1270,Matthew Gay,Female,55,Kolkata,22-09-2023,Fashion,Dress,4,33678.51,0.28,96994.11,58232.54,38761.57,UPI,No
ORD02373,1233,Joe Anderson,Female,31,Mumbai,2023/11/03,Home,Mixer,1,33720.29,0.19,27313.43,22035.35,5278.08,UPI,No
ORD02374,1710,Austin Mathews,Male,40,Hyderabad,02-06-2023,Home,Vacuum Cleaner,3,38661.56,0.22,90468.05,69496.57,20971.48,Cash on Delivery,Yes
ORD02375,1370,Sharon Lopez,Female,46,Bangalore,08-01-2024,Electronics,Smartphone,3,1182.76,0.05,3370.87,2697.68,673.19,Cash on Delivery,No
ORD02376,1072,Ms. Megan Donovan,Male,52,,13-05-2023,Beauty,Face Wash,2,33352.94,0.11,59368.23,36012.83,23355.4,Net Banking,No
ORD02377,1460,Paul Hall,Female,23,Kolkata,05-08-2024,Electronics,Laptop,2,9632.35,,15026.47,9063.4,5963.07,UPI,Yes
ORD02378,1489,Glenda Hicks,Female,30,Chennai,23-01-2024,Home,Desk,2,45860.08,0.03,88968.56,69168.71,19799.85,Credit Card,No
ORD02379,1011,Jessica Weiss,Female,18,Delhi,30-01-2024,Electronics,Headphones,3,27831.44,0.1,75144.89,60363.02,14781.87,Cash on Delivery,Yes
ORD02380,1093,Jeffrey Collins,Male,18,hyderabad,04-08-2023,Home,Desk,3,31467.95,0.05,89683.66,61333.68,28349.98,Net Banking,No
ORD02381,1747,Gregory Baker,Female,38,Mumbai,21-01-2023,Electronics,Smartwatch,5,15445.56,0.28,55604.02,35199.26,20404.76,UPI,No
ORD02382,1643,,Female,29,Pune,2023/11/30,Fashion,Sneakers,1,14869.55,0.12,13085.2,8561.8,4523.4,Net Banking,No
ORD02383,1242,Kimberly Mason,Male,29,Kolkata,2024/12/31,Beauty,Face Wash,2,49715.11,0.2,79544.18,60657.73,18886.45,Cash on Delivery,No
ORD02384,1633,Jacqueline Wilkins,Male,45,hyderabad,2023/09/12,Electronics,Headphones,4,20237.86,0.26,59904.07,40865.81,19038.26,Credit Card,No
ORD02385,1470,Laura Stevens,Male,27,Bangalore,25-12-2023, Home ,Vacuum Cleaner,4,31563.61,0.17,104791.19,91163.01,13628.18,NET BANKING,No
ORD02386,1080,,Female,53,Kolkata,29-12-2023,Beauty,Face Wash,4,7218.06,,496602.60000000003,16075.17,8754.96,Debit Card,No
ORD02387,1317,Ashley Howard,Female,57,Mumbai,29-07-2024,Home,Desk,5,25057.87,0.18,102737.27,75417.12,27320.15,Debit Card,No
ORD02388,1461,Gina Baldwin MD,Male,38,Kolkata,2023/12/07,Electronics,Laptop,3,4171.26,0.03,12138.37,10283.6,1854.77,Debit Card,No
ORD02389,1024,Robert Valentine,Female,31,Hyderabad,02-07-2023,Electronics,Smartwatch,2,10014.67,0.19,16223.77,11227.46,4996.31,Debit Card,No
ORD02390,1236,Mark Stephens,Male,31,hyderabad,29-07-2023,Fashion,Sneakers,3,46449.07,0.06,130986.38,95976.95,35009.43,Debit Card,No
ORD02391,1561,,Female,20,,02-03-2023,Home,Vacuum Cleaner,2,21177.46,0.04,40660.72,31920.38,8740.34,UPI,No
ORD02392,1031,Robert Fletcher,Female,30,,2023/02/11,Electronics,Tablet,4,30828.13,0.1,110981.27,97634.63,13346.64,Credit Card,Yes
ORD02393,1120,Janice White,Female,50,Kolkata,2023/11/22, Fashion ,T-Shirt,5,17360.56,0.07,80726.6,65283.01,15443.59,Net Banking,No
ORD02394,1643,Christine Bush,Female,60,Kolkata,30-04-2023,Home,Mixer,1,25909.39,0.19,20986.61,15704.64,5281.97,Net Banking,No
ORD02395,1037,Christopher Hart,Female,56,Chennai,2024/05/25,Electronics,Laptop,1,41025.65,0.29,29128.21,21820.39,7307.82,Debit Card,No
ORD02396,1402,Carrie Morrison,Female,47,Bangalore,29-08-2023,Home,Mixer,1,17734.25,0.28,12768.66,8192.96,4575.7,Net Banking,No
ORD02397,1484,Brenda Kline DVM,Male,42,Mumbai,07-04-2024, Beauty ,Face Wash,1,35414.93,0.21,27977.79,16970.3,11007.49,UPI,Yes
ORD02398,1314,Christine Gardner,Female,36,hyderabad,01-04-2023,Home,Mixer,1,23750.55,0.15,20187.97,12860.81,7327.16,Cash on Delivery,Yes
ORD02399,1532,Jesse Allen,Female,23,Chennai,2024/07/05,Electronics,Tablet,4,11460.85,0.08,42175.93,28111.36,14064.57,Net Banking,No
ORD02400,1573,Randall Oneal Jr.,Male,19,Pune,30-12-2024,Fashion,Sneakers,4,3299.21,0.22,10293.54,8623.48,1670.06,UPI,No
ORD02401,1249,Michelle Humphrey,Female,28,Chennai,05-12-2024,Home,Lamp,5,47393.29,0.07,220378.8,178271.02,42107.78,Credit Card,No
ORD02402,1031,Stephanie Sanders,Female,50,Bangalore,09-09-2023,Beauty,Face Wash,1,40298.71,0.03,39089.75,34375.62,4714.13,Net Banking,No
ORD02403,1077,Connie Rodriguez,,51,Pune,2023/06/21,Home,Mixer,2,44434.18,0.1,79981.52,53706.32,26275.2,Debit Card,No
ORD02404,1379,Devon Murphy,Male,20,delhi,26-09-2024,Electronics,Laptop,3,42902.3,0.2,102965.52,90847.49,12118.03,NET BANKING,No
ORD02405,1441,Joshua Perkins,Male,56,Kolkata,05-07-2023,Beauty,Lipstick,4,42198.35,0.17,140098.52,96987.31,43111.21,Net Banking,No
ORD02406,1159,Brian Martinez,Female,25,Bangalore,21-12-2024,Home,Vacuum Cleaner,2,27893.28,0.17,46302.84,35422.07,10880.77,Net Banking,Yes
ORD02407,1014,Jill Tran,Male,57,Hyderabad,2024/09/20,Electronics,Headphones,1,10136.92,0.09,9224.6,6350.16,2874.44,Cash on Delivery,No
ORD02408,1366,Rebecca Crawford,Female,28,Chennai,2023/12/15,Beauty,Face Wash,1,23473.06,0.25,17604.8,14801.26,2803.54,Net Banking,No
ORD02409,1456,Alex Klein,Female,56,Hyderabad,21-06-2023,Fashion,Dress,4,39887.38,0.23,122853.13,84302.81,38550.32,Debit Card,No
ORD02410,1073,Mrs. Regina Hunter DVM,Male,53,,2024/08/03,Electronics,Tablet,3,38196.51,0.06,107714.16,87647.01,20067.15,Cash on Delivery,Yes
ORD02411,1473,Terry Hill,Male,55,Delhi,09-12-2024,Beauty,Perfume,2,12989.06,0.0,25978.12,22973.65,3004.47,Cash on Delivery,No
ORD02412,1024,Jason Carroll,Male,44,Delhi,28-07-2024,Beauty,Face Wash,5,44080.85,0.08,202771.91,133286.17,69485.74,UPI,No
ORD02413,1588,Rebecca Nelson,Female,18,Pune,2024/08/13,Electronics,Laptop,3,19334.26,0.19,46982.25,29779.86,17202.39,UPI,No
ORD02414,1332,Natalie Hall,Female,60,Delhi,13-11-2023,Fashion,Dress,4,3022.18,0.01,11967.83,7751.24,4216.59,Debit Card,No
ORD02415,1393,Stacey Lawrence,Female,38,kolkata,23-01-2024,Home,Chair,3,22312.12,0.09,60912.09,54168.56,6743.53,CASH ON DELIVERY,No
ORD02416,1669,Tiffany Roberts,Female,18,Bangalore,21-11-2024,Beauty,Shampoo,1,8410.89,0.29,5971.73,4819.84,1151.89,Cash on Delivery,No
ORD02417,1169,Valerie Moore,Male,29,Bangalore,07-04-2024,Electronics,Smartphone,5,40997.08,0.1,184486.86,140222.03,44264.83,UPI,Yes
ORD02418,1497,Michael Mason,Female,60,Delhi,22-09-2024,Fashion,Jacket,2,1154.74,0.09,2101.63,1473.82,627.81,Net Banking,No
ORD02419,1390,William Campbell,Male,29,Pune,24-07-2023,Beauty,Lipstick,3,32394.29,0.25,72887.15,54245.51,18641.64,Cash on Delivery,Yes
ORD02420,1678,,Female,22,Mumbai,2024/05/02,Electronics,Tablet,2,14908.13,0.02,29219.93,23420.81,5799.12,Net Banking,Yes
ORD02421,1167,John Choi,Male,40,Kolkata,15-12-2024,Beauty,Perfume,5,29185.94,0.04,140092.51,123199.12,16893.39,Net Banking,No
ORD02422,1100,Kathryn Carey,Female,35,Bangalore,22-06-2023,Fashion,Jeans,2,18161.22,0.08,33416.64,25294.41,8122.23,Credit Card,No
ORD02423,1261,Melissa Johnson,Female,29,Pune,09-11-2023,Home,Desk,3,14553.77,0.17,36238.89,30387.07,5851.82,Debit Card,Yes
ORD02424,1156,Mr. Thomas Richardson DVM,Male,28,Hyderabad,02-12-2023,Home,Desk,1,41631.36,0.24,31639.83,28325.13,3314.7,Net Banking,No
ORD02425,1183,Mrs. Ana Wade,Male,41,,16-04-2023,Fashion,T-Shirt,1,17423.6,0.25,13067.7,8436.27,4631.43,Credit Card,No
ORD02426,1752,David Diaz,Female,19,Bangalore,05-06-2023,Fashion,Dress,1,43137.49,0.16,36235.49,28739.98,7495.51,CREDIT CARD,No
ORD02427,1007,Dennis Beck,Female,24,Chennai,04-01-2023,Home,Chair,4,34936.52,0.12,122976.55,97914.11,25062.44,UPI,No
ORD02428,1124,Becky Smith,Male,20,Delhi,14-10-2023,Home,Lamp,1,33353.26,0.29,23680.81,14527.12,9153.69,Credit Card,Yes
ORD02429,1186,Rebecca Duarte,Male,37,Hyderabad,06-06-2024,Beauty,Shampoo,2,30130.77,0.14,51824.92,42822.92,9002.0,Credit Card,Yes
ORD02430,1546,Randy Johnson,Female,19,Delhi,12-02-2024,Fashion,Jacket,1,7817.24,0.09,7113.69,4310.38,2803.31,Cash on Delivery,No
ORD02431,1024,Dr. Kathryn Jones,Female,22,Delhi,2024/11/27,Beauty,Face Wash,3,12469.05,,32918.29,22912.5,,Debit Card,Yes
ORD02432,1649,Catherine Garner,Male,51,Delhi,16-10-2023,Home,Chair,4,19140.93,0.06,71969.9,58835.98,13133.92,Credit Card,Yes
ORD02433,1624,Kimberly Downs,Male,59,Pune,20-06-2024,Fashion,Jacket,4,41602.9,0.12,146442.21,105542.17,40900.04,Credit Card,No
ORD02434,1674,Ryan Ramirez,Female,39,Pune,27-05-2024,Beauty,Lipstick,4,1146.08,0.27,3346.55,2966.21,380.34,Debit Card,Yes
ORD02435,1579,Ashley Lynn,Male,57,Pune,2023/02/03, Electronics ,Smartphone,5,23827.86,0.26,88163.08,74460.78,13702.3,Debit Card,No
ORD02436,1555,,Female,44,Delhi,2024/04/17,Home,Desk,1,16807.32,0.11,14958.51,10499.36,4459.15,UPI,No
ORD02437,1090,Michael Kelley,Male,56,Delhi,2023/05/06,Home,Desk,5,30518.16,0.15,129702.18,88263.62,41438.56,NET BANKING,No
ORD02438,1670,Carla Gomez,Female,41,Bangalore,2024/09/13,Fashion,Jeans,2,46152.57,0.09,83997.68,56248.6,27749.08,UPI,No
ORD02439,1471,Audrey Lowery,Female,43,Kolkata,10-01-2023,Beauty,Lipstick,5,21901.44,0.13,95271.26,79834.82,15436.44,UPI,No
ORD02440,1222,Max Ramos,Male,44,Hyderabad,12-06-2024,Fashion,Sneakers,3,15333.64,0.08,42320.85,35150.06,7170.79,Credit Card,No
ORD02441,1792,Michelle Jennings,Female,53,Chennai,2023/02/25,Fashion,Sneakers,5,40262.85,0.13,175143.4,108404.0,66739.4,Cash on Delivery,No
ORD02442,1297,Gary Turner,Male,40,mumbai,24-01-2023,Fashion,Dress,1,15284.28,0.01,15131.44,10284.94,4846.5,Net Banking,No
ORD02443,1287,Ryan Hodges,Male,47,hyderabad,2023/10/25,Fashion,T-Shirt,5,14577.01,0.24,55392.64,45865.67,9526.97,UPI,No
ORD02444,1178,Erica Short,Female,44,Delhi,04-11-2023,Home,Lamp,4,30409.62,0.03,117989.33,96384.0,21605.33,UPI,No
ORD02445,1640,Laura Morgan,Female,36,Hyderabad,2023/06/29,Home,Vacuum Cleaner,3,23465.1,0.05,66875.53,60064.7,6810.83,Credit Card,No
ORD02446,1042,Peter Hunt,Male,58,Kolkata,2023/10/29,Beauty,Lipstick,2,33033.69,0.2,52853.9,38251.6,14602.3,Cash on Delivery,No
ORD02447,1524,David Obrien,Female,40,Bangalore,2024/09/25,Fashion,Dress,2,33475.88,0.14,57578.51,51292.29,6286.22,Debit Card,No
ORD02448,1742,Jonathan Rivas,Male,57,Hyderabad,2023/06/22,Electronics,Smartwatch,5,48209.37,0.01,238636.38,155137.43,83498.95,Debit Card,No
ORD02449,1209,Jamie Miller,Female,40,Kolkata,2024/06/16,Fashion,T-Shirt,1,27623.87,0.26,20441.66,14390.04,6051.62,Debit Card,No
ORD02450,1491,,Female,49,Chennai,22-11-2024, Electronics ,Laptop,5,7092.05,0.07,32978.03,23733.52,9244.51,Debit Card,No
ORD02451,1029,Patrick Beck,Female,34,Delhi,2024/01/31,Electronics,Smartphone,1,48414.35,0.28,34858.33,22036.2,12822.13,Cash on Delivery,Yes
ORD02452,1408,Stephen Johnson,,41,Bangalore,27-08-2023,Electronics,Tablet,1,38264.65,0.13,33290.25,27296.55,5993.7,Debit Card,Yes
ORD02453,1767,Linda Elliott,Female,51,Mumbai,24-01-2023,Electronics,Smartphone,1,3648.87,0.13,3174.52,1974.01,1200.51,UPI,Yes
ORD02454,1169,Kayla Khan,Male,22,mumbai,29-10-2023,Fashion,T-Shirt,3,9086.66,,20444.99,15509.88,4935.11,Credit Card,Yes
ORD02455,1373,Amy Fischer,Female,43,Chennai,23-05-2024,Home,Lamp,5,35061.16,0.3,122714.06,93126.88,29587.18,Net Banking,Yes
ORD02456,1420,,Male,42,Bangalore,2023/11/04,Home,Desk,4,43656.87,0.11,155418.46,127051.72,28366.74,UPI,No
ORD02457,1042,Justin Thompson,Female,47,Pune,30-11-2023,Fashion,T-Shirt,2,32529.22,0.04,62456.1,48545.55,13910.55,Debit Card,No
ORD02458,1679,Michael Campbell,Female,51,delhi,09-05-2024,Home,Desk,3,49980.38,0.02,146942.32,127429.84,19512.48,Debit Card,Yes
ORD02459,1540,Natasha Sanders,Male,25,Delhi,09-10-2023,Home,Chair,4,14633.93,0.02,57365.01,50562.54,6802.47,Debit Card,No
ORD02460,1511,John Higgins,Female,55,Mumbai,2024/04/07, Electronics ,Laptop,1,44037.5,0.01,43597.12,32343.75,11253.37,Debit Card,No
ORD02461,1193,Sarah Black,Female,51,Hyderabad,06-02-2024,Fashion,Jacket,2,15382.61,0.24,23381.57,18984.15,4397.42,Net Banking,No
ORD02462,1259,Melissa Hawkins,Male,42,chennai,2023/02/28,Beauty,Lipstick,4,18501.5,0.23,56984.62,38887.08,18097.54,Net Banking,Yes
ORD02463,1100,Kimberly Miller,Male,35,Pune,2024/03/16,Electronics,Smartphone,2,8146.51,0.03,15804.23,12749.39,3054.84,Net Banking,Yes
ORD02464,1615,John Allen,Female,33,Delhi,21-10-2023,Home,Mixer,2,7393.9,0.04,14196.29,8766.76,5429.53,DEBIT CARD,No
ORD02465,1171,James Turner,Female,52,Delhi,02-02-2024,Fashion,Jeans,5,27512.28,0.09,125180.87,90196.3,34984.57,UPI,Yes
ORD02466,1588,Dylan Adams,Male,29,Hyderabad,24-05-2024, Beauty ,Face Wash,2,36376.65,0.27,53109.91,39364.09,13745.82,Cash on Delivery,No
ORD02467,1056,Donna Duffy,Female,20,Bangalore,22-04-2023,Fashion,Jeans,1,12899.37,0.03,12512.39,8915.45,3596.94,UPI,No
ORD02468,1739,Joshua Rodgers,Female,26,Kolkata,2024/04/09,Home,Vacuum Cleaner,1,31325.76,0.06,29446.21,19341.4,10104.81,UPI,No
ORD02469,1573,Helen Harris,Male,37,Hyderabad,2023/02/02,Fashion,Jacket,2,15093.06,0.09,27469.37,18895.23,8574.14,Debit Card,No
ORD02470,1283,Melissa Sullivan,Male,20,Mumbai,07-11-2023,Beauty,Shampoo,2,43124.27,,84523.57,66115.67,18407.9,Net Banking,No
ORD02471,1411,,Male,26,Delhi,2023/01/13,Beauty,Perfume,4,15221.83,0.17,50536.48,33298.21,17238.27,Debit Card,No
ORD02472,1366,Joseph Tucker,Male,48,Hyderabad,2023/06/05,Fashion,Sneakers,4,7214.5,0.11,25683.62,16878.3,8805.32,UPI,No
ORD02473,1524,Hailey Landry,Female,48,delhi,2023/05/31,Beauty,Moisturizer,4,48095.79,0.25,144287.37,108116.84,36170.53,Debit Card,No
ORD02474,1416,Cassandra Turner,Male,59,Kolkata,07-04-2024,Electronics,Smartwatch,2,17797.89,0.0,35595.78,22785.04,12810.74,UPI,Yes
ORD02475,1189,Sydney Moran,Male,51,Pune,09-01-2023,Home,Lamp,3,47714.05,0.2,114513.72,87063.63,27450.09,Cash on Delivery,No
ORD02476,1520,Kimberly Fields,Female,41,Bangalore,11-08-2023,Beauty,Shampoo,4,36247.42,0.0,144989.68,130353.17,14636.51,Debit Card,No
ORD02477,1790,Justin Lyons,Female,46,Kolkata,19-12-2023,Beauty,Lipstick,3,3136.85,0.03,9128.23,7434.9,1693.33,UPI,No
ORD02478,1168,Alexis Fleming,Male,32,Delhi,22-08-2023,Fashion,Jeans,3,35665.14,0.16,89876.15,72585.8,17290.35,Credit Card,No
ORD02479,1387,Emily Cummings,Male,28,Hyderabad,06-05-2023,Home,Lamp,3,2933.1,0.28,6335.5,5534.53,800.97,Net Banking,No
ORD02480,1107,Michelle Montgomery,Female,18,bangalore,2024/05/15,Beauty,Shampoo,5,4322.99,0.25,16211.21,10167.4,6043.81,Debit Card,Yes
ORD02481,1389,Teresa Ellis,Male,32,Kolkata,2023/07/12,Beauty,Lipstick,5,13777.35,0.3,48220.72,39372.05,8848.67,Debit Card,No
ORD02482,1206,Carlos Gilbert,Female,29,Delhi,2024/10/03,Home,Chair,3,21407.73,0.11,57158.64,46843.31,10315.33,Credit Card,No
ORD02483,1109,John Williams,Male,22,Bangalore,18-02-2024,Home,Mixer,4,46914.74,0.25,140744.22,89972.4,50771.82,DEBIT CARD,No
ORD02484,1738,Matthew Moore,,42,Pune,2024/12/27,Electronics,Tablet,2,16845.52,0.12,29648.12,21515.95,8132.17,UPI,No
ORD02485,1332,Monique Doyle,Male,21,Bangalore,11-10-2024,Fashion,T-Shirt,2,26704.69,0.26,39522.94,31115.92,8407.02,Net Banking,Yes
ORD02486,1503,Priscilla Nelson,Male,47,Kolkata,21-10-2024, Fashion ,Dress,5,40506.44,0.23,155949.79,120036.43,35913.36,Cash on Delivery,No
ORD02487,1193,Jeff Lucas,,33,Chennai,2024/03/09,Home,Mixer,1,15417.74,0.23,11871.66,8847.88,3023.78,CASH ON DELIVERY,No
ORD02488,1636,Justin Gray,Female,35,chennai,07-12-2023, Fashion ,Sneakers,2,10281.92,0.0,20563.84,17712.83,2851.01,Credit Card,No
ORD02489,1656,Danielle Garcia,Male,37,Hyderabad,2024/07/21,Fashion,Sneakers,2,12160.07,0.13,21158.52,18716.88,2441.64,UPI,No
ORD02490,1767,Thomas Yoder,Male,55,Pune,04-11-2024,Electronics,Laptop,4,49334.84,0.26,146031.13,97422.3,,Cash on Delivery,No
ORD02491,1115,Carl Guzman,Male,53,Pune,29-12-2023,Beauty,Perfume,3,16364.3,0.03,47620.11,41118.4,6501.71,Credit Card,No
ORD02492,1298,Patrick Wagner,Female,60,Kolkata,14-03-2024,Electronics,Laptop,1,48159.02,0.17,39971.99,32831.99,7140.0,Net Banking,Yes
ORD02493,1459,Megan Perez,,49,Bangalore,2023/05/26,Home,Desk,2,17039.13,0.23,26240.26,18432.78,7807.48,Credit Card,Yes
ORD02494,1169,Danielle Conrad,Male,37,Kolkata,2023/06/01,Electronics,Laptop,5,9835.87,0.25,36884.51,30654.51,6230.0,Debit Card,No
ORD02495,1174,Daniel Thomas,Female,22,Pune,02-03-2023,Fashion,Dress,4,30859.82,0.05,117267.32,80891.26,36376.06,Debit Card,No
ORD02496,1505,Luis Colon,Female,30,Kolkata,2023/08/18,Beauty,Shampoo,4,3091.79,0.11,11006.77,7945.62,3061.15,DEBIT CARD,No
ORD02497,1668,Mary Freeman,Female,38,Hyderabad,2023/07/31,Home,Mixer,4,5793.35,0.17,19233.92,16169.25,3064.67,Credit Card,No
ORD02498,1672,Rebecca Jennings MD,Male,25,Mumbai,2024/10/10,Fashion,Jeans,4,43015.45,0.08,158296.86,135072.38,23224.48,UPI,Yes
ORD02499,1477,Laura Martinez,Male,59,Mumbai,31-05-2023, Fashion ,Jacket,3,37205.88,0.07,103804.41,81185.16,22619.25,Cash on Delivery,No
ORD02500,1128,James Evans,Male,51,Mumbai,07-09-2024,Electronics,Laptop,4,37893.03,0.22,118226.25,89752.82,28473.43,UPI,Yes
ORD02501,1781,Marissa Watts,Male,59,Bangalore,22-08-2024,Beauty,Perfume,3,20516.84,0.22,48009.41,31807.71,16201.7,Net Banking,No
ORD02502,1664,Zachary Montgomery,Male,37,Chennai,22-06-2023,Fashion,Jeans,3,12954.34,0.05,36919.87,23984.38,12935.49,Cash on Delivery,Yes
ORD02503,1275,Robert Anderson,Female,38,Bangalore,18-12-2024,Home,Desk,5,24104.24,0.21,95211.75,61613.17,33598.58,Debit Card,No
ORD02504,1664,Lonnie Douglas,Female,25,Bangalore,15-02-2024,Home,Mixer,2,21658.44,0.09,39418.36,28335.9,11082.46,Net Banking,Yes
ORD02505,1799,Dr. Allen Pollard MD,Female,53,Bangalore,2023/10/02,Home,Desk,2,46956.07,0.25,70434.1,48502.35,21931.75,Net Banking,Yes
ORD02506,1330,Amanda Wagner,Male,52,Pune,20-09-2023,Electronics,Laptop,2,28735.7,0.27,41954.12,27420.78,14533.34,Cash on Delivery,Yes
ORD02507,1347,,Male,18,Chennai,17-04-2024,Electronics,Laptop,3,38031.9,0.06,107249.96,82344.37,24905.59,Credit Card,No
ORD02508,1398,Jennifer Rogers,Female,56,Bangalore,2024/04/26,Fashion,Dress,3,6554.65,0.1,17697.55,14442.27,3255.28,Cash on Delivery,No
ORD02509,1023,Brandi Rodriguez,Female,57,Pune,13-03-2024,Electronics,Headphones,4,17650.76,0.11,62836.71,49529.39,13307.32,Debit Card,No
ORD02510,1670,Cynthia Schultz,Male,31,Kolkata,14-02-2024,Electronics,Smartwatch,2,29812.18,0.18,48891.98,41713.95,7178.03,Credit Card,Yes
ORD02511,1671,Julie Williams,Female,50,Bangalore,2024/07/15,Home,Mixer,4,19403.82,0.23,59763.77,38467.84,21295.93,Credit Card,No
ORD02512,1554,Heather Russell,Female,60,Delhi,13-03-2023,Fashion,Dress,4,45015.57,0.14,154853.56,127091.97,27761.59,Cash on Delivery,No
ORD02513,1159,Joseph Leon,Male,32,Pune,16-08-2023,Electronics,Tablet,2,39121.16,,71200.51,54151.9,17048.61,Cash on Delivery,No
ORD02514,1381,Jennifer Stanley,Female,46,Bangalore,30-11-2023,Fashion,Jacket,1,13204.85,0.08,12148.46,8936.19,3212.27,UPI,No
ORD02515,1640,Daniel Padilla,Male,24,Chennai,16-07-2024,Electronics,Smartwatch,4,46600.84,,154714.79,132926.96,21787.83,Debit Card,Yes
ORD02516,1509,Tony Perkins,Female,37,Kolkata,09-07-2024,Home,Chair,3,43965.18,0.19,106835.39,94687.58,12147.81,Debit Card,No
ORD02517,1065,Joanna Mccarthy,Female,21,Chennai,19-09-2024,Electronics,Smartwatch,2,20720.93,0.12,36468.84,26324.34,10144.5,Credit Card,No
ORD02518,1010,Carolyn Richards,Female,31,delhi,2023/09/06,Electronics,Smartphone,3,38351.74,0.02,112754.12,75473.35,37280.77,DEBIT CARD,No
ORD02519,1536,Sean Hood,Male,36,Delhi,2024/05/22,Home,Chair,4,30635.78,0.01,121317.69,81567.44,39750.25,Debit Card,No
ORD02520,1275,Robert Ray,Female,55,Hyderabad,13-05-2023, Fashion ,Sneakers,1,47282.51,0.13,41135.78,25631.97,15503.81,Cash on Delivery,Yes
ORD02521,1595,Heidi Mitchell,Male,35,bangalore,31-10-2023,Fashion,Jeans,5,37702.78,0.19,152696.26,99449.02,53247.24,Net Banking,No
ORD02522,1509,Jose Johnson,Female,28,Bangalore,03-11-2024,Beauty,Face Wash,4,46724.79,0.24,142043.36,104809.96,37233.4,Net Banking,Yes
ORD02523,1316,John Ward,Male,51,Delhi,2023/06/19,Beauty,Face Wash,3,11243.0,0.18,27657.78,20043.75,7614.03,Net Banking,Yes
ORD02524,1642,Mitchell Smith,Male,22,Pune,01-01-2024,Fashion,Dress,4,22118.89,0.18,72549.96,53762.48,18787.48,Debit Card,No
ORD02525,1465,Danielle Weaver,Male,23,Pune,01-05-2023,Beauty,Face Wash,4,25888.24,0.17,85948.96,62575.34,23373.62,Cash on Delivery,Yes
ORD02526,1086,James Brown,Male,39,Delhi,2023/05/01,Electronics,Headphones,1,40148.52,0.07,37338.12,26390.3,10947.82,Debit Card,Yes
ORD02527,1430,Cheryl Shaffer,Male,47,Kolkata,2023/06/02,Electronics,Smartphone,4,17443.74,,54424.47,37012.6,17411.87,Credit Card,No
ORD02528,1035,Mary Kirk,Male,59,Chennai,2024/08/07,Beauty,Perfume,5,4511.57,0.01,22332.27,19274.01,3058.26,Net Banking,No
ORD02529,1473,Courtney Avila,Female,48,Pune,18-12-2024,Home,Mixer,4,31575.1,0.29,89673.28,58375.15,31298.13,Net Banking,Yes
ORD02530,1585,Nancy Williams,Female,44,delhi,19-03-2023,Beauty,Moisturizer,2,2989.85,0.15,5082.74,3497.08,1585.66,Cash on Delivery,No
ORD02531,1744,Lisa Murillo,Female,42,,2024/04/01,Home,Vacuum Cleaner,2,45860.44,0.14,78879.96,70277.2,8602.76,Debit Card,Yes
ORD02532,1172,Teresa Anderson,Male,51,Kolkata,22-11-2024,Electronics,Tablet,3,2360.39,0.01,7010.36,5267.51,1742.85,UPI,No
ORD02533,1653,Christopher Barrett,Female,26,Bangalore,25-01-2024,Fashion,Sneakers,3,19463.01,0.22,45543.44,33186.23,12357.21,Net Banking,No
ORD02534,1292,Suzanne Ingram,Female,27,Kolkata,22-10-2023,Fashion,Jeans,1,22447.96,0.04,21550.04,14367.25,7182.79,Credit Card,No
ORD02535,1346,Walter Flores,Female,49,Bangalore,2023/02/24,Fashion,T-Shirt,4,35138.93,0.07,130716.82,110001.92,20714.9,Net Banking,No
ORD02536,1738,Ronald Mcclure,Male,36,Delhi,30-10-2023,Beauty,Moisturizer,2,27584.85,0.13,47997.64,33562.07,14435.57,Net Banking,No
ORD02537,1604,Laura Henderson,Female,53,Chennai,04-05-2023,Beauty,Lipstick,4,11045.04,0.17,36669.53,27906.78,8762.75,UPI,No
ORD02538,1698,Brendan Landry,Male,45,Pune,08-02-2024,Fashion,T-Shirt,5,17961.93,0.3,62866.75,41232.53,21634.22,Credit Card,No
ORD02539,1072,Christopher Park,Female,19,chennai,13-02-2024,Fashion,Sneakers,3,20928.89,0.21,49601.47,38257.77,11343.7,Credit Card,Yes
ORD02540,1270,Alexis Ford,Female,39,kolkata,23-09-2024, Fashion ,Sneakers,2,15937.0,0.25,23905.5,14876.8,9028.7,UPI,Yes
ORD02541,1064,Ian Kennedy,Female,42,Pune,07-01-2024,Fashion,T-Shirt,1,31717.04,0.3,22201.93,15545.09,6656.84,UPI,No
ORD02542,1499,Joel Stone,Female,24,Delhi,07-08-2023,Home,Mixer,5,37813.48,0.27,138019.2,101644.32,36374.88,Debit Card,No
ORD02543,1527,Marie Fletcher,Female,36,Delhi,01-08-2023,Fashion,Jacket,2,3828.55,0.09,6967.96,5570.23,1397.73,UPI,No
ORD02544,1762,,Male,58,delhi,19-12-2023,Home,Lamp,5,14207.24,0.15,60380.77,41248.84,19131.93,Net Banking,No
ORD02545,1011,Justin Andrews,Female,25,Bangalore,2023/06/09,Fashion,Dress,2,34872.3,0.21,55098.23,37041.75,18056.48,Cash on Delivery,No
ORD02546,1031,Karen Odonnell,Female,36,Chennai,2024/08/22,Fashion,Sneakers,3,26212.32,0.21,62123.2,43623.58,18499.62,Credit Card,No
ORD02547,1178,Frederick Sanders,Female,49,Chennai,26-08-2024,Fashion,Dress,4,16454.19,0.18,53969.74,43722.16,10247.58,Cash on Delivery,No
ORD02548,1765,Rodney Chambers,Male,32,Mumbai,15-10-2023, Beauty ,Shampoo,3,38834.55,0.27,85047.66,68889.11,16158.55,Cash on Delivery,No
ORD02549,1496,Timothy Robles,Male,39,Bangalore,24-06-2024,Beauty,Moisturizer,1,3326.14,0.15,2827.22,2140.65,686.57,UPI,Yes
ORD02550,1032,,Male,55,Pune,01-05-2023,Home,Chair,2,28718.84,0.29,40780.75,29471.26,11309.49,Cash on Delivery,No
ORD02551,1536,Timothy Contreras,Female,57,Kolkata,23-06-2023,Home,Mixer,1,43407.23,0.27,31687.28,21240.31,10446.97,NET BANKING,No
ORD02552,1774,Jessica Wells,Male,18,Kolkata,10-06-2023,Fashion,Dress,1,26517.37,0.16,22274.59,16869.39,5405.2,Cash on Delivery,Yes
ORD02553,1099,,Male,22,Hyderabad,2023/03/16,Fashion,Jacket,1,19304.46,0.04,18532.28,13097.38,5434.9,Net Banking,Yes
ORD02554,1516,Michael Duncan,Female,38,Bangalore,27-10-2023,Fashion,Dress,3,45222.87,0.25,101751.46,64824.45,36927.01,Net Banking,No
ORD02555,1280,Peter Estrada,Male,31,Kolkata,08-05-2023,Electronics,Tablet,1,40838.74,0.09,37163.25,28116.62,9046.63,Cash on Delivery,Yes
ORD02556,1784,Todd Miller,,45,Chennai,01-03-2024,Electronics,Headphones,5,4675.73,0.07,21742.14,13177.17,8564.97,Cash on Delivery,No
ORD02557,1704,Vincent Jones,Female,26,Delhi,02-10-2023,Electronics,Laptop,4,25197.62,0.14,86679.81,73230.51,13449.3,UPI,No
ORD02558,1665,Mark Jones,Male,45,Hyderabad,07-09-2024,Home,Chair,1,13177.01,0.02,12913.47,10382.73,2530.74,UPI,No
ORD02559,1057,Emily Martinez,Male,46,Delhi,2023/06/17,Beauty,Shampoo,1,18469.26,0.13,16068.26,12154.68,3913.58,UPI,No
ORD02560,1351,Colleen Cole,Male,18,Bangalore,28-02-2024,Electronics,Tablet,1,6650.18,0.23,5120.64,4078.32,1042.32,Credit Card,No
ORD02561,1134,Valerie Colon,Male,48,Pune,26-06-2023,Home,Chair,4,11138.57,0.23,34306.8,23444.36,10862.44,Credit Card,No
ORD02562,1457,Brenda Hernandez,Female,18,Chennai,14-08-2024, Fashion ,Jeans,1,42090.1,0.28,30304.87,25857.31,4447.56,Cash on Delivery,No
ORD02563,1552,Allen Kelly,Female,49,Chennai,13-04-2023,Beauty,Shampoo,1,14588.1,0.04,14004.58,10240.69,3763.89,UPI,No
ORD02564,1487,Timothy Hendricks,Female,51,Bangalore,18-02-2024,Home,Lamp,2,14025.25,0.29,19915.85,15629.16,4286.69,Debit Card,No
ORD02565,1663,Kristina Roach,Male,44,Bangalore,03-09-2023,Beauty,Moisturizer,1,13240.51,0.29,9400.76,7234.14,2166.62,Cash on Delivery,No
ORD02566,1346,Peter Callahan,Male,19,,28-03-2023, Beauty ,Perfume,5,34465.33,0.09,156817.25,137333.18,19484.07,DEBIT CARD,No
ORD02567,1006,David Powell,Female,50,Delhi,07-04-2024,Home,Mixer,4,48489.1,0.25,145467.3,119583.61,25883.69,Debit Card,Yes
ORD02568,1398,Carol Taylor,Female,59,pune,28-10-2024,Home,Chair,4,21488.58,0.3,60168.02,53703.54,6464.48,Credit Card,No
ORD02569,1686,Nicholas Lee,Female,22,Kolkata,13-11-2024,Fashion,T-Shirt,4,24195.47,0.1,87103.69,68487.48,18616.21,Credit Card,No
ORD02570,1676,Jacob Warren,Male,38,Hyderabad,04-02-2024,Home,Lamp,5,10940.45,0.02,53608.21,40702.25,12905.96,UPI,No
ORD02571,1777,Jonathan Turner,Male,21,Delhi,2024/06/19,Electronics,Smartphone,3,7424.27,0.01,22050.08,17236.12,4813.96,Net Banking,No
ORD02572,1531,Timothy Romero,Female,33,Kolkata,2023/07/18,Home,Lamp,4,20498.76,0.17,68055.88,43530.82,24525.06,UPI,No
ORD02573,1507,Melissa Weaver,Male,44,Kolkata,01-05-2024,Fashion,Jeans,3,16632.31,0.29,35426.82,24294.49,11132.33,Credit Card,No
ORD02574,1546,Maurice Davis,Female,35,Mumbai,04-07-2023,Electronics,Laptop,3,47882.5,0.2,114918.0,102264.44,12653.56,Cash on Delivery,No
ORD02575,1224,Sandra Martinez,,55,Chennai,05-11-2024,Home,Desk,4,30929.28,0.07,115056.92,84303.5,30753.42,Net Banking,No
ORD02576,1715,Sarah Brooks,Female,48,Bangalore,03-05-2024,Electronics,Smartwatch,2,23191.07,0.2,37105.71,24887.98,12217.73,Cash on Delivery,Yes
ORD02577,1368,Bradley Jones,Female,58,Delhi,07-07-2023,Home,Desk,4,46027.39,0.19,149128.74,128197.84,,Credit Card,No
ORD02578,1574,James Cole,Female,42,Kolkata,2024/07/27,Fashion,Sneakers,2,28006.99,0.07,52093.0,39749.95,12343.05,Credit Card,No
ORD02579,1642,Victoria Freeman,Female,20,Pune,22-05-2023,Electronics,Tablet,2,6968.93,0.02,13659.1,9908.57,3750.53,NET BANKING,No
ORD02580,1533,Robert Ingram,Female,52,Hyderabad,14-10-2023,Beauty,Shampoo,4,8061.77,0.02,31602.14,26567.92,5034.22,Debit Card,No
ORD02581,1666,Sarah Potter,Female,39,Hyderabad,11-04-2024,Electronics,Headphones,3,26967.69,0.08,74430.82,52034.27,22396.55,Credit Card,No
ORD02582,1405,Carl Howard,Male,25,Mumbai,29-01-2024,Beauty,Lipstick,1,20536.91,0.23,15813.42,11802.49,4010.93,Credit Card,No
ORD02583,1594,Courtney Lee,Female,19,Mumbai,19-09-2023,Electronics,Headphones,2,26338.89,0.05,50043.89,39747.93,10295.96,Net Banking,No
ORD02584,1547,David Conley,Female,50,Hyderabad,27-06-2023,Beauty,Lipstick,5,21907.92,0.02,107348.81,93012.11,14336.7,UPI,Yes
ORD02585,1386,Tim Grant,Male,43,Bangalore,06-06-2023,Home,Mixer,4,10692.87,0.21,33789.47,28389.07,5400.4,UPI,No
ORD02586,1166,David Hernandez,Female,49,Delhi,12-02-2023,Home,Vacuum Cleaner,3,38615.77,0.02,113530.36,85394.17,28136.19,Credit Card,Yes
ORD02587,1227,Brenda Sellers,Female,24,Chennai,01-03-2023,Fashion,Dress,4,37771.83,0.13,131445.97,84860.22,46585.75,Cash on Delivery,No
ORD02588,1243,Marcia Mcdonald,Female,37,Kolkata,2023/02/28,Home,Lamp,3,31563.5,0.24,71964.78,44927.6,27037.18,UPI,No
ORD02589,1547,Jimmy Brown,Female,42,mumbai,31-10-2023, Fashion ,Dress,3,14775.2,0.09,40336.3,28901.89,11434.41,Credit Card,No
ORD02590,1100,,Male,49,Delhi,01-03-2024,Beauty,Moisturizer,1,28456.55,0.12,25041.76,19863.12,5178.64,UPI,Yes
ORD02591,1565,Monica Alvarez,Female,52,,24-05-2023,Fashion,Sneakers,4,34531.42,0.1,124313.11,82369.02,41944.09,Net Banking,No
ORD02592,1212,Alexander Wallace,Male,43,Mumbai,28-11-2023,Home,Lamp,4,30062.09,0.02,117843.39,87758.32,30085.07,Debit Card,No
ORD02593,1494,John Valdez,Male,54,Chennai,10-07-2024,Home,Desk,5,41603.87,0.2,166415.48,116636.31,49779.17,Credit Card,No
ORD02594,1542,Allison Scott,Female,48,Pune,2024/07/30,Home,Mixer,2,4661.49,0.11,8297.45,5575.02,2722.43,UPI,Yes
ORD02595,1572,Kenneth Medina,Male,-5,chennai,12-05-2024,Electronics,Smartphone,2,17800.9,0.08,32753.66,27886.27,4867.39,Net Banking,Yes
ORD02596,1176,Sabrina Gordon,Male,57,pune,23-03-2023,Fashion,Sneakers,4,26854.21,0.21,84859.3,66270.64,18588.66,UPI,No
ORD02597,1093,Tanya Lewis,Male,22,Kolkata,2023/09/08,Fashion,T-Shirt,3,44672.09,0.21,105872.85,93873.19,11999.66,Debit Card,No
ORD02598,1642,Robert Lawson,Female,23,Bangalore,22-02-2023,Electronics,Smartphone,2,9021.28,0.25,13531.92,9071.94,4459.98,DEBIT CARD,No
ORD02599,1132,Larry Lindsey,,39,Hyderabad,2024/02/12,Home,Mixer,5,41533.14,0.22,161979.25,98631.38,63347.87,Net Banking,No
ORD02600,1685,Caitlin Gordon,Male,34,Hyderabad,23-03-2023,Beauty,Perfume,4,31941.57,0.13,111156.66,96523.84,14632.82,Cash on Delivery,No
ORD02601,1025,Michael Terrell,Female,52,Chennai,05-04-2024,Beauty,Moisturizer,2,10150.95,0.08,18677.75,13182.55,5495.2,Debit Card,No
ORD02602,1143,Daniel James,Female,25,Delhi,18-08-2023, Beauty ,Face Wash,4,1085.14,0.21,3429.04,2740.88,688.16,Credit Card,No
ORD02603,1428,Ashley Horn,Female,54,Chennai,20-07-2023,Electronics,Laptop,2,28536.53,0.04,54790.14,43322.08,11468.06,NET BANKING,No
ORD02604,1754,Catherine Butler,Male,34,Kolkata,10-01-2023,Home,Lamp,2,43064.04,0.26,63734.78,47484.37,16250.41,Cash on Delivery,No
ORD02605,1586,Penny Knight,Male,38,Kolkata,02-06-2024,Fashion,Dress,1,12341.64,0.11,10984.06,9519.48,1464.58,Net Banking,No
ORD02606,1741,Kathy Mcdaniel,Male,59,Chennai,17-12-2024,Beauty,Lipstick,2,48679.02,0.11,86648.66,57925.2,28723.46,Net Banking,Yes
ORD02607,1584,Kenneth Snyder,Female,39,Mumbai,2024/09/28,Electronics,Smartwatch,1,33500.72,0.16,28140.6,18145.49,9995.11,Cash on Delivery,Yes
ORD02608,1502,Traci Bowman,,57,Pune,12-05-2024,Fashion,Dress,1,35801.77,0.02,35085.73,22311.37,12774.36,UPI,No
ORD02609,1208,Lori Carrillo,Female,40,Hyderabad,01-02-2024,Home,Chair,3,27623.04,0.14,71267.44,51484.53,19782.91,Cash on Delivery,No
ORD02610,1062,Joseph White,Male,43,,24-12-2023,Electronics,Smartphone,5,39158.47,0.25,146844.26,99047.71,47796.55,UPI,No
ORD02611,1264,Victoria Villa,Male,47,Bangalore,2023/03/29,Electronics,Tablet,5,23311.36,0.15,99073.28,76723.65,22349.63,Credit Card,Yes
ORD02612,1415,Roger Davila,Female,24,Bangalore,17-02-2024,Electronics,Tablet,3,47107.39,0.28,101751.96,63601.17,38150.79,Credit Card,No
ORD02613,1737,Yvonne Johns,Male,29,Bangalore,2023/02/02,Home,Mixer,3,7383.73,0.16,18607.0,13843.59,4763.41,UPI,No
ORD02614,1038,,Female,36,Delhi,2023/10/10,Home,Mixer,5,24733.99,0.18,101409.36,75050.02,26359.34,Debit Card,Yes
ORD02615,1538,Christina Richardson,Male,51,Chennai,2023/10/26,Home,Desk,3,42705.09,0.12,112741.44,97582.36,15159.08,Debit Card,No
ORD02616,1673,Susan Ross,Female,32,Kolkata,2023/09/28,Fashion,Jeans,5,20686.06,0.28,74469.82,61224.7,13245.12,UPI,No
ORD02617,1298,Emma Ellis,Female,47,Delhi,03-02-2024,Electronics,Headphones,5,2902.99,0.29,10305.61,9233.12,1072.49,Credit Card,No
ORD02618,1651,Victoria Taylor,Female,29,,2023/02/16,Fashion,Jacket,1,27925.19,0.24,21223.14,16640.18,4582.96,UPI,No
ORD02619,1020,Jeffrey Miller,Female,43,Bangalore,2024/01/21,Electronics,Smartphone,1,37852.8,0.24,28768.13,25060.44,3707.69,Net Banking,Yes
ORD02620,1562,Susan Holmes,Male,43,Pune,20-01-2024,Beauty,Lipstick,2,1649.52,0.02,3233.06,2761.13,471.93,Debit Card,No
ORD02621,1427,Sheena Hendricks,Male,44,Bangalore,2024/02/04,Fashion,Jacket,3,3327.97,0.29,7088.58,5922.91,1165.67,UPI,No
ORD02622,1460,Bruce Knapp,Male,50,Hyderabad,21-10-2023,Home,Mixer,2,14984.86,0.23,23076.68,14786.84,8289.84,Cash on Delivery,No
ORD02623,1319,Carolyn Cook,Male,49,Pune,2024/03/19,Beauty,Face Wash,1,9137.34,0.05,8680.47,6951.58,1728.89,Credit Card,No
ORD02624,1399,Larry Miller,Female,27,Hyderabad,03-05-2024,Beauty,Shampoo,3,21306.44,,63280.13,51429.74,11850.39,Net Banking,Yes
ORD02625,1161,Breanna Hernandez,Male,38,Chennai,05-09-2023,Fashion,Sneakers,1,27471.05,0.15,23350.39,15334.0,8016.39,UPI,No
ORD02626,1207,Cameron Carrillo,Male,46,Mumbai,25-09-2023,Home,Mixer,1,14008.6,0.3,9806.02,6541.47,3264.55,Debit Card,No
ORD02627,1040,Scott Graham,Male,40,Mumbai,07-10-2024,Fashion,Dress,2,10594.15,0.3,14831.81,12484.59,2347.22,Credit Card,Yes
ORD02628,1331,David Davis,Male,26,Mumbai,14-04-2024,Beauty,Face Wash,5,19831.92,0.1,89243.64,57201.08,32042.56,Debit Card,No
ORD02629,1588,Sean Sanders,Male,57,Pune,07-04-2023,Beauty,Shampoo,5,39228.18,0.22,152989.9,117489.78,35500.12,Cash on Delivery,Yes
ORD02630,1098,Joshua Love,Male,39,Hyderabad,2023/01/04,Beauty,Perfume,3,12175.89,0.02,35797.12,24266.04,11531.08,Net Banking,No
ORD02631,1686,Ronald Dominguez,Male,18,Kolkata,2023/07/11,Beauty,Face Wash,3,42208.03,0.26,93701.83,75441.05,18260.78,Net Banking,Yes
ORD02632,1166,David Fuentes,Female,22,Kolkata,17-11-2024,Electronics,Tablet,3,47522.02,0.1,128309.45,105713.77,22595.68,UPI,No
ORD02633,1077,Ashley Blair,Female,54,Kolkata,2024/08/02,Beauty,Shampoo,4,33905.25,0.06,127483.74,83453.43,44030.31,Cash on Delivery,No
ORD02634,1721,Philip Rios,Male,57,delhi,28-03-2023,Fashion,Dress,1,49673.0,0.0,49673.0,30443.67,19229.33,Cash on Delivery,No
ORD02635,1638,Michelle Gomez,Male,25,delhi,2023/02/04,Electronics,Headphones,5,24985.12,0.12,109934.53,68535.32,41399.21,UPI,No
ORD02636,1388,Leslie Francis,Male,29,Bangalore,04-06-2024,Fashion,Jacket,3,48990.11,0.22,114636.86,87698.22,26938.64,Credit Card,No
ORD02637,1559,Christopher Johnson,Male,19,Hyderabad,07-01-2023,Beauty,Lipstick,2,46029.85,0.08,84694.92,67122.15,17572.77,Cash on Delivery,No
ORD02638,1750,Stephanie Simpson,Male,23,Bangalore,2023/07/14,Beauty,Face Wash,2,37881.02,0.1,68185.84,53115.01,15070.83,UPI,No
ORD02639,1236,Katherine Hayes,Female,38,Pune,2023/03/24,Fashion,T-Shirt,1,26653.01,0.17,22122.0,17429.6,4692.4,Debit Card,No
ORD02640,1195,Rebecca Schmidt,Male,28,Mumbai,2023/11/13,Beauty,Shampoo,2,7946.4,0.12,13985.66,10077.7,3907.96,Cash on Delivery,No
ORD02641,1534,Chris Gill Jr.,Male,59,Bangalore,12-06-2023,Electronics,Smartwatch,4,28081.56,0.18,92107.52,62275.48,29832.04,UPI,No
ORD02642,1391,Deanna Martin,Male,18,Chennai,2023/12/29,Fashion,Jeans,1,28844.0,0.18,23652.08,17986.65,5665.43,Cash on Delivery,Yes
ORD02643,1720,Mark Dyer,Female,49,Kolkata,04-08-2024,Fashion,Jeans,5,11349.57,0.18,46533.24,41367.67,5165.57,Net Banking,No
ORD02644,1458,Eric Powers,Female,21,,03-10-2023,Home,Chair,5,41455.37,0.03,201058.54,150734.74,50323.8,Debit Card,No
ORD02645,1060,Carmen Stevens,Male,22,Pune,04-03-2024,Home,Chair,2,17603.3,0.12,30981.81,21405.75,9576.06,Cash on Delivery,Yes
ORD02646,1674,Cheryl Dunlap,Male,29,pune,29-12-2024,Home,Vacuum Cleaner,2,10289.44,0.17,17080.47,13965.35,,Debit Card,No
ORD02647,1038,Beth Gonzalez,Female,54,Kolkata,15-04-2024,Home,Lamp,3,46318.49,0.3,97268.83,66092.45,31176.38,UPI,No
ORD02648,1748,Shannon Dyer,Female,53,Hyderabad,2024/01/04,Electronics,Headphones,5,45094.34,,225471.7,144321.03,81150.67,Cash on Delivery,Yes
ORD02649,1138,Joseph Cruz,Male,24,Mumbai,2023/06/25,Home,Vacuum Cleaner,3,49341.98,0.06,139144.38,85611.93,53532.45,Debit Card,No
ORD02650,1794,,Female,35,Bangalore,18-09-2023,Home,Desk,5,29685.34,0.18,121709.89,81874.4,39835.49,Net Banking,No
ORD02651,1564,John Bond,Female,29,Bangalore,21-07-2023, Home ,Mixer,5,33447.49,0.13,145496.58,101586.76,43909.82,Debit Card,No
ORD02652,1125,Michael Chang,Male,48,Mumbai,07-03-2024,Electronics,Smartphone,2,47890.99,0.03,92908.52,58304.08,34604.44,Credit Card,No
ORD02653,1289,Wesley Velazquez,Male,28,Chennai,18-10-2024,Electronics,Smartphone,4,38678.43,0.02,151619.45,108394.8,,Net Banking,No
ORD02654,1140,Gary Johnson,Female,57,Mumbai,16-12-2024,Home,Desk,4,30484.21,0.03,118278.73,96357.03,21921.7,Cash on Delivery,No
ORD02655,1799,Melissa Brown,Female,50,Pune,19-08-2024,Fashion,Sneakers,3,40751.34,0.29,86800.35,55378.31,31422.04,Credit Card,No
ORD02656,1413,Whitney Garcia,Male,54,Delhi,2023/07/12,Fashion,T-Shirt,2,43995.17,0.15,74791.79,65605.48,9186.31,Credit Card,No
ORD02657,1578,Isabella Jackson,Male,43,Mumbai,24-06-2024,Home,Vacuum Cleaner,5,5787.31,0.17,24017.34,20549.2,3468.14,DEBIT CARD,No
ORD02658,1288,Margaret Whitehead,,21,kolkata,2024/07/04,Beauty,Shampoo,1,19765.97,0.14,16998.73,13920.82,3077.91,UPI,Yes
ORD02659,1608,Denise Olson,Male,56,Chennai,2023/05/14,Electronics,Smartwatch,2,15021.03,0.2,24033.65,18077.8,5955.85,Debit Card,No
ORD02660,1330,Samantha Calderon,Female,28,Kolkata,15-08-2024,Fashion,Sneakers,3,5790.08,0.15,14764.7,11705.16,3059.54,Debit Card,No
ORD02661,1302,Deanna Maxwell,Female,51,Mumbai,08-03-2023,Beauty,Face Wash,4,31421.01,0.09,114372.48,83487.07,30885.41,Cash on Delivery,No
ORD02662,1105,Evan Foster,Male,24,Kolkata,27-12-2023,Fashion,T-Shirt,4,41489.57,0.04,159319.95,139097.9,20222.05,UPI,No
ORD02663,1175,Andre Rodriguez,Male,30,Delhi,19-09-2023,Home,Mixer,4,46635.12,0.25,139905.36,123495.36,16410.0,Cash on Delivery,No
ORD02664,1111,Lauren Hall,Female,35,Delhi,13-10-2023,Beauty,Perfume,2,31180.71,0.23,48018.29,30167.59,17850.7,CASH ON DELIVERY,No
ORD02665,1253,Sara Roberts,Female,49,Bangalore,30-08-2023,Fashion,Jacket,1,26167.49,0.11,23289.07,16258.2,7030.87,Credit Card,No
ORD02666,1664,Teresa Klein,Female,20,Pune,04-07-2023,Electronics,Tablet,1,43106.24,0.14,37071.37,25421.64,11649.73,Cash on Delivery,No
ORD02667,1472,,Male,46,Kolkata,31-08-2023,Electronics,Smartwatch,1,41149.66,0.27,30039.25,22521.94,7517.31,Cash on Delivery,No
ORD02668,1195,Jennifer Green,Female,20,Bangalore,2024/06/27,Home,Desk,3,21963.71,0.19,53371.82,35527.68,17844.14,Debit Card,No
ORD02669,1446,Denise Smith,,57,Chennai,16-08-2024,Home,Desk,3,45438.78,0.02,133590.01,113138.48,20451.53,DEBIT CARD,Yes
ORD02670,1004,Samuel Romero,Male,45,Mumbai,07-10-2023,Home,Mixer,1,32205.81,0.22,25120.53,17082.51,8038.02,Credit Card,No
ORD02671,1140,Michelle Mccoy,Male,60,delhi,12-07-2023,Beauty,Perfume,5,37259.78,0.19,150902.11,132712.43,18189.68,Credit Card,Yes
ORD02672,1377,Diana Holt,Male,40,Mumbai,2023/02/18,Home,Mixer,5,21340.92,0.19,86430.73,73679.64,12751.09,Net Banking,Yes
ORD02673,1490,John Boyd,Male,24,Delhi,2023/07/17,Fashion,Jeans,1,34254.24,0.04,32884.07,26045.74,6838.33,UPI,No
ORD02674,1751,Gary Hunter,Female,29,Delhi,03-12-2023,Beauty,Perfume,3,35684.86,0.09,97419.67,75373.39,22046.28,Net Banking,Yes
ORD02675,1390,Deanna Williams,Male,40,Chennai,07-05-2023,Fashion,Sneakers,4,18254.03,0.11,64984.35,43322.67,21661.68,Net Banking,No
ORD02676,1668,Kevin Howard,Female,35,Mumbai,07-11-2024,Beauty,Moisturizer,5,8511.8,0.09,38728.69,34460.6,4268.09,Credit Card,No
ORD02677,1060,Eric Guerrero,Female,38,Chennai,04-05-2024, Electronics ,Tablet,1,28149.16,0.11,25052.75,21243.7,3809.05,Debit Card,Yes
ORD02678,1541,Ronald Cook,Female,36,Pune,17-09-2023,Electronics,Laptop,2,1128.71,0.14,1941.38,1525.57,415.81,Credit Card,No
ORD02679,1640,Ashley Sullivan,Female,60,Chennai,13-07-2023,Fashion,T-Shirt,2,22100.57,0.18,36244.93,31984.93,4260.0,Cash on Delivery,No
ORD02680,1119,Carl Wilcox,Female,59,hyderabad,04-08-2023,Fashion,Sneakers,4,12584.88,0.0,50339.52,35256.05,15083.47,UPI,No
ORD02681,1422,,Female,40,Mumbai,13-09-2024,Electronics,Tablet,1,996.29,0.16,836.88,686.64,150.24,Credit Card,No
ORD02682,1552,Robert Bush,Male,28,Kolkata,27-06-2024,Electronics,Tablet,3,15018.16,0.16,37845.76,30840.12,7005.64,Debit Card,No
ORD02683,1627,Samantha Anderson,Male,59,nan,30-10-2023,Home,Lamp,4,38173.65,0.03,148113.76,91060.86,57052.9,UPI,Yes
ORD02684,1311,Dwayne Mcfarland,Male,36,Mumbai,2024/09/26, Home ,Vacuum Cleaner,4,31160.16,0.13,108437.36,72248.75,36188.61,Debit Card,No
ORD02685,1321,Jeremy Byrd,Female,59,Delhi,05-03-2024,Fashion,Jacket,2,15953.89,0.05,30312.39,23725.34,6587.05,Cash on Delivery,No
ORD02686,1627,Michael Lutz,Male,33,Pune,2024/04/21,Beauty,Perfume,3,37346.98,0.11,99716.44,61187.1,38529.34,UPI,No
ORD02687,1724,Matthew Beasley,Male,43,Hyderabad,12-02-2024,Electronics,Tablet,4,27415.9,0.16,92117.42,75362.9,16754.52,Debit Card,Yes
ORD02688,1761,Natalie Robinson,Male,27,Hyderabad,19-04-2024,Home,Desk,3,27040.36,0.28,58407.18,44587.18,13820.0,Debit Card,No
ORD02689,1716,Anthony Scott,Female,48,Pune,07-03-2023,Fashion,Jeans,4,31809.16,0.01,125964.27,79245.98,46718.29,Credit Card,No
ORD02690,1397,Andrew Moreno,Male,33,Mumbai,21-04-2024,Fashion,Dress,2,9387.91,0.27,13706.35,9243.79,4462.56,Net Banking,No
ORD02691,1510,Richard Carter,Male,52,Delhi,2023/08/18,Fashion,T-Shirt,5,8850.77,0.14,38058.31,25531.76,12526.55,Cash on Delivery,No
ORD02692,1451,Anthony Williams,Female,47,Hyderabad,04-08-2023,Fashion,Sneakers,5,49882.86,0.15,212002.15,170651.61,41350.54,NET BANKING,No
ORD02693,1365,Jennifer Jimenez,Male,34,,21-04-2024,Electronics,Tablet,5,37207.33,0.15,158131.15,120172.16,37958.99,Cash on Delivery,No
ORD02694,1526,Sarah Burke,Male,24,Kolkata,2024/11/05,Electronics,Tablet,5,28859.01,0.05,137080.3,86281.71,50798.59,Credit Card,No
ORD02695,1653,Sarah Castillo,Male,27,Bangalore,09-08-2023,Beauty,Lipstick,2,16929.06,0.13,29456.56,21603.17,7853.39,Debit Card,No
ORD02696,1309,,Male,24,Mumbai,28-09-2024,Home,Lamp,1,16016.41,0.17,13293.62,11038.15,2255.47,Cash on Delivery,No
ORD02697,1720,Victoria Abbott,Male,19,Kolkata,13-04-2024,Home,Vacuum Cleaner,1,27336.86,0.09,24876.54,19103.81,5772.73,CASH ON DELIVERY,No
ORD02698,1645,Nicole Compton,Female,50,bangalore,11-09-2023,Beauty,Perfume,3,27044.45,0.06,76265.35,57411.28,18854.07,Net Banking,No
ORD02699,1027,Christopher Haynes,,28,Delhi,10-05-2023,Home,Vacuum Cleaner,4,47071.31,0.18,154393.9,101380.47,53013.43,Credit Card,No
ORD02700,1634,Shannon Fields,Female,46,,27-01-2023,Beauty,Shampoo,3,15477.19,0.21,36680.94,22659.81,14021.13,Debit Card,No
ORD02701,1672,Angel Baker,Male,58,Hyderabad,2023/08/05,Fashion,Jeans,2,13714.73,0.18,22492.16,17335.81,5156.35,Credit Card,Yes
ORD02702,1693,William Myers,Female,24,kolkata,2024/02/01,Electronics,Smartwatch,5,32296.3,0.21,127570.39,79327.09,48243.3,Debit Card,No
ORD02703,1421,Mrs. Allison Sharp,Female,43,Bangalore,17-06-2023,Beauty,Lipstick,3,9778.26,0.24,22294.43,15676.74,6617.69,Cash on Delivery,No
ORD02704,1563,Anthony Alvarez,Female,18,kolkata,2023/05/24,Electronics,Smartwatch,1,19912.27,0.19,16128.94,9907.04,6221.9,Credit Card,No
ORD02705,1660,,Female,19,hyderabad,2023/03/12,Home,Lamp,4,10942.04,0.22,34139.16,28858.25,5280.91,UPI,No
ORD02706,1329,Kenneth Jackson,Male,18,Mumbai,02-07-2024,Home,Lamp,5,1442.36,0.07,6706.97,5217.95,1489.02,Cash on Delivery,No
ORD02707,1332,Dr. Nicole Johnson DVM,Male,37,Hyderabad,24-04-2024,Fashion,Jeans,5,33837.85,0.05,160729.79,105831.83,54897.96,Cash on Delivery,Yes
ORD02708,1034,Monica Church,Female,58,Hyderabad,17-08-2024,Fashion,Sneakers,2,2012.15,0.05,3823.09,3211.47,611.62,Net Banking,No
ORD02709,1423,Harold Gordon,Male,33,Delhi,14-08-2023,Home,Vacuum Cleaner,3,8924.24,0.09,24363.18,20114.7,4248.48,UPI,No
ORD02710,1437,Mrs. Amber Paul,Male,31,Pune,2024/05/15,Electronics,Tablet,2,40695.08,0.11,72437.24,52717.07,19720.17,CASH ON DELIVERY,No
ORD02711,1043,Ronald Stone,Male,52,Kolkata,26-06-2024,Electronics,Smartphone,2,49437.22,0.26,73167.09,53356.27,19810.82,DEBIT CARD,Yes
ORD02712,1485,Latasha Taylor,Male,34,Kolkata,2023/04/24,Fashion,Jeans,2,45658.11,0.17,75792.46,56965.0,18827.46,Debit Card,Yes
ORD02713,1368,Kristie Duncan,Male,43,Chennai,15-03-2024,Beauty,Lipstick,1,45058.51,0.04,43256.17,37192.83,6063.34,Debit Card,No
ORD02714,1179,Cynthia Myers,Female,44,Chennai,2024/03/28,Electronics,Smartwatch,5,25820.77,0.09,117484.5,72766.43,44718.07,Net Banking,Yes
ORD02715,1681,Katrina Parker,Male,31,Delhi,13-03-2024,Fashion,T-Shirt,4,13688.89,0.22,42709.34,26518.17,16191.17,Net Banking,No
ORD02716,1786,Patrick Acevedo,Male,33,Mumbai,2023/02/23,Electronics,Smartphone,2,40146.62,0.16,67446.32,44691.68,22754.64,Credit Card,Yes
ORD02717,1483,Lance Jordan,Male,52,,29-08-2024,Home,Vacuum Cleaner,4,49595.13,0.28,142833.97,95475.48,47358.49,Net Banking,No
ORD02718,1475,Sharon Thompson,Male,57,Delhi,28-05-2024,Fashion,Jacket,4,6967.97,0.21,22018.79,13649.14,8369.65,DEBIT CARD,Yes
ORD02719,1543,Timothy Miller,Female,33,Kolkata,12-01-2024,Home,Mixer,4,42875.52,0.07,159496.93,98606.61,60890.32,UPI,No
ORD02720,1292,Shelia Novak,Male,55,Kolkata,2023/01/25,Beauty,Shampoo,2,20694.66,0.28,29800.31,24865.81,4934.5,Debit Card,No
ORD02721,1515,Amanda Moody,Female,43,Bangalore,28-02-2023,Electronics,Smartwatch,2,9746.17,0.17,16178.64,10964.95,5213.69,Credit Card,No
ORD02722,1487,Robert Miller,Male,29,Delhi,06-09-2024,Fashion,Jacket,3,21630.44,0.16,54508.71,37932.66,16576.05,Credit Card,No
ORD02723,1213,Benjamin Henderson,Male,25,hyderabad,10-08-2023,Electronics,Smartwatch,2,45049.06,,87395.18,62458.7,24936.48,UPI,No
ORD02724,1689,David Pham,Female,49,Delhi,2024/01/11,Beauty,Moisturizer,2,46239.17,0.0,92478.34,79178.49,13299.85,UPI,No
ORD02725,1679,Heather Long,Male,27,Pune,2024/11/18,Fashion,T-Shirt,3,16428.05,0.07,45834.26,32730.18,13104.08,CREDIT CARD,Yes
ORD02726,1583,Erik Henry,Female,26,Delhi,2023/01/04,Beauty,Perfume,3,4597.28,0.09,12550.57,9802.99,2747.58,Credit Card,Yes
ORD02727,1763,Tina Medina,Female,18,Chennai,01-02-2024,Home,Mixer,1,46934.83,0.19,38017.21,29395.94,8621.27,Cash on Delivery,No
ORD02728,1703,Paula Lewis,Female,23,Pune,15-05-2023,Fashion,T-Shirt,1,34294.03,0.28,24691.7,16187.8,8503.9,Net Banking,No
ORD02729,1758,Craig Lopez,Female,29,Hyderabad,07-08-2023,Fashion,Jacket,3,16343.95,0.04,47070.58,41523.92,5546.66,Credit Card,No
ORD02730,1585,Kenneth Hansen,Female,22,Chennai,2024/09/17,Electronics,Smartphone,3,23634.14,0.21,56012.91,39935.64,16077.27,Debit Card,No
ORD02731,1018,Stacy Barnes,Female,53,Mumbai,05-09-2024,Beauty,Lipstick,4,40347.05,0.06,151704.91,123955.98,27748.93,Debit Card,No
ORD02732,1641,Teresa Howe,Male,48,bangalore,05-11-2023,Electronics,Smartphone,1,26213.0,0.13,22805.31,17828.35,4976.96,Net Banking,No
ORD02733,1387,Samantha Swanson,Female,38,Mumbai,2024/01/04,Home,Mixer,2,40960.51,0.01,81101.81,59523.91,21577.9,Net Banking,No
ORD02734,1036,Robert Garcia,Male,45,Bangalore,19-03-2024, Beauty ,Face Wash,5,3965.28,0.09,18042.02,12906.92,5135.1,Net Banking,No
ORD02735,1063,Larry Hill,Male,50,Pune,10-05-2023,Home,Lamp,3,17267.67,0.25,38852.26,28605.73,10246.53,Cash on Delivery,No
ORD02736,1428,Roberto Freeman,Male,46,nan,2024/06/27,Beauty,Moisturizer,4,15923.8,0.17,52867.02,47042.99,5824.03,UPI,Yes
ORD02737,1724,Kimberly Ochoa,Male,54,,13-10-2023,Home,Mixer,2,42919.25,0.27,62662.1,48256.48,14405.62,Debit Card,No
ORD02738,1719,Jennifer Graham,Male,37,Delhi,06-11-2024,Beauty,Shampoo,1,10934.5,0.21,8638.26,5858.06,2780.2,Net Banking,No
ORD02739,1224,Gregory Barker,Male,38,bangalore,2024/10/18,Beauty,Lipstick,1,9836.21,0.0,9836.21,6170.92,3665.29,UPI,No
ORD02740,1242,Chad Rowe,Female,23,Bangalore,14-10-2023,Electronics,Smartwatch,4,21475.55,0.22,67003.72,52397.18,14606.54,CREDIT CARD,Yes
ORD02741,1480,Leslie Collins,Male,59,Delhi,2023/11/09,Home,Vacuum Cleaner,1,19364.88,0.29,13749.06,10830.07,2918.99,UPI,No
ORD02742,1384,Amy Chan,Male,25,Hyderabad,12-04-2023, Home ,Lamp,4,26057.27,0.02,102144.5,77660.45,24484.05,Cash on Delivery,No
ORD02743,1506,Rachel Taylor,Female,21,Chennai,07-07-2024,Electronics,Laptop,5,7713.58,0.24,29311.6,17669.89,11641.71,Cash on Delivery,No
ORD02744,1371,Pamela Morton,Female,51,Chennai,21-07-2023,Fashion,Jacket,2,5732.36,0.02,11235.43,6887.54,4347.89,Net Banking,No
ORD02745,1589,,,39,Kolkata,01-05-2023,Electronics,Smartphone,2,35396.22,0.27,51678.48,39129.47,12549.01,UPI,Yes
ORD02746,1394,Michael Galloway,Female,32,Hyderabad,02-07-2024,Electronics,Headphones,3,21329.29,0.07,59508.72,36633.17,22875.55,Cash on Delivery,No
ORD02747,1478,Mrs. Destiny Leblanc,Male,59,Pune,01-05-2023,Home,Desk,4,34712.36,0.17,115245.04,96172.81,19072.23,NET BANKING,No
ORD02748,1107,Rebecca Carroll,Male,31,Chennai,07-04-2024,Beauty,Face Wash,4,5847.03,0.11,20815.43,13418.55,7396.88,UPI,No
ORD02749,1764,Jessica Randall,Female,41,kolkata,22-07-2024,Beauty,Perfume,5,41109.97,,172661.87,141599.12,31062.75,Debit Card,Yes
ORD02750,1137,,Male,30,Hyderabad,08-09-2024,Beauty,Perfume,2,11754.0,0.09,21392.28,18309.2,3083.08,Cash on Delivery,No
ORD02751,1289,Eric Hamilton,,51,Mumbai,31-05-2023,Electronics,Smartphone,2,8742.52,0.22,13638.33,12022.2,1616.13,UPI,Yes
ORD02752,1473,Natalie Atkins,Male,57,Mumbai,2023/10/28,Electronics,Headphones,1,38290.31,0.22,29866.44,19683.94,10182.5,Cash on Delivery,Yes
ORD02753,1764,Gina Flores,Male,39,Pune,2023/07/28,Beauty,Lipstick,2,45663.8,0.26,67582.42,51793.14,,Cash on Delivery,No
ORD02754,1455,Kimberly Ray,Female,25,Mumbai,2023/11/25,Electronics,Smartphone,2,39249.41,0.23,60444.09,53689.14,6754.95,UPI,No
ORD02755,1470,Whitney Hubbard,Female,50,Chennai,02-09-2023,Electronics,Smartwatch,1,33307.0,0.12,29310.16,18979.29,10330.87,UPI,No
ORD02756,1273,Billy Greene,Male,42,chennai,14-07-2024,Electronics,Headphones,4,33431.67,0.26,98957.74,83488.45,15469.29,Net Banking,Yes
ORD02757,1670,Samantha Glenn,Female,19,Kolkata,2024/12/09,Electronics,Laptop,2,2235.38,0.17,3710.73,2638.34,1072.39,Debit Card,No
ORD02758,1427,Nathaniel Shaffer,Male,47,Bangalore,09-04-2023,Home,Lamp,3,40909.48,0.24,93273.61,78367.08,14906.53,UPI,Yes
ORD02759,1031,Heather Oneal,Female,52,Delhi,01-03-2024,Home,Lamp,2,2422.51,0.19,3924.47,2978.87,945.6,Net Banking,Yes
ORD02760,1350,Kelsey Fleming,Male,53,Mumbai,13-05-2023,Home,Chair,4,19001.01,0.16,63843.39,48168.97,15674.42,UPI,Yes
ORD02761,1792,Tammy Dunn,Male,38,Chennai,12-04-2023,Home,Chair,4,19377.94,0.08,71310.82,63056.86,8253.96,Credit Card,No
ORD02762,1175,Brittany Holden,Male,37,Mumbai,07-01-2024,Electronics,Headphones,5,34286.73,0.12,150861.61,100952.79,49908.82,Debit Card,No
ORD02763,1554,John Morgan,Male,24,Mumbai,09-07-2023,Fashion,Dress,3,36005.55,0.17,89653.82,79437.25,10216.57,Credit Card,Yes
ORD02764,1430,Morgan Rowe,Male,53,Delhi,09-07-2024,Electronics,Smartwatch,4,540.65,0.04,2076.1,1561.18,514.92,Cash on Delivery,No
ORD02765,1024,Christine Price,Male,40,Hyderabad,2023/04/03,Beauty,Moisturizer,4,6562.77,0.28,18900.78,12034.67,6866.11,Cash on Delivery,No
ORD02766,1364,James Sparks,Female,29,Chennai,2023/01/29,Electronics,Laptop,5,30992.28,0.21,122419.51,77014.28,45405.23,Cash on Delivery,Yes
ORD02767,1369,Mark Brooks,Female,36,Pune,17-03-2023,Electronics,Laptop,5,31275.94,0.23,120412.37,100444.95,19967.42,UPI,Yes
ORD02768,1061,Andrew Rodriguez,Male,19,Pune,17-02-2024,Beauty,Lipstick,5,44004.11,0.25,165015.41,110749.48,54265.93,Net Banking,No
ORD02769,1085,Julia Davidson,Female,41,Pune,2023/07/04,Electronics,Smartwatch,3,37902.83,0.2,90966.79,76526.52,14440.27,Credit Card,No
ORD02770,1474,Peter Bell,Male,40,Mumbai,14-04-2024,Fashion,Jeans,3,37853.51,0.27,82899.19,68606.35,14292.84,UPI,No
ORD02771,1044,Wendy Simmons,Male,40,Pune,20-05-2024,Home,Desk,3,1596.33,0.28,3448.07,2890.88,557.19,Credit Card,No
ORD02772,1772,,Male,36,Delhi,15-09-2024,Electronics,Tablet,3,41054.95,0.17,102226.83,70994.5,31232.33,CASH ON DELIVERY,No
ORD02773,1146,Angela Parker,Male,41,Mumbai,17-08-2024,Home,Chair,4,6082.12,0.05,23112.06,18293.86,4818.2,Net Banking,No
ORD02774,1768,Cheryl Mcbride,Male,47,Pune,2023/08/15,Electronics,Smartwatch,3,35194.22,0.24,80242.82,65431.56,14811.26,Cash on Delivery,Yes
ORD02775,1733,Diane Ross,Male,30,Delhi,30-07-2024,Electronics,Smartphone,1,31125.73,0.19,25211.84,20081.87,5129.97,Net Banking,Yes
ORD02776,1671,,Male,38,Bangalore,03-09-2024,Fashion,Jacket,5,46554.88,0.18,190875.01,161822.13,29052.88,UPI,No
ORD02777,1438,William Anderson,Female,29,Pune,02-05-2023,Electronics,Tablet,2,15754.89,0.27,23002.14,17660.73,5341.41,Debit Card,No
ORD02778,1572,Rebecca Schmitt,Female,37,Pune,2024/12/16, Electronics ,Laptop,3,31449.93,0.0,94349.79,59129.41,35220.38,Net Banking,Yes
ORD02779,1799,Alexander Irwin,Male,34,Hyderabad,13-07-2023,Electronics,Headphones,1,43395.08,0.16,36451.87,28179.12,8272.75,Net Banking,No
ORD02780,1118,Billy Lopez,Female,37,bangalore,16-03-2023,Beauty,Perfume,3,22710.49,0.18,55867.81,45662.63,10205.18,UPI,No
ORD02781,1480,Sarah Crane,Female,52,,23-01-2024,Home,Vacuum Cleaner,1,38041.91,0.04,36520.23,24351.08,12169.15,Credit Card,No
ORD02782,1221,Matthew Barr,Male,36,Mumbai,21-11-2023,Home,Lamp,5,21862.91,0.25,81985.91,52733.46,29252.45,Credit Card,No
ORD02783,1500,Candace Barnett,Female,36,Kolkata,26-01-2024,Home,Desk,2,1822.22,0.21,2879.11,2466.02,413.09,NET BANKING,Yes
ORD02784,1715,Leonard Reed,Female,39,Mumbai,07-07-2024,Home,Chair,2,49030.04,0.29,69622.66,61519.87,8102.79,NET BANKING,No
ORD02785,1526,Marcia Williams,Male,30,Pune,26-02-2023,Fashion,Jacket,5,22316.51,0.1,100424.29,73817.11,,CREDIT CARD,No
ORD02786,1011,Charles Rowland,Male,43,Bangalore,2023/03/15,Home,Desk,4,26392.59,0.26,78122.07,62051.6,16070.47,Net Banking,No
ORD02787,1211,Mary King,Male,53,Bangalore,04-08-2024,Fashion,T-Shirt,4,6031.44,0.24,18335.58,11811.4,6524.18,Cash on Delivery,Yes
ORD02788,1739,Jacqueline Ruiz,Male,45,Pune,04-05-2023,Beauty,Face Wash,5,37211.91,0.29,132102.28,97022.41,35079.87,CREDIT CARD,No
ORD02789,1135,,Male,53,Kolkata,20-06-2023,Fashion,Dress,4,38111.11,0.18,125004.44,96541.32,28463.12,Cash on Delivery,No
ORD02790,1288,Dr. Tammy Barrett,Male,55,Bangalore,26-09-2023,Electronics,Smartphone,5,46538.96,0.11,207098.37,165628.89,41469.48,UPI,No
ORD02791,1582,Nicole Edwards,Female,32,Chennai,10-09-2023,Electronics,Tablet,3,12973.82,0.05,36975.39,29328.37,7647.02,Credit Card,Yes
ORD02792,1144,Derrick Wright,Female,33,Pune,05-06-2023,Fashion,Jacket,1,31399.23,,23863.41,20569.75,3293.66,Cash on Delivery,No
ORD02793,1750,Daniel Webb,Female,27,Chennai,19-11-2024,Beauty,Shampoo,5,26080.38,0.23,100409.46,70966.31,29443.15,UPI,No
ORD02794,1388,Brian Baldwin,Male,53,Delhi,05-09-2024,Home,Desk,5,43445.18,0.12,191158.79,130710.73,60448.06,Cash on Delivery,No
ORD02795,1102,Bryan Willis,Male,39,delhi,16-01-2023,Beauty,Lipstick,5,32982.89,0.11,146773.86,127947.2,18826.66,Debit Card,No
ORD02796,1570,Maurice Roberts,Male,45,Pune,22-01-2023,Electronics,Tablet,2,35742.29,0.16,60047.05,37307.58,22739.47,Debit Card,No
ORD02797,1310,Michael Thomas,Female,42,Chennai,2023/12/21,Beauty,Lipstick,4,30517.69,0.29,86670.24,55932.36,30737.88,Cash on Delivery,Yes
ORD02798,1634,Brianna Vazquez,Male,60,Delhi,2024/02/27,Beauty,Shampoo,4,48160.04,0.16,161817.73,141664.51,20153.22,Net Banking,No
ORD02799,1753,Patricia Evans,Female,48,Delhi,28-06-2024, Electronics ,Smartphone,4,21460.82,0.25,64382.46,44684.68,19697.78,Net Banking,No
ORD02800,1453,Amanda Mills,Female,51,Kolkata,21-04-2023,Fashion,Jacket,5,44745.28,0.06,210302.82,174083.31,36219.51,Debit Card,No
ORD02801,1295,Melanie Miller,Male,50,Hyderabad,14-08-2024,Electronics,Tablet,3,48706.03,0.17,121278.01,85398.94,35879.07,Net Banking,No
ORD02802,1504,Daniel Williams,Male,26,Chennai,31-10-2024,Home,Vacuum Cleaner,3,10926.19,0.14,28189.57,19880.71,8308.86,UPI,Yes
ORD02803,1199,William Wright,Male,39,Chennai,22-08-2023,Electronics,Smartphone,1,3649.21,0.3,2554.45,2002.19,,UPI,Yes
ORD02804,1035,Michael Adams,Male,39,chennai,27-12-2023,Electronics,Smartphone,5,35900.75,0.08,165143.45,120577.2,,Credit Card,Yes
ORD02805,1580,Victor Santiago,Male,32,Mumbai,10-04-2024,Beauty,Lipstick,3,35955.56,0.14,92765.34,69210.56,23554.78,Cash on Delivery,Yes
ORD02806,1757,Miranda Valencia,Female,42,Kolkata,05-05-2023,Home,Mixer,4,45841.6,0.07,170530.75,109040.79,61489.96,Debit Card,Yes
ORD02807,1565,Benjamin Mccoy,Female,27,Pune,11-10-2023,Fashion,Jacket,3,2945.7,0.18,7246.42,4908.32,2338.1,Debit Card,No
ORD02808,1722,Dawn Ware,Female,59,Chennai,2024/10/01, Fashion ,Sneakers,3,26355.39,0.17,65624.92,41321.53,24303.39,Debit Card,No
ORD02809,1704,Erin Harris,Male,32,Hyderabad,2024/11/12,Fashion,Jacket,1,9632.71,0.19,7802.5,6843.3,959.2,Credit Card,No
ORD02810,1344,Jonathan Berg,Female,25,Kolkata,2023/07/08,Electronics,Headphones,4,24623.47,0.09,89629.43,78440.61,11188.82,Net Banking,No
ORD02811,1207,Gregory Williams,Male,42,Chennai,11-11-2023,Fashion,Jeans,4,17775.53,0.02,69680.08,55082.89,14597.19,NET BANKING,No
ORD02812,1474,Christine Salazar,Male,59,Pune,25-04-2024,Home,Mixer,1,25111.3,0.03,24357.96,15048.68,9309.28,Credit Card,No
ORD02813,1392,Anthony Rodriguez,Male,37,Chennai,26-10-2024,Beauty,Lipstick,5,23415.43,0.09,106540.21,77166.89,29373.32,Debit Card,No
ORD02814,1240,Rachel Howard,Female,51,Delhi,02-01-2023,Fashion,T-Shirt,1,33172.2,0.19,26869.48,22020.63,4848.85,Cash on Delivery,No
ORD02815,1416,Kyle Carr,Female,32,Bangalore,2024/04/19,Beauty,Shampoo,4,39794.78,0.05,151220.16,95141.64,56078.52,Cash on Delivery,No
ORD02816,1379,Matthew Farley,Male,29,Bangalore,2023/07/13,Beauty,Lipstick,4,12729.58,0.05,48372.4,33928.43,14443.97,Cash on Delivery,No
ORD02817,1203,Douglas Reid,Male,45,kolkata,01-02-2023,Electronics,Headphones,1,42854.59,0.1,38569.13,25320.18,13248.95,Cash on Delivery,No
ORD02818,1702,Glenda Rodriguez,Male,48,Delhi,2023/10/09,Beauty,Shampoo,2,24806.7,0.11,44155.93,39492.6,4663.33,CREDIT CARD,Yes
ORD02819,1584,Sandra Phillips,Female,48,Bangalore,17-12-2024,Beauty,Moisturizer,1,11613.54,0.24,8826.29,7231.35,1594.94,UPI,No
ORD02820,1400,Evan Colon,Male,57,Mumbai,11-10-2023,Home,Mixer,2,41640.77,0.15,70789.31,50548.58,20240.73,UPI,No
ORD02821,1226,Gabriel Johnson,Female,36,Hyderabad,09-04-2024,Electronics,Smartphone,1,15794.71,0.24,12003.98,8689.24,3314.74,Debit Card,Yes
ORD02822,1017,Cheyenne Estrada,Female,27,Delhi,24-09-2024,Home,Desk,5,9343.86,,34105.09,25517.14,8587.95,UPI,No
ORD02823,1086,Zachary Jordan,Male,24,Chennai,19-10-2024,Beauty,Perfume,1,18249.17,,18066.68,13413.96,4652.72,Net Banking,Yes
ORD02824,1435,Benjamin Norman,Male,56,Chennai,10-04-2023,Electronics,Smartphone,4,16398.83,0.19,53132.21,32345.14,20787.07,Credit Card,No
ORD02825,1685,Terry Thomas,Male,21,Delhi,17-12-2024,Fashion,Sneakers,2,29796.51,0.12,1048837.2,36738.83,15703.03,Net Banking,No
ORD02826,1592,,Female,34,Delhi,25-06-2024,Home,Chair,3,17785.26,0.24,40550.39,32328.49,8221.9,Cash on Delivery,No
ORD02827,1090,Debra King,Female,25,Mumbai,01-03-2024,Home,Mixer,3,27352.2,0.3,57439.62,44797.22,12642.4,Debit Card,No
ORD02828,1128,Barbara Rhodes,Male,36,Mumbai,16-05-2023,Electronics,Tablet,5,580.92,0.09,2643.19,1893.22,749.97,Cash on Delivery,Yes
ORD02829,1544,Christy Hood,Female,50,Chennai,2023/09/10,Beauty,Shampoo,3,44861.92,0.17,111706.18,89584.47,22121.71,Cash on Delivery,No
ORD02830,1093,Charles Chambers,Female,19,Chennai,19-02-2023,Electronics,Smartphone,2,20077.24,0.22,31320.49,24239.92,7080.57,CASH ON DELIVERY,Yes
ORD02831,1487,Kenneth Adams,Female,52,Kolkata,2024/02/13,Beauty,Moisturizer,1,11570.2,0.16,9718.97,6477.82,3241.15,Net Banking,Yes
ORD02832,1448,Maria Wall,Female,43,chennai,05-06-2024,Electronics,Smartphone,4,46086.99,0.05,175130.56,144771.23,30359.33,Debit Card,Yes
ORD02833,1193,Jacqueline Wagner,Female,39,Hyderabad,2023/10/28,Home,Vacuum Cleaner,5,34525.17,0.1,155363.26,128751.08,26612.18,Net Banking,No
ORD02834,1683,Allison Richardson,Female,25,Kolkata,28-05-2023,Home,Lamp,2,31931.83,0.16,53645.47,39901.15,13744.32,Cash on Delivery,No
ORD02835,1536,Christine Valenzuela,Female,40,Hyderabad,2024/04/28,Beauty,Lipstick,3,13678.55,0.19,33238.88,27568.5,5670.38,Net Banking,No
ORD02836,1411,Marcus Davis,Female,58,Pune,30-07-2023,Fashion,T-Shirt,1,45239.26,0.24,34381.84,30046.17,4335.67,UPI,No
ORD02837,1274,Randy Francis,Female,50,Delhi,21-01-2023,Home,Desk,4,46837.52,0.03,181729.58,123832.65,57896.93,Credit Card,No
ORD02838,1405,Ryan Anderson,Male,43,Bangalore,06-05-2023,Fashion,Jeans,3,21005.17,0.23,48521.94,32657.29,15864.65,UPI,No
ORD02839,1481,Elizabeth Scott,Male,20,Delhi,18-02-2024,Electronics,Smartwatch,1,18807.57,0.16,15798.36,12347.56,3450.8,Debit Card,No
ORD02840,1593,Heather Aguilar,Male,32,Delhi,15-06-2023,Beauty,Shampoo,5,16376.03,0.06,76967.34,56022.67,20944.67,Debit Card,Yes
ORD02841,1414,Zachary Campbell,Male,36,Kolkata,06-01-2024,Beauty,Shampoo,2,25713.92,0.23,39599.44,26858.89,12740.55,Credit Card,No
ORD02842,1232,Ricky Alvarado,Male,27,Delhi,04-08-2023,Home,Vacuum Cleaner,2,38099.83,0.23,58673.74,40694.48,17979.26,UPI,No
ORD02843,1456,Martha Juarez,Female,18,Delhi,04-05-2024,Home,Mixer,4,26839.55,0.06,100916.71,80089.1,20827.61,Net Banking,No
ORD02844,1082,Joanna Sims,Male,40,Bangalore,12-10-2023,Home,Desk,3,33722.68,0.24,76887.71,47845.01,29042.7,CASH ON DELIVERY,No
ORD02845,1606,Veronica Thomas,Male,24,Pune,03-02-2024,Home,Chair,2,11508.33,0.15,19564.16,15054.13,4510.03,UPI,No
ORD02846,1634,Dr. Patricia Kane,Female,59,Mumbai,2024/06/08,Electronics,Smartphone,3,45067.93,0.27,98698.77,74310.39,24388.38,UPI,No
ORD02847,1615,James Moran,,20,Pune,2023/01/02,Home,Vacuum Cleaner,1,19017.99,0.19,15404.57,11142.58,4261.99,Net Banking,No
ORD02848,1208,Wyatt Rodriguez,,32,Mumbai,15-10-2024,Electronics,Tablet,2,13972.71,0.19,22635.79,15520.84,7114.95,CREDIT CARD,No
ORD02849,1329,Michelle Ellison,Male,47,Mumbai,18-11-2023,Home,Desk,1,32526.63,0.17,26997.1,16435.81,10561.29,UPI,No
ORD02850,1246,Ashley Price,Female,38,Bangalore,2024/12/29,Fashion,Dress,2,12699.63,0.13,22097.36,14070.31,8027.05,Credit Card,No
ORD02851,1773,Chelsea Gray,Male,49,Kolkata,11-01-2023,Electronics,Smartwatch,3,1807.36,0.21,4283.44,3340.89,942.55,Net Banking,No
ORD02852,1346,Jordan Anderson,Female,20,pune,03-01-2024,Fashion,Jeans,1,1873.51,0.03,1817.3,1188.03,629.27,Debit Card,Yes
ORD02853,1555,Maria Knox,Male,40,,26-02-2024,Fashion,T-Shirt,1,9647.86,0.12,8490.12,5976.29,2513.83,Debit Card,No
ORD02854,1356,Kyle Johnson,Female,39,Mumbai,2023/03/12,Beauty,Perfume,2,17849.91,0.02,34985.82,22981.92,12003.9,Cash on Delivery,No
ORD02855,1730,Deborah Dawson,Male,52,Delhi,21-06-2024,Electronics,Smartwatch,2,15066.93,0.25,22600.4,19606.91,2993.49,Debit Card,No
ORD02856,1335,Angela Thompson,Male,26,Hyderabad,19-05-2023,Electronics,Laptop,5,16194.43,0.05,76923.54,55533.51,21390.03,Net Banking,No
ORD02857,1620,,Male,32,Delhi,07-02-2023,Home,Desk,4,15261.58,0.19,49447.52,38614.18,10833.34,Net Banking,No
ORD02858,1502,Gabrielle Pratt,Female,39,Chennai,2024/01/27,Home,Lamp,5,26374.71,,105498.84,70832.22,34666.62,Net Banking,No
ORD02859,1045,Melody Bray,,25,Bangalore,16-10-2024,Home,Vacuum Cleaner,5,39408.14,0.15,167484.6,147371.2,20113.4,Net Banking,Yes
ORD02860,1009,Michael Smith,Male,23,Mumbai,2023/01/08,Fashion,T-Shirt,3,32502.16,0.26,72154.8,61273.42,10881.38,Debit Card,Yes
ORD02861,1233,Ryan Johnson,Female,49,pune,28-09-2024,Beauty,Shampoo,1,936.37,0.02,917.64,721.18,196.46,Credit Card,No
ORD02862,1366,Samuel Hernandez,,30,hyderabad,01-11-2024,Electronics,Headphones,3,46001.13,0.3,96602.37,70418.06,26184.31,Debit Card,Yes
ORD02863,1479,Elizabeth Wilson,Female,30,,2023/09/27,Beauty,Shampoo,3,41075.8,0.07,114601.48,69922.31,44679.17,Net Banking,Yes
ORD02864,1747,Andrea Mckenzie,Female,59,Kolkata,01-01-2024,Home,Chair,1,24496.22,0.1,22046.6,18714.29,3332.31,UPI,No
ORD02865,1413,Kimberly Hoffman,Male,58,bangalore,20-09-2024,Home,Lamp,1,7472.97,0.15,6352.02,4884.97,1467.05,UPI,No
ORD02866,1082,Kyle Cole,Male,58,Kolkata,2023/07/20,Fashion,Jacket,1,25239.54,0.17,20948.82,12981.79,7967.03,Debit Card,No
ORD02867,1122,Briana Guzman,Female,19,Hyderabad,2023/05/26,Electronics,Smartphone,2,49574.9,0.24,75353.85,62758.29,12595.56,Credit Card,No
ORD02868,1476,Jennifer Mullins,Male,59,Chennai,06-09-2023,Fashion,Dress,2,40484.65,0.16,68014.21,45443.5,22570.71,Debit Card,No
ORD02869,1736,Mitchell Collins,Male,47,Mumbai,2024/01/12,Beauty,Shampoo,1,16437.88,0.24,12492.79,7907.62,4585.17,UPI,No
ORD02870,1587,Jose Huynh,Female,27,Delhi,13-01-2024,Beauty,Moisturizer,4,46765.16,0.29,132813.05,111967.28,20845.77,NET BANKING,No
ORD02871,1534,Diana Perkins,Male,60,Kolkata,15-07-2023, Home ,Chair,2,32510.23,0.27,47464.94,31218.15,16246.79,Credit Card,No
ORD02872,1186,Kristina Schultz,Male,30,Pune,16-01-2023,Electronics,Smartphone,5,18048.45,0.2,72193.8,43751.55,28442.25,Cash on Delivery,Yes
ORD02873,1304,Amber Mcintosh,Female,48,Hyderabad,26-11-2023,Fashion,Jeans,5,30221.18,0.15,128440.01,77399.41,51040.6,Cash on Delivery,Yes
ORD02874,1171,Lisa Mason,Female,56,Hyderabad,2023/10/12,Fashion,T-Shirt,2,5928.09,0.19,9603.51,6682.12,2921.39,UPI,No
ORD02875,1287,Michelle Weber,Male,27,Mumbai,22-12-2024,Beauty,Perfume,1,10748.72,,10426.26,7654.64,,Debit Card,Yes
ORD02876,1100,Gabriel Mitchell,Male,19,Bangalore,21-11-2024,Electronics,Laptop,4,20097.67,0.16,67528.17,57716.12,9812.05,UPI,Yes
ORD02877,1670,Jennifer Olson,Female,24,Pune,05-09-2024,Beauty,Perfume,3,29407.26,0.28,63519.68,51510.11,12009.57,UPI,Yes
ORD02878,1309,Kyle Frazier,Female,19,Kolkata,2023/02/03, Electronics ,Laptop,2,7114.56,0.08,13090.79,8351.46,4739.33,Credit Card,Yes
ORD02879,1588,Candice Estrada,Male,52,Delhi,13-11-2023,Beauty,Lipstick,4,26125.22,0.25,78375.66,52290.19,26085.47,CASH ON DELIVERY,No
ORD02880,1556,Harold Gardner,Male,39,Mumbai,21-11-2023,Beauty,Perfume,2,41175.75,0.02,80704.47,63244.25,17460.22,UPI,No
ORD02881,1005,,Male,20,Mumbai,12-09-2024,Electronics,Smartwatch,1,32809.98,0.03,31825.68,25420.72,6404.96,Cash on Delivery,No
ORD02882,1174,Eric Hernandez,Female,48,Kolkata,10-11-2023,Fashion,Jeans,4,17511.52,0.2,56036.86,37833.75,18203.11,Debit Card,No
ORD02883,1585,Anthony Garza,,28,Chennai,15-06-2024,Electronics,Tablet,5,23242.55,0.27,84835.31,68483.49,16351.82,Credit Card,No
ORD02884,1273,Suzanne Hernandez,Female,40,Mumbai,04-06-2024,Fashion,Jeans,2,33139.78,0.21,52360.85,38317.33,14043.52,UPI,Yes
ORD02885,1796,Todd Parsons,Female,38,Pune,2024/06/07,Electronics,Headphones,2,8814.22,0.11,15689.31,11674.0,4015.31,CASH ON DELIVERY,No
ORD02886,1021,Dominic Evans,Female,33,Kolkata,2023/06/16,Beauty,Shampoo,2,43437.52,0.12,76450.04,48525.65,27924.39,Net Banking,Yes
ORD02887,1315,Peter Mathis,Male,47,Chennai,22-12-2024,Beauty,Moisturizer,3,30389.45,0.1,82051.52,70709.64,11341.88,Debit Card,Yes
ORD02888,1513,Lauren Ward,Male,49,Bangalore,04-11-2024,Beauty,Face Wash,4,8448.9,0.14,29064.22,22831.86,6232.36,NET BANKING,Yes
ORD02889,1420,Lori Franklin,Female,28,Pune,17-08-2024,Home,Desk,2,20477.0,0.11,36449.06,25204.33,11244.73,DEBIT CARD,No
ORD02890,1483,Calvin Martin,Male,43,Delhi,12-12-2024,Electronics,Smartphone,1,17357.02,0.25,13017.76,9377.75,3640.01,Net Banking,Yes
ORD02891,1084,Jeremy Carter,Female,37,Pune,01-04-2023,Fashion,T-Shirt,2,5070.23,0.03,9836.25,6887.39,2948.86,UPI,Yes
ORD02892,1126,Charles Mcconnell,Male,58,Pune,2024/04/03,Electronics,Smartphone,4,44899.95,,176007.8,149073.3,26934.5,Debit Card,No
ORD02893,1774,Jon Spencer,Male,33,Kolkata,10-06-2024,Electronics,Tablet,2,33564.11,0.07,62429.24,45975.07,16454.17,Debit Card,No
ORD02894,1132,Margaret Garcia,Female,29,,05-05-2024,Electronics,Smartwatch,1,15212.35,0.11,13538.99,10504.15,3034.84,Debit Card,No
ORD02895,1717,Elizabeth George,Male,32,Chennai,14-11-2023,Home,Desk,3,27075.1,0.27,59294.47,44149.05,15145.42,Cash on Delivery,No
ORD02896,1405,Denise Rodriguez,Female,55,Chennai,15-07-2024,Electronics,Smartphone,4,26202.54,0.16,88040.53,74575.08,13465.45,Credit Card,No
ORD02897,1134,Michael Smith,,49,Kolkata,29-06-2023,Fashion,Jeans,1,43446.79,0.17,36060.84,30351.61,,Cash on Delivery,Yes
ORD02898,1491,James Chavez,Female,39,Bangalore,29-11-2024,Beauty,Lipstick,2,20982.14,0.14,36089.28,26238.42,9850.86,Net Banking,No
ORD02899,1234,Rhonda Williams,Male,23,Kolkata,01-04-2024, Beauty ,Face Wash,2,45553.42,0.02,1785694.0,56056.93,33227.77,Debit Card,No
ORD02900,1627,Julie Anderson,Female,46,,09-03-2024,Home,Mixer,1,17789.8,0.29,12630.76,9765.73,2865.03,UPI,No
ORD02901,1436,Elizabeth Navarro,Male,28,Hyderabad,13-09-2023,Home,Lamp,1,41443.12,0.1,37298.81,30331.72,6967.09,UPI,No
ORD02902,1144,Jacqueline Wise,Female,27,Bangalore,15-01-2024,Home,Lamp,3,14338.96,0.23,33123.0,23104.23,10018.77,Net Banking,No
ORD02903,1153,Jill Booker,Male,60,Hyderabad,19-11-2023,Beauty,Face Wash,2,44352.86,,76286.92,64904.06,11382.86,UPI,No
ORD02904,1449,Jonathan Serrano,Male,52,Hyderabad,26-02-2024,Beauty,Lipstick,1,34134.99,0.13,29697.44,18321.05,11376.39,Cash on Delivery,Yes
ORD02905,1692,Joseph Willis,Female,36,Pune,2024/12/03, Home ,Desk,5,22640.29,0.07,105277.35,82104.17,23173.18,Cash on Delivery,No
ORD02906,1387,Regina Kline,Male,29,Mumbai,2024/10/03,Electronics,Laptop,3,33689.02,0.18,82874.99,74450.26,8424.73,DEBIT CARD,No
ORD02907,1523,Nathaniel White,Male,21,Chennai,25-03-2023,Electronics,Laptop,2,34345.99,0.04,65944.3,55164.66,10779.64,UPI,No
ORD02908,1670,Cassandra Jensen,Male,60,Hyderabad,2023/12/11,Beauty,Shampoo,2,20223.05,0.07,37614.87,27287.44,10327.43,Net Banking,No
ORD02909,1056,Vanessa Sullivan,Male,60,nan,12-01-2023,Home,Desk,4,49494.53,0.06,186099.43,113231.93,72867.5,UPI,No
ORD02910,1005,Kathy Shelton,Female,33,Hyderabad,16-08-2023,Fashion,T-Shirt,5,35848.17,0.11,159524.36,116748.6,42775.76,Debit Card,No
ORD02911,1113,Lisa Morris,Female,47,Delhi,22-05-2024,Fashion,Jeans,4,18102.35,0.13,62996.18,53476.68,9519.5,UPI,Yes
ORD02912,1690,Sharon Thomas,,59,Mumbai,2023/02/28,Home,Vacuum Cleaner,3,29873.17,0.07,83346.14,67022.24,16323.9,Cash on Delivery,No
ORD02913,1597,Catherine Contreras,Female,44,Kolkata,20-07-2024,Beauty,Moisturizer,4,10279.28,0.19,33304.87,24719.43,8585.44,Net Banking,No
ORD02914,1337,Jennifer Johnson,Female,57,Hyderabad,28-02-2023,Beauty,Shampoo,1,3426.31,0.24,2604.0,1728.42,875.58,Cash on Delivery,No
ORD02915,1373,Dr. Jeremy Olson,Male,18,pune,10-06-2024,Beauty,Perfume,2,5133.08,0.03,9958.18,6594.97,3363.21,Debit Card,No
ORD02916,1059,Jonathan Wolf,Female,23,Hyderabad,13-08-2023,Electronics,Headphones,4,48398.56,0.23,149067.56,103561.17,45506.39,Net Banking,No
ORD02917,1601,Mary Vazquez,,46,Mumbai,2024/12/24,Home,Chair,3,49933.72,0.27,109354.85,74312.06,35042.79,Cash on Delivery,No
ORD02918,1611,Stacie Robinson,Female,53,Pune,06-02-2023,Fashion,Jeans,1,8010.75,0.19,6488.71,4400.76,2087.95,UPI,No
ORD02919,1136,Annette Adams,,53,bangalore,21-10-2024, Beauty ,Perfume,2,14237.56,0.2,22780.1,16655.17,6124.93,Credit Card,No
ORD02920,1060,Vanessa Moore,Male,22,Mumbai,23-04-2024,Home,Lamp,2,34329.18,0.18,56299.86,40030.19,16269.67,UPI,Yes
ORD02921,1345,Christopher Wilson,Male,46,Chennai,25-10-2024,Beauty,Lipstick,2,41814.58,0.07,77775.12,65269.99,12505.13,Credit Card,No
ORD02922,1287,Nicole Wallace,Female,24,bangalore,27-11-2024,Beauty,Shampoo,2,23337.17,0.05,44340.62,30286.16,14054.46,DEBIT CARD,Yes
ORD02923,1354,Jessica Bass,Female,27,bangalore,2023/12/07,Fashion,Jeans,5,14200.3,0.14,61061.29,48292.09,12769.2,Cash on Delivery,No
ORD02924,1568,Brian Rocha,Male,34,Hyderabad,2024/01/06,Home,Vacuum Cleaner,5,14243.86,0.22,55551.05,38819.51,16731.54,Debit Card,No
ORD02925,1277,Andrea Williams,Male,25,,2024/10/17,Fashion,Jeans,4,9555.1,0.08,35162.77,21107.13,14055.64,Cash on Delivery,No
ORD02926,1168,Dan Robinson,Female,39,Pune,23-03-2023,Electronics,Smartphone,4,29990.81,,105567.65,64822.8,40744.85,UPI,No
ORD02927,1168,Patrick Ortiz,Female,27,Kolkata,31-08-2023,Fashion,Sneakers,5,2225.7,0.14,191410.2,7079.75,2490.76,DEBIT CARD,No
ORD02928,1568,Steven Rodriguez,Female,59,Hyderabad,2023/11/23,Fashion,Jacket,3,33239.3,0.09,90743.29,69785.84,20957.45,Credit Card,No
ORD02929,1579,Joshua Barrett,,35,Chennai,25-01-2024,Electronics,Smartphone,2,17338.87,0.11,30863.19,24478.93,6384.26,Cash on Delivery,No
ORD02930,1019,Mary Wood,Female,41,Kolkata,2023/01/30,Fashion,Sneakers,2,48035.59,0.27,70131.96,51203.06,18928.9,Cash on Delivery,No
ORD02931,1221,Robert Sawyer,Male,22,Delhi,04-11-2024,Fashion,Jacket,3,48043.81,0.09,131159.6,103784.23,27375.37,Debit Card,Yes
ORD02932,1402,Rachel Owen,Female,37,Hyderabad,29-03-2023,Beauty,Lipstick,5,14653.67,,65941.52,56575.89,9365.63,Net Banking,No
ORD02933,1554,Carolyn Bryan,Male,46,,2024/12/16,Beauty,Face Wash,1,17675.33,0.22,13786.76,10243.32,3543.44,UPI,No
ORD02934,1356,Christopher Ryan,,41,Hyderabad,25-04-2024,Beauty,Lipstick,5,46421.85,0.15,197292.86,170130.36,27162.5,Debit Card,Yes
ORD02935,1154,Donna Reese,Male,40,Chennai,06-11-2023,Home,Mixer,4,6449.49,0.3,18058.57,13729.26,4329.31,Net Banking,No
ORD02936,1143,Jack Smith,Female,23,Bangalore,17-11-2023,Beauty,Face Wash,2,48860.25,0.26,72313.17,47298.87,25014.3,Credit Card,Yes
ORD02937,1334,Michael Bridges,Male,38,kolkata,2023/06/18,Home,Mixer,2,20413.56,0.12,35927.87,30876.99,5050.88,CREDIT CARD,No
ORD02938,1790,Justin Dennis,Male,19,Bangalore,09-05-2024,Beauty,Shampoo,3,2190.42,0.27,4797.02,4070.05,726.97,Debit Card,No
ORD02939,1328,Timothy Hoffman,Female,32,Delhi,2024/08/23,Home,Mixer,3,48085.88,0.17,119733.84,79165.95,40567.89,Net Banking,No
ORD02940,1499,Marc Herrera,Male,47,Bangalore,24-05-2023,Electronics,Smartphone,5,35105.75,0.2,140423.0,119573.93,20849.07,Debit Card,No
ORD02941,1430,Jeffrey Schmitt,Male,22,Delhi,05-07-2024,Beauty,Lipstick,2,48890.58,0.08,89958.67,57490.7,32467.97,Cash on Delivery,Yes
ORD02942,1139,David Olsen,Female,49,Kolkata,11-01-2024,Home,Mixer,4,44356.85,0.1,159684.66,104533.75,55150.91,Debit Card,Yes
ORD02943,1285,Jonathan Stewart,Female,24,Mumbai,28-09-2023,Beauty,Moisturizer,4,36761.93,0.17,122049.61,108752.68,13296.93,Cash on Delivery,No
ORD02944,1358,Kaitlyn Cunningham,Female,31,delhi,11-03-2024,Home,Vacuum Cleaner,2,6353.5,0.08,11690.44,9256.71,2433.73,Net Banking,No
ORD02945,1796,Katherine Allison,Male,43,Chennai,2023/03/08,Beauty,Perfume,3,33993.04,0.09,92801.0,63528.68,29272.32,Debit Card,No
ORD02946,1216,Andrew Todd,Female,37,Pune,2023/06/07,Fashion,Sneakers,2,36423.94,0.2,58278.3,47548.38,10729.92,Credit Card,Yes
ORD02947,1037,Robert Banks,Female,56,chennai,2023/07/17,Fashion,Sneakers,5,16456.75,0.16,69118.35,59075.51,10042.84,Debit Card,No
ORD02948,1611,Chad Flores,,26,Hyderabad,2023/05/23,Fashion,T-Shirt,4,30630.35,0.1,110269.26,67059.9,43209.36,Debit Card,Yes
ORD02949,1278,John Garcia,Female,20,chennai,16-08-2023,Home,Lamp,2,18724.48,0.03,36325.49,26155.1,10170.39,Net Banking,No
ORD02950,1044,April Reilly,Female,36,Delhi,2023/02/17,Home,Vacuum Cleaner,4,41302.41,0.05,156949.16,103139.34,53809.82,NET BANKING,No
ORD02951,1482,Susan Roth,Male,46,Bangalore,11-01-2024,Fashion,T-Shirt,1,1554.42,0.14,1336.8,972.97,363.83,Cash on Delivery,No
ORD02952,1038,Katherine Jackson,Male,60,Delhi,04-10-2024,Electronics,Laptop,3,3304.57,0.28,7137.87,4626.75,2511.12,Debit Card,No
ORD02953,1635,Michael Mcdonald,Male,47,Mumbai,26-03-2023,Home,Chair,2,5565.83,0.02,10909.03,6795.98,4113.05,NET BANKING,No
ORD02954,1278,Wesley Schultz,Male,53,Delhi,2023/01/10,Home,Lamp,3,6182.53,0.2,14838.07,9390.74,,Debit Card,Yes
ORD02955,1761,Hannah Gonzalez,Male,41,Bangalore,10-04-2023,Fashion,Jeans,3,43136.31,0.13,112585.77,99778.02,12807.75,Debit Card,Yes
ORD02956,1062,Lisa Frazier,Male,21,Hyderabad,2023/11/09,Fashion,Jeans,4,40570.01,0.07,150920.44,93072.47,57847.97,Debit Card,No
ORD02957,1753,Adriana Stevens,Male,58,Bangalore,2024/09/26,Electronics,Headphones,3,38133.39,0.07,106392.16,92825.4,13566.76,Debit Card,No
ORD02958,1264,Luis Lopez,Male,24,Kolkata,2023/04/06,Electronics,Tablet,3,18742.05,0.06,52852.58,43791.66,9060.92,Cash on Delivery,No
ORD02959,1049,Katie Williams,Female,34,Chennai,2023/04/14,Electronics,Smartphone,5,32525.32,0.27,118717.42,103231.81,15485.61,Credit Card,No
ORD02960,1353,Becky Gonzalez,Female,56,Bangalore,2023/06/26,Beauty,Lipstick,4,35711.66,0.27,104278.05,92176.68,,Net Banking,No
ORD02961,1775,Jeffery Pena,Male,31,Kolkata,2024/01/19,Fashion,Jacket,1,2816.68,0.19,2281.51,1739.53,541.98,UPI,Yes
ORD02962,1398,Christina Nguyen,Male,50,Hyderabad,2023/09/30,Beauty,Lipstick,2,8630.04,0.04,16569.68,10385.68,6184.0,UPI,No
ORD02963,1534,Brett Acosta,Female,50,Mumbai,07-07-2023,Home,Chair,5,41427.86,0.14,178139.8,125471.9,52667.9,Net Banking,No
ORD02964,1233,Vicki Vaughn,Female,55,Pune,18-12-2024,Fashion,Dress,3,17392.67,0.28,37568.17,26498.01,11070.16,UPI,No
ORD02965,1566,Michelle Murphy,Male,26,chennai,2024/02/09,Fashion,T-Shirt,1,16971.0,0.05,16122.45,12304.85,3817.6,Credit Card,No
ORD02966,1631,Stephanie Wagner,Female,52,Mumbai,2023/03/29,Beauty,Lipstick,2,28963.26,0.19,46920.48,33230.96,13689.52,Debit Card,No
ORD02967,1208,Eduardo Andrews,Male,44,Delhi,2024/02/25,Home,Chair,3,14806.71,0.13,38645.51,29045.27,9600.24,CASH ON DELIVERY,No
ORD02968,1541,Victoria Carrillo,Male,37,Bangalore,11-05-2023,Beauty,Perfume,5,37107.34,0.05,176259.86,113135.69,63124.17,Credit Card,Yes
ORD02969,1636,Erika Roberts,Male,32,Bangalore,26-11-2023,Fashion,Jeans,4,8805.62,0.16,29586.88,26190.97,3395.91,UPI,Yes
ORD02970,1613,Julia Stevenson,Male,45,,02-05-2024,Fashion,Jeans,5,44554.41,0.05,211633.45,176869.72,34763.73,UPI,Yes
ORD02971,1467,Guy Smith,Male,41,Delhi,26-03-2023,Home,Mixer,5,44765.08,0.28,161154.29,102460.84,58693.45,Cash on Delivery,No
ORD02972,1236,Jason Morales,Male,58,Pune,2024/03/09,Beauty,Lipstick,3,11018.98,0.26,24462.14,16440.62,8021.52,UPI,No
ORD02973,1352,Alexander Bird,Female,52,Delhi,2024/05/30,Beauty,Lipstick,3,24455.07,0.04,70430.6,42442.33,27988.27,Credit Card,Yes
ORD02974,1286,,Female,54,chennai,27-04-2023,Beauty,Face Wash,1,5444.7,0.11,4845.78,3611.49,1234.29,NET BANKING,No
ORD02975,1597,Roberto Velez,Female,18,Chennai,20-02-2024,Home,Mixer,4,41998.32,0.06,157913.68,126145.19,31768.49,Debit Card,No
ORD02976,1026,Dominique Dunn,Female,24,Bangalore,04-11-2023,Electronics,Smartphone,5,12739.8,,47137.26,29763.89,17373.37,Debit Card,No
ORD02977,1683,Julian Roy,Female,33,,29-03-2023,Electronics,Tablet,4,48148.25,,184889.28,149001.33,35887.95,Net Banking,No
ORD02978,1547,Matthew Anderson,Female,42,Pune,2024/05/01,Fashion,Jeans,5,43946.02,0.08,202151.69,138047.76,64103.93,NET BANKING,Yes
ORD02979,1493,Jason Garner,,39,Mumbai,2024/07/19,Fashion,Sneakers,3,27167.92,0.19,66018.05,48541.34,17476.71,Net Banking,No
ORD02980,1096,Steven Hawkins,Female,18,Bangalore,2024/09/04,Electronics,Smartwatch,3,22920.07,0.29,48819.75,32334.97,16484.78,Cash on Delivery,No
ORD02981,1215,Angela Little,Female,42,Kolkata,2023/05/13,Fashion,Jacket,1,17094.38,0.11,304280.0,12775.63,2438.37,UPI,No
ORD02982,1626,Andrew Mitchell,Male,37,Mumbai,20-02-2024, Home ,Vacuum Cleaner,5,32521.7,0.14,139843.31,92903.96,46939.35,Net Banking,No
ORD02983,1527,Jose Duarte,Female,58,mumbai,11-07-2023,Electronics,Smartphone,3,38817.13,0.09,105970.76,75034.89,30935.87,Net Banking,No
ORD02984,1798,Megan Ware,Male,22,Mumbai,11-10-2023,Beauty,Shampoo,1,7174.99,0.13,6242.24,5060.39,1181.85,Net Banking,No
ORD02985,1257,Stephen Cervantes,Male,22,Hyderabad,17-02-2023, Electronics ,Tablet,3,15871.16,0.04,45708.94,31997.08,13711.86,Debit Card,No
ORD02986,1293,Terry Reyes,Female,53,Delhi,2023/06/25, Beauty ,Face Wash,5,31425.34,0.22,122558.83,78634.02,43924.81,Debit Card,Yes
ORD02987,1249,Jason Sullivan,Male,48,Hyderabad,14-02-2024,Beauty,Lipstick,1,45023.42,0.01,44573.19,39749.69,4823.5,Cash on Delivery,No
ORD02988,1140,Nancy Gutierrez,Male,29,Bangalore,31-12-2023,Fashion,Sneakers,2,47533.03,0.03,92214.08,70463.52,21750.56,Cash on Delivery,No
ORD02989,1540,Brian Rivers,Male,29,Delhi,10-11-2023,Home,Mixer,2,42216.56,0.19,68390.83,43887.89,24502.94,Credit Card,No
ORD02990,1485,Roberto Sanchez,Male,40,Hyderabad,18-01-2023,Beauty,Shampoo,3,34513.8,0.03,100435.16,84337.75,16097.41,CASH ON DELIVERY,No
ORD02991,1341,Christopher Hays,Female,54,Mumbai,2024/08/27,Electronics,Tablet,5,42158.38,0.12,185496.87,135590.71,49906.16,Credit Card,No
ORD02992,1113,Wesley Santos,Female,39,kolkata,17-12-2023,Fashion,T-Shirt,1,33821.04,0.27,24689.36,16664.6,8024.76,Net Banking,No
ORD02993,1339,John Montoya,Male,53,Chennai,29-06-2024,Beauty,Moisturizer,3,10298.4,0.25,23171.4,20808.77,2362.63,Cash on Delivery,No
ORD02994,1010,Jason Little,Male,53,Chennai,22-04-2024,Electronics,Smartphone,1,25485.18,0.23,19623.59,12873.39,6750.2,Net Banking,No
ORD02995,1366,Kerry Ford,Female,35,Kolkata,22-12-2023, Electronics ,Headphones,4,31925.11,0.1,114930.4,89087.88,25842.52,Net Banking,No
ORD02996,1092,Jason Kim,Female,30,Hyderabad,2024/05/01, Electronics ,Headphones,1,7455.85,0.09,6784.82,5330.73,1454.09,Cash on Delivery,No
ORD02997,1218,Jason Gutierrez,Female,28,Hyderabad,2024/09/26,Home,Mixer,5,13085.65,0.16,54959.73,39296.03,15663.7,Cash on Delivery,No
ORD02998,1443,Mark Wolf,Male,55,Bangalore,16-05-2024,Home,Desk,1,23875.63,0.07,22204.34,19473.44,2730.9,Net Banking,No
ORD02999,1234,David Snyder,Male,36,Delhi,04-07-2024,Fashion,Jeans,3,43852.96,0.09,119718.58,93591.33,26127.25,Cash on Delivery,No
ORD03000,1575,Scott Rogers,Male,59,chennai,05-05-2023,Beauty,Perfume,4,45989.02,0.17,152683.55,103081.03,49602.52,Credit Card,No
ORD03001,1098,Stacey Howard,Male,49,Pune,2023/06/08,Home,Chair,4,11230.58,0.26,33242.52,24085.69,9156.83,Credit Card,Yes
ORD03002,1547,Amber Bradford,Female,50,Bangalore,01-10-2024,Electronics,Laptop,4,16830.66,0.11,59917.15,38939.27,20977.88,Net Banking,Yes
ORD03003,1068,Douglas Hernandez,Female,46,Pune,2024/07/06,Beauty,Lipstick,1,18394.33,0.03,17842.5,14610.82,3231.68,UPI,No
ORD03004,1315,Christine Dudley,Female,28,Kolkata,03-08-2024,Fashion,Dress,5,1814.79,0.02,8892.47,6611.65,2280.82,CREDIT CARD,No
ORD03005,1563,Charles Anderson,Female,48,Hyderabad,2024/01/26,Fashion,Jacket,2,47384.38,0.09,86239.57,60058.3,26181.27,Debit Card,No
ORD03006,1444,Kevin Smith,Male,25,delhi,30-04-2024,Home,Lamp,3,15108.06,0.14,38978.79,29867.06,9111.73,Cash on Delivery,Yes
ORD03007,1648,Samantha Smith,Male,20,Hyderabad,15-06-2024,Electronics,Smartphone,5,10124.89,0.03,49105.72,41746.68,7359.04,Debit Card,No
ORD03008,1007,Zachary Gonzalez,Male,20,Mumbai,11-06-2023,Beauty,Lipstick,2,35331.91,0.05,67130.63,54107.29,13023.34,Cash on Delivery,Yes
ORD03009,1792,Jeffery Martin,Female,26,Mumbai,13-11-2024,Fashion,Sneakers,3,26929.72,0.28,58168.2,36144.7,22023.5,DEBIT CARD,No
ORD03010,1101,Hunter Leon,Female,23,Kolkata,10-09-2023,Electronics,Headphones,5,44133.02,0.21,174325.43,126719.83,47605.6,UPI,No
ORD03011,1377,Brent Golden,Female,51,Bangalore,02-09-2023,Home,Chair,3,14730.51,0.21,34911.31,27223.33,7687.98,UPI,No
ORD03012,1526,Crystal Williams,Male,50,Hyderabad,14-07-2024,Beauty,Moisturizer,2,35805.81,0.06,67314.92,53316.14,13998.78,Net Banking,No
ORD03013,1599,Michael Terry,Male,34,Pune,25-02-2023,Beauty,Perfume,4,37776.01,0.15,128438.43,110021.72,18416.71,Cash on Delivery,No
ORD03014,1143,Cindy Dixon,Female,46,Bangalore,05-08-2023,Fashion,T-Shirt,4,2248.2,0.1,8093.52,5457.78,,Debit Card,No
ORD03015,1705,Michael Gonzalez,Female,-5,Hyderabad,2023/08/21,Home,Mixer,5,18317.93,0.14,78767.1,61424.76,17342.34,NET BANKING,Yes
ORD03016,1208,Traci Rogers,Female,24,Delhi,19-11-2023,Fashion,Dress,5,42976.86,0.06,201991.24,181035.17,20956.07,Debit Card,No
ORD03017,1130,Elizabeth Francis,Male,53,Delhi,22-04-2023,Fashion,Sneakers,2,39365.28,0.13,68495.59,45699.19,22796.4,Cash on Delivery,Yes
ORD03018,1475,Thomas Pennington,Male,59,Delhi,15-01-2023,Electronics,Headphones,1,19024.24,0.14,16360.85,14056.36,2304.49,Net Banking,Yes
ORD03019,1339,Billy Lee,Male,19,Chennai,24-08-2023,Electronics,Laptop,5,30707.75,0.26,113618.68,100778.4,12840.28,Net Banking,No
ORD03020,1098,,Female,45,Bangalore,2024/07/15,Electronics,Tablet,1,24440.17,0.03,23706.96,20110.47,3596.49,Debit Card,No
ORD03021,1037,Christine Brown,Male,44,Delhi,28-11-2023,Home,Lamp,5,42449.75,0.2,169799.0,137421.25,32377.75,Net Banking,Yes
ORD03022,1145,Catherine Jackson,Male,33,Kolkata,17-02-2023,Electronics,Smartwatch,5,9131.15,0.07,42459.85,35505.97,6953.88,UPI,No
ORD03023,1345,Jill Harvey,Male,47,Pune,2023/04/02,Electronics,Smartphone,1,24839.29,,18629.47,15390.94,3238.53,Cash on Delivery,No
ORD03024,1015,Kelly Garcia,Female,28,Chennai,14-08-2024,Beauty,Shampoo,4,12076.75,0.21,38162.53,31966.9,6195.63,Net Banking,No
ORD03025,1183,Marcus Harris Jr.,Female,38,Kolkata,2024/06/12,Electronics,Laptop,5,43717.67,0.21,172684.8,123238.39,49446.41,Cash on Delivery,Yes
ORD03026,1740,Lisa Franco,Male,25,Chennai,2023/06/14,Fashion,Dress,4,21305.52,0.09,77552.09,53573.03,23979.06,UPI,No
ORD03027,1703,Joshua Velasquez,Female,35,Delhi,25-05-2023,Beauty,Lipstick,3,23443.55,0.2,56264.52,44087.17,12177.35,UPI,No
ORD03028,1708,Michael Turner,Female,48,Chennai,2023/11/29, Beauty ,Perfume,2,30896.33,0.03,59938.88,41421.14,,Debit Card,No
ORD03029,1469,Isaac Washington,Female,55,Bangalore,2024/05/23,Home,Vacuum Cleaner,3,41674.38,0.11,111270.59,89306.54,21964.05,Net Banking,Yes
ORD03030,1401,Gregory Sanders,Male,22,Bangalore,2024/07/04,Electronics,Tablet,3,1576.95,0.28,3406.21,2903.52,502.69,Net Banking,Yes
ORD03031,1698,James Cabrera,Female,30,Hyderabad,29-09-2024,Fashion,Jeans,2,7581.31,0.27,11068.71,9086.73,1981.98,Credit Card,Yes
ORD03032,1133,Samuel Rivas,Male,55,Delhi,02-02-2023,Fashion,T-Shirt,3,26888.2,0.03,78244.66,58765.71,19478.95,DEBIT CARD,No
ORD03033,1792,,Female,55,Chennai,05-01-2023, Electronics ,Smartphone,5,36285.44,0.22,141513.22,97764.64,43748.58,UPI,Yes
ORD03034,1662,,Female,33,Mumbai,06-07-2023,Home,Desk,4,16645.45,0.04,63918.53,56859.67,7058.86,Debit Card,No
ORD03035,1538,,Female,59,Hyderabad,23-04-2023,Fashion,T-Shirt,4,29986.58,0.22,93558.13,63269.83,30288.3,Cash on Delivery,No
ORD03036,1165,Scott Delgado,Female,57,pune,08-02-2024,Electronics,Laptop,1,18981.96,0.14,16324.49,11293.33,,UPI,No
ORD03037,1655,Timothy Green,Female,40,Hyderabad,20-02-2023,Home,Mixer,5,27545.93,0.23,106051.83,70733.21,35318.62,UPI,No
ORD03038,1211,John Martin,Female,18,Pune,09-07-2023,Fashion,Sneakers,5,44556.82,0.07,207189.21,141971.09,65218.12,Cash on Delivery,Yes
ORD03039,1744,Derek Gallegos,Male,53,Mumbai,29-07-2023,Electronics,Headphones,4,7854.76,0.05,29848.09,26250.42,3597.67,Credit Card,No
ORD03040,1260,,Male,49,Pune,2023/12/22,Home,Vacuum Cleaner,4,3935.77,0.13,13696.48,9287.85,4408.63,UPI,Yes
ORD03041,1554,Francisco Walsh,Female,42,Pune,12-09-2023,Home,Chair,4,8252.32,0.3,23106.5,19014.61,4091.89,Cash on Delivery,Yes
ORD03042,1020,James Smith,Female,60,Kolkata,09-03-2023,Home,Desk,2,19899.95,0.18,32635.92,28641.37,3994.55,Debit Card,No
ORD03043,1062,Kelly Chang,Female,47,Kolkata,2023/08/10,Electronics,Headphones,4,32656.05,0.25,97968.15,68447.87,29520.28,Cash on Delivery,No
ORD03044,1450,Jordan Shannon,Female,42,Bangalore,11-06-2023,Electronics,Laptop,1,29237.65,,23974.87,20529.01,3445.86,UPI,Yes
ORD03045,1724,Kevin Salas,Male,55,Hyderabad,28-11-2024,Electronics,Laptop,5,39698.65,0.28,142915.14,97360.96,45554.18,Cash on Delivery,No
ORD03046,1242,Kelly Kelly,Male,21,Chennai,07-02-2023,Electronics,Tablet,3,16815.62,0.02,49437.92,36729.3,12708.62,UPI,No
ORD03047,1355,Megan Saunders,Female,57,Chennai,22-12-2024,Beauty,Lipstick,3,12892.24,0.09,35195.82,30844.29,4351.53,Cash on Delivery,Yes
ORD03048,1408,Zachary Fox,Male,39,Pune,07-09-2024, Electronics ,Laptop,3,13262.51,0.3,27851.27,19997.69,7853.58,UPI,No
ORD03049,1151,Bradley Bradford,Female,40,Mumbai,09-04-2024,Beauty,Shampoo,1,41797.6,0.11,37199.86,23817.38,13382.48,Credit Card,No
ORD03050,1365,Maria Coleman,Female,19,Hyderabad,23-04-2023,Fashion,Jeans,2,35272.21,0.27,51497.43,45549.32,5948.11,Net Banking,No
ORD03051,1416,Andrew Martinez,Female,41,Chennai,15-11-2023,Electronics,Smartwatch,2,42554.43,0.12,74895.8,52165.61,22730.19,UPI,No
ORD03052,1178,Michael Sanchez,Female,31,Chennai,13-12-2023,Home,Lamp,5,37802.28,0.29,134198.09,102770.12,31427.97,Debit Card,Yes
ORD03053,1162,,Female,35,Hyderabad,2024/07/27,Electronics,Tablet,2,47262.26,0.24,71838.64,60557.99,11280.65,UPI,No
ORD03054,1747,Kevin Kennedy,Male,33,,24-04-2023,Electronics,Tablet,5,5203.6,0.14,22375.48,14345.84,8029.64,Credit Card,Yes
ORD03055,1234,Peter Richardson,Male,35,Mumbai,05-03-2023,Fashion,Sneakers,4,38592.7,0.28,111146.98,81250.51,29896.47,Cash on Delivery,No
ORD03056,1386,William Jimenez,,33,Chennai,21-08-2023,Fashion,Dress,4,29918.15,0.12,105311.89,91756.52,13555.37,UPI,No
ORD03057,1124,Nancy Peterson,Female,39,Chennai,04-09-2024,Electronics,Smartwatch,5,1829.9,0.22,7136.61,5093.32,2043.29,Net Banking,No
ORD03058,1530,Timothy Ramos,Female,53,Chennai,2024/10/03,Home,Lamp,2,45722.52,0.11,81386.09,49298.02,32088.07,Net Banking,No
ORD03059,1061,Rhonda Cannon,Male,47,Chennai,23-05-2024,Home,Vacuum Cleaner,5,4485.04,0.14,19285.67,14790.4,4495.27,UPI,No
ORD03060,1248,Katherine Thompson MD,Male,18,Mumbai,13-07-2024,Beauty,Shampoo,1,943.95,0.24,717.4,465.05,252.35,Net Banking,No
ORD03061,1748,Jessica Nelson,Male,46,chennai,04-07-2024,Electronics,Laptop,1,45224.89,0.22,35275.41,24724.4,10551.01,Cash on Delivery,No
ORD03062,1096,Melissa Newton,Female,38,Bangalore,2024/10/29,Home,Vacuum Cleaner,3,24528.61,0.1,66227.25,52294.7,13932.55,Net Banking,Yes
ORD03063,1334,Brian Bryant,Male,59,Pune,19-05-2024,Fashion,Dress,1,41786.95,0.24,31758.08,21521.36,,UPI,Yes
ORD03064,1792,Kimberly Shelton,Male,18,Delhi,2023/12/03,Beauty,Face Wash,4,23923.27,0.23,73683.67,56996.68,16686.99,Net Banking,Yes
ORD03065,1046,Katherine Allen,Male,24,chennai,03-08-2023,Electronics,Laptop,3,42166.97,0.06,118910.86,79220.93,39689.93,UPI,Yes
ORD03066,1084,Teresa Bird,Male,40,Chennai,2023/07/21,Electronics,Tablet,2,13545.39,0.09,24652.61,17045.32,7607.29,UPI,No
ORD03067,1436,Kelly Griffin,Female,47,Chennai,2024/05/13,Electronics,Tablet,2,7838.08,0.19,12697.69,11388.29,1309.4,UPI,No
ORD03068,1211,Felicia Richards,Male,36,Hyderabad,05-03-2024,Beauty,Perfume,2,49071.06,0.02,96179.28,69787.02,26392.26,UPI,No
ORD03069,1016,Heather Johnson,,47,Kolkata,2024/01/03,Electronics,Smartphone,3,48181.32,0.24,109853.41,96171.19,,Debit Card,No
ORD03070,1079,Jennifer Porter,Female,58,Mumbai,30-11-2024,Fashion,Jeans,1,2947.45,0.09,2682.18,2032.33,649.85,Debit Card,No
ORD03071,1784,Ryan Chandler,Male,57,Kolkata,2024/10/01,Fashion,T-Shirt,1,3971.45,0.09,3614.02,2186.75,1427.27,Credit Card,Yes
ORD03072,1582,Briana Moreno,,48,mumbai,30-04-2023,Beauty,Lipstick,1,4871.94,0.25,3653.95,2942.14,711.81,UPI,No
ORD03073,1711,Steven Lamb,,50,Delhi,05-05-2023,Beauty,Lipstick,1,12428.46,0.27,9072.78,7030.41,2042.37,Net Banking,No
ORD03074,1677,Lisa Sullivan,Female,44,kolkata,2024/10/19,Fashion,Sneakers,5,8574.26,0.02,42013.87,36052.87,5961.0,UPI,No
ORD03075,1324,Andrea Price,Male,29,Chennai,25-11-2023,Home,Mixer,3,41463.49,0.19,100756.28,81709.86,19046.42,DEBIT CARD,No
ORD03076,1559,,Male,30,nan,22-01-2023,Home,Vacuum Cleaner,3,12520.37,0.16,31551.33,25888.74,5662.59,Credit Card,No
ORD03077,1000,Timothy Gonzales,,53,Delhi,08-03-2023,Electronics,Smartwatch,2,44151.62,0.25,66227.43,48758.35,17469.08,Credit Card,No
ORD03078,1179,Lisa Finley,Male,54,Pune,11-06-2024,Electronics,Smartphone,3,22671.03,0.08,62572.04,43630.62,18941.42,CREDIT CARD,No
ORD03079,1759,Sylvia Wiley DDS,Male,48,Pune,29-07-2023,Fashion,Dress,4,16911.08,0.0,67644.32,47591.52,20052.8,Net Banking,No
ORD03080,1799,Rachel Thompson,Male,33,Delhi,24-07-2023,Beauty,Shampoo,3,49865.95,0.02,146605.89,98059.86,48546.03,Net Banking,No
ORD03081,1472,Gabriela Freeman,Female,40,Kolkata,2023/03/11,Fashion,Dress,5,19860.61,0.01,98310.02,83825.36,14484.66,Debit Card,No
ORD03082,1308,Chad Whitehead,Female,37,Pune,01-01-2023,Fashion,Jacket,2,3037.51,0.05,5771.27,3799.1,1972.17,Debit Card,Yes
ORD03083,1080,Samantha Brown,Female,48,Chennai,28-04-2024,Electronics,Smartwatch,1,5930.56,0.2,4744.45,4098.46,645.99,UPI,No
ORD03084,1301,Joshua Thomas,Male,35,Chennai,21-04-2024,Electronics,Smartwatch,5,23932.82,0.25,89748.08,62340.9,27407.18,Debit Card,Yes
ORD03085,1370,Becky Torres,Female,28,Chennai,04-01-2024,Electronics,Smartwatch,2,40027.44,0.2,64043.9,51383.08,12660.82,CREDIT CARD,No
ORD03086,1040,Kristin Burke,Female,41,Hyderabad,18-07-2024,Beauty,Lipstick,1,33350.42,0.22,26013.33,22264.97,3748.36,Debit Card,Yes
ORD03087,1613,Lance Thompson,Female,35,Bangalore,13-04-2024,Fashion,Sneakers,2,30796.13,0.2,49273.81,35301.92,13971.89,Debit Card,No
ORD03088,1504,,Male,32,Hyderabad,2023/05/26,Home,Mixer,1,6162.47,0.06,5792.72,4851.13,941.59,Credit Card,Yes
ORD03089,1040,Melinda Larson,Male,46,Kolkata,2024/10/07,Home,Vacuum Cleaner,3,47143.64,0.23,108901.81,86804.38,22097.43,UPI,Yes
ORD03090,1061,Deanna Smith,Male,23,Pune,03-10-2024,Home,Vacuum Cleaner,4,46868.49,0.08,172476.04,134682.82,37793.22,Net Banking,No
ORD03091,1769,Cheyenne Pineda,Female,48,pune,22-02-2023,Fashion,Jeans,2,28009.86,0.11,49857.55,44793.49,5064.06,Credit Card,No
ORD03092,1665,Sarah Edwards,Male,24,Mumbai,12-06-2024,Fashion,Jeans,4,6848.76,0.02,26847.14,17991.27,8855.87,Credit Card,No
ORD03093,1688,Jesse Smith,Female,53,Pune,06-10-2023,Beauty,Shampoo,5,29704.75,0.12,130700.9,115822.18,,Cash on Delivery,No
ORD03094,1588,,Female,51,bangalore,09-08-2024,Electronics,Smartwatch,1,7837.06,0.16,6583.13,5580.76,1002.37,Credit Card,No
ORD03095,1557,Laurie Woods,Female,31,Mumbai,06-03-2023,Beauty,Lipstick,5,48566.2,0.25,182123.25,126699.35,55423.9,Net Banking,No
ORD03096,1618,Mrs. Lisa Vargas,Female,56,Mumbai,2023/05/30,Home,Vacuum Cleaner,1,8000.29,0.16,6720.24,4208.64,2511.6,UPI,Yes
ORD03097,1448,Victoria White,Female,28,Bangalore,2023/12/13,Fashion,Jacket,2,36126.32,0.09,65749.9,48629.39,17120.51,Net Banking,No
ORD03098,1402,Brian Mckay,Male,58,Bangalore,16-03-2024,Fashion,Jacket,3,48882.56,0.12,129049.96,111632.09,17417.87,Debit Card,No
ORD03099,1702,Jason King,Male,38,Pune,14-08-2024,Fashion,Sneakers,1,45196.17,0.08,41580.48,34832.29,6748.19,Credit Card,No
ORD03100,1574,Daniel James,Male,46,kolkata,12-04-2023,Fashion,Jeans,5,33358.95,0.05,158455.01,96435.26,62019.75,UPI,No
ORD03101,1360,,Male,33,Chennai,13-11-2023,Electronics,Headphones,1,4449.78,0.24,3381.83,2793.85,587.98,UPI,No
ORD03102,1512,Andrew Floyd,Female,22,Pune,15-10-2023,Beauty,Moisturizer,2,2155.76,0.05,4095.94,2793.5,1302.44,Net Banking,No
ORD03103,1047,Joseph Snyder,Male,23,Mumbai,14-03-2024,Beauty,Lipstick,4,23566.49,0.22,73527.45,64535.18,8992.27,Net Banking,No
ORD03104,1594,April Martin,Male,23,Kolkata,03-02-2024,Beauty,Shampoo,3,34337.39,0.12,90650.71,77292.97,13357.74,UPI,No
ORD03105,1333,Christopher Conley,Male,44,Kolkata,19-01-2023,Fashion,Dress,5,14566.72,,51711.86,43797.2,7914.66,Credit Card,No
ORD03106,1319,Justin Hall,Female,53,Chennai,2024/02/10,Beauty,Shampoo,5,46377.98,0.11,206382.01,156900.11,49481.9,Cash on Delivery,No
ORD03107,1546,Mason Tucker,Female,22,Chennai,25-04-2024,Electronics,Smartphone,2,38175.85,0.26,56500.26,44205.36,12294.9,Net Banking,No
ORD03108,1212,Angela Cline,Male,58,Delhi,21-12-2023,Beauty,Face Wash,4,26817.76,0.22,83671.41,73978.43,,Credit Card,Yes
ORD03109,1779,Bailey Griffith,Male,20,Hyderabad,2023/07/18,Beauty,Face Wash,4,31251.05,0.19,101253.4,79072.22,22181.18,Cash on Delivery,No
ORD03110,1224,Jason Reyes,Female,42,Mumbai,2023/03/08,Electronics,Smartphone,3,32767.38,0.21,77658.69,50842.14,26816.55,UPI,Yes
ORD03111,1472,Gregory Acosta,Male,29,Kolkata,2023/03/26,Fashion,Jeans,3,32972.91,0.18,81113.36,65225.56,15887.8,Credit Card,No
ORD03112,1119,Mr. Troy Garcia MD,Male,47,Mumbai,05-09-2024,Electronics,Tablet,4,46873.11,0.24,142494.25,101044.84,41449.41,UPI,Yes
ORD03113,1211,Amber Nelson,Female,36,Chennai,26-07-2024,Fashion,Dress,3,9685.9,0.16,24408.47,18884.19,5524.28,UPI,No
ORD03114,1002,Curtis Stone,,22,Hyderabad,2023/01/31,Electronics,Smartwatch,5,20099.18,0.12,88436.39,64591.91,23844.48,Net Banking,No
ORD03115,1286,Lee Costa,Male,23,Chennai,2024/09/15,Beauty,Lipstick,5,46213.61,0.1,207961.24,136993.09,70968.15,UPI,No
ORD03116,1766,Maria French,Male,42,Hyderabad,25-08-2023,Electronics,Headphones,3,2630.23,0.18,6470.37,4391.16,2079.21,Cash on Delivery,No
ORD03117,1326,Timothy Villanueva,Female,27,Pune,12-12-2023,Home,Lamp,1,19841.05,0.24,15079.2,11788.32,,Debit Card,No
ORD03118,1193,Whitney Brown,Female,36,Hyderabad,23-08-2023,Beauty,Face Wash,1,6216.43,0.17,5159.64,3151.68,2007.96,Net Banking,No
ORD03119,1587,Alexandria Bates,Male,29,Delhi,2024/05/07,Fashion,Sneakers,5,1193.55,0.1,5370.98,3363.43,2007.55,Debit Card,No
ORD03120,1015,Elizabeth Melendez,Male,31,,26-02-2023,Electronics,Smartwatch,1,22122.44,0.26,16370.61,10056.09,6314.52,Net Banking,No
ORD03121,1346,Jack Scott,Male,35,Bangalore,2023/10/25,Home,Vacuum Cleaner,2,48437.37,0.19,78468.54,47922.47,30546.07,Credit Card,Yes
ORD03122,1523,Lynn Sampson,Male,27,Chennai,12-09-2023,Electronics,Laptop,4,10091.62,0.03,39155.49,32838.6,6316.89,Credit Card,No
ORD03123,1059,Stephanie Hughes,Male,39,Hyderabad,10-05-2023,Fashion,T-Shirt,1,38918.23,0.24,29577.85,21840.64,7737.21,Credit Card,No
ORD03124,1735,Matthew Chapman,Female,45,,04-10-2023,Electronics,Smartphone,3,22126.63,0.16,55759.11,36865.74,18893.37,Debit Card,Yes
ORD03125,1145,John Parker,Female,45,Hyderabad,31-01-2024,Electronics,Laptop,4,5605.87,0.29,15920.67,10442.87,5477.8,Debit Card,No
ORD03126,1787,John White,Female,27,chennai,2024/11/10,Electronics,Tablet,2,1417.44,0.24,2154.51,1395.89,758.62,Debit Card,No
ORD03127,1277,Jacob Lucas,Male,36,Hyderabad,2023/03/13,Electronics,Smartphone,2,2969.77,0.01,5880.14,3928.27,1951.87,Debit Card,Yes
ORD03128,1111,Lisa Austin,Male,54,,19-08-2024,Home,Lamp,2,36658.02,0.14,63051.79,55109.83,7941.96,Credit Card,Yes
ORD03129,1674,Darryl Johnson,Male,40,,09-01-2023,Electronics,Headphones,1,26316.75,0.27,19211.23,12058.17,7153.06,UPI,No
ORD03130,1499,Mercedes Sims,Male,28,,31-08-2024, Electronics ,Tablet,2,9454.91,,14749.66,10027.78,,UPI,Yes
ORD03131,1311,Emily Hopkins,Female,21,Mumbai,30-08-2023,Home,Vacuum Cleaner,3,22330.72,0.28,48234.36,33137.53,15096.83,Cash on Delivery,Yes
ORD03132,1693,Jenna Cunningham,Female,26,Delhi,27-07-2023,Electronics,Tablet,1,29126.91,0.28,20971.38,14649.77,6321.61,Net Banking,No
ORD03133,1080,Victoria Smith,Male,41,Hyderabad,04-05-2024,Fashion,Sneakers,1,49949.36,0.22,38960.5,33838.26,5122.24,UPI,No
ORD03134,1001,Timothy Wallace,Male,33,Bangalore,29-07-2023,Home,Desk,5,29247.76,0.14,125765.37,98345.17,27420.2,Net Banking,No
ORD03135,1421,Michael Wright,Male,32,bangalore,04-07-2023,Home,Vacuum Cleaner,2,26177.45,0.26,38742.63,29442.1,9300.53,UPI,No
ORD03136,1448,Lisa Gillespie,Male,38,Pune,01-01-2024,Electronics,Smartphone,4,46149.49,0.1,166138.16,134448.8,31689.36,Cash on Delivery,No
ORD03137,1715,Robin Byrd MD,Female,18,Chennai,2023/07/13,Electronics,Smartphone,4,34545.4,0.01,136799.78,93277.38,43522.4,UPI,No
ORD03138,1569,,Female,34,Pune,15-08-2023,Beauty,Face Wash,3,43392.01,0.24,98933.78,73206.46,25727.32,Debit Card,Yes
ORD03139,1615,Richard Miller,Female,47,Mumbai,11-10-2023,Home,Desk,5,687.58,0.22,2681.56,2189.41,492.15,Net Banking,No
ORD03140,1781,Robert Miller,,59,Hyderabad,08-06-2024,Fashion,T-Shirt,1,45966.22,0.06,43208.25,31766.54,11441.71,Net Banking,No
ORD03141,1278,Tamara Wheeler,,57,Hyderabad,17-10-2023,Electronics,Tablet,5,40592.79,0.13,176578.64,134872.39,41706.25,Credit Card,No
ORD03142,1610,Mary Johnson,Male,32,Delhi,2023/03/13,Beauty,Shampoo,5,18022.48,0.19,72991.04,48622.67,24368.37,Cash on Delivery,No
ORD03143,1222,Mrs. Stacey Peterson,Male,37,Chennai,15-12-2023,Beauty,Moisturizer,2,9855.75,0.19,15966.32,10770.71,5195.61,Cash on Delivery,No
ORD03144,1660,Jessica Diaz,Male,32,Mumbai,2023/02/26,Fashion,Jacket,2,39534.05,0.29,56138.35,49537.96,6600.39,Cash on Delivery,No
ORD03145,1343,Rebecca Gregory DVM,Female,47,Hyderabad,20-04-2024,Fashion,Jeans,2,23838.33,0.1,42908.99,27717.95,15191.04,Net Banking,Yes
ORD03146,1182,Jonathan Francis,Male,33,Kolkata,2023/10/19,Electronics,Smartwatch,3,19291.83,0.02,56717.98,47473.64,9244.34,Debit Card,No
ORD03147,1580,Todd Duran,Male,40,Delhi,16-02-2023,Home,Chair,5,36693.7,0.09,166956.33,101093.83,65862.5,Credit Card,No
ORD03148,1466,Jose Miller,Female,22,Hyderabad,20-07-2023,Beauty,Perfume,3,39856.54,0.06,112395.44,73497.81,38897.63,Debit Card,No
ORD03149,1212,Walter Wilson,Male,44,Bangalore,10-09-2024,Beauty,Moisturizer,3,41974.27,0.13,109552.84,78100.35,31452.49,CREDIT CARD,No
ORD03150,1769,Samantha Hickman,Male,46,Kolkata,19-08-2024, Fashion ,Jeans,3,14583.13,0.19,35437.01,30317.79,,Net Banking,No
ORD03151,1510,Kimberly Moore,Female,22,Bangalore,16-03-2023,Home,Mixer,5,8454.27,0.11,37621.5,25493.34,12128.16,DEBIT CARD,No
ORD03152,1627,Kristen Willis,Male,50,,2024/10/12,Home,Lamp,1,34316.0,0.07,31913.88,20179.39,11734.49,Credit Card,No
ORD03153,1066,Linda Peck,Female,50,Hyderabad,19-10-2023,Electronics,Smartwatch,4,31113.81,0.06,116987.93,103106.2,13881.73,Net Banking,No
ORD03154,1613,Debra Lawson,Male,20,Hyderabad,22-07-2023,Beauty,Perfume,3,18085.58,0.24,41235.12,27410.0,13825.12,Credit Card,No
ORD03155,1553,Lisa Harper,Female,23,Mumbai,16-09-2024,Beauty,Perfume,3,21868.27,0.07,61012.47,42737.72,18274.75,UPI,No
ORD03156,1268,Mariah King,Male,22,Chennai,2023/04/29,Fashion,Jeans,4,32986.92,0.17,109516.57,88703.17,20813.4,Net Banking,Yes
ORD03157,1221,Megan Ray,Female,25,Delhi,31-07-2023,Fashion,Jacket,2,48088.09,0.05,91367.37,72580.23,18787.14,UPI,No
ORD03158,1200,Jerry Adams,Female,59,Pune,06-12-2023,Beauty,Face Wash,3,17269.73,0.23,39893.08,30756.49,9136.59,Debit Card,No
ORD03159,1067,Zachary Smith,Female,56,mumbai,14-02-2024,Home,Chair,1,2326.79,0.2,1861.43,1165.14,696.29,Net Banking,No
ORD03160,1479,Kimberly Brown,Female,18,Bangalore,2024/09/25, Fashion ,Dress,5,30560.99,0.07,142108.6,120678.05,21430.55,DEBIT CARD,No
ORD03161,1573,Scott Campbell,Male,40,Bangalore,14-10-2023,Electronics,Smartwatch,2,30264.16,,56896.62,36053.52,20843.1,Net Banking,Yes
ORD03162,1721,Jerry Huynh,Male,41,Pune,12-08-2023,Electronics,Smartphone,3,42069.05,0.11,112324.36,78717.67,33606.69,Net Banking,No
ORD03163,1567,,,20,kolkata,2023/09/01,Electronics,Smartphone,4,11448.96,0.2,36636.67,27518.87,9117.8,Debit Card,No
ORD03164,1441,Timothy Garcia,Female,56,Mumbai,29-10-2023,Fashion,Dress,3,5351.32,0.24,12201.01,7962.61,4238.4,UPI,No
ORD03165,1704,Randall Campbell,Female,19,Mumbai,2023/11/10,Fashion,Sneakers,1,13888.49,0.15,236104.4,10213.19,1592.03,Credit Card,Yes
ORD03166,1127,Allison Harris,Female,37,Delhi,2024/12/11,Beauty,Lipstick,3,29000.76,0.25,65251.71,51011.06,14240.65,Cash on Delivery,No
ORD03167,1388,Alexander Fitzpatrick,Male,40,Delhi,07-03-2023,Home,Vacuum Cleaner,5,34473.0,,136168.35,94123.11,42045.24,Debit Card,No
ORD03168,1177,Stacey Carroll,Male,57,nan,13-10-2023,Home,Vacuum Cleaner,4,32718.65,0.29,92920.97,64494.48,28426.49,DEBIT CARD,No
ORD03169,1543,Heather James,Male,57,Hyderabad,2023/03/09,Electronics,Tablet,5,18821.3,0.1,84695.85,65835.07,18860.78,Cash on Delivery,Yes
ORD03170,1224,Crystal Simmons,Male,18,chennai,04-09-2024,Electronics,Headphones,3,10304.71,0.09,28131.86,19321.32,8810.54,Debit Card,No
ORD03171,1679,Brandon Salazar,Male,33,Chennai,07-10-2024,Home,Vacuum Cleaner,2,30648.62,0.19,49650.76,33744.9,15905.86,CASH ON DELIVERY,No
ORD03172,1151,Kevin Lee,,39,Kolkata,29-12-2023, Home ,Mixer,3,21251.29,0.15,54190.79,33871.68,20319.11,Cash on Delivery,Yes
ORD03173,1064,Cesar Richardson,Male,31,delhi,05-10-2024,Beauty,Moisturizer,2,43323.18,0.04,83180.51,54531.34,28649.17,UPI,No
ORD03174,1240,Hunter Greene,Male,40,Bangalore,30-04-2024,Beauty,Face Wash,4,28223.98,0.01,111766.96,87234.59,24532.37,Credit Card,Yes
ORD03175,1598,Samuel Schmitt,Female,44,Delhi,20-06-2024,Beauty,Moisturizer,3,42508.85,0.27,93094.38,69467.66,23626.72,Net Banking,No
ORD03176,1577,William Johnson,Male,57,Pune,2023/11/01,Home,Vacuum Cleaner,4,21732.82,0.06,81715.4,57801.83,23913.57,Net Banking,Yes
ORD03177,1022,Michael Lynn,Male,34,Pune,11-05-2023,Beauty,Lipstick,2,29889.75,0.19,48421.4,37902.02,10519.38,Net Banking,No
ORD03178,1450,Melissa Brown,Male,24,Bangalore,2023/10/02,Fashion,T-Shirt,1,20479.21,0.21,16178.58,11689.06,4489.52,UPI,No
ORD03179,1290,Albert Taylor,Female,32,Kolkata,27-06-2023,Home,Vacuum Cleaner,3,10241.32,0.09,27958.8,17576.61,10382.19,UPI,Yes
ORD03180,1674,Brittany Pugh,Female,55,,2023/10/04,Home,Lamp,1,21708.66,0.13,18886.53,11935.84,6950.69,Net Banking,Yes
ORD03181,1722,Bobby Murphy,Male,42,Kolkata,26-04-2023,Electronics,Smartphone,2,47665.52,0.16,80078.07,51940.74,28137.33,NET BANKING,Yes
ORD03182,1424,Amanda White,Male,34,Delhi,24-01-2023,Fashion,Dress,4,20568.46,0.22,64173.6,47400.85,16772.75,Cash on Delivery,No
ORD03183,1542,Samantha Blanchard,Male,60,Pune,2023/11/14,Electronics,Smartwatch,5,8692.7,0.03,42159.6,28469.83,13689.77,Debit Card,Yes
ORD03184,1487,Austin Gonzalez,Male,23,Chennai,02-11-2024,Beauty,Moisturizer,3,27734.76,0.05,79044.07,67661.06,11383.01,Credit Card,Yes
ORD03185,1021,Tammy Reynolds,Male,57,Delhi,24-09-2024,Electronics,Headphones,2,44407.36,0.25,66611.04,56442.13,10168.91,UPI,No
ORD03186,1156,Laurie Shannon,Male,43,Chennai,2024/04/07,Fashion,T-Shirt,5,5207.68,0.28,18747.65,13357.94,5389.71,Credit Card,No
ORD03187,1436,Matthew Pearson,Male,44,Hyderabad,11-11-2024,Beauty,Face Wash,5,388.56,0.09,1767.95,1498.5,269.45,UPI,No
ORD03188,1552,Samuel Shepard,Male,60,Chennai,07-12-2023,Beauty,Lipstick,1,46376.4,0.17,38492.41,30120.32,8372.09,Cash on Delivery,No
ORD03189,1225,Daniel Robinson,Male,47,Delhi,2023/01/18, Electronics ,Smartphone,4,13717.45,0.16,46090.63,31652.12,14438.51,Cash on Delivery,No
ORD03190,1767,Eric Bright,Female,56,Mumbai,26-05-2023,Beauty,Shampoo,4,16829.38,0.19,54527.19,36359.73,18167.46,UPI,No
ORD03191,1068,Robert Ramos,Female,48,Pune,20-12-2024,Electronics,Headphones,1,29878.57,,25994.36,17469.56,8524.8,UPI,No
ORD03192,1429,Ricky Walker,Female,30,Chennai,18-04-2023,Fashion,Jeans,4,7908.58,0.21,24991.11,22240.39,2750.72,Debit Card,Yes
ORD03193,1317,Robert Matthews MD,Female,20,Mumbai,25-06-2024,Beauty,Face Wash,1,7344.99,0.05,6977.74,6138.23,839.51,UPI,Yes
ORD03194,1393,Miranda Rubio,Female,33,Bangalore,20-11-2023,Beauty,Face Wash,4,14802.4,0.28,42630.91,35644.47,6986.44,Credit Card,No
ORD03195,1005,Charles Burke,Male,26,Pune,06-08-2023,Electronics,Laptop,5,15669.49,0.1,70512.71,51715.92,18796.79,UPI,No
ORD03196,1710,David Cook,Female,36,Delhi,2024/07/02,Fashion,Dress,2,49793.91,0.26,73694.99,54639.09,19055.9,Credit Card,Yes
ORD03197,1680,Shannon Rodriguez,Male,22,Delhi,25-04-2024,Beauty,Shampoo,5,4381.17,0.18,17962.8,11375.15,6587.65,Net Banking,No
ORD03198,1195,Sharon Jackson,Male,18,Hyderabad,2023/09/05,Electronics,Laptop,3,20926.51,0.02,61523.94,47053.52,14470.42,Cash on Delivery,Yes
ORD03199,1059,Jennifer Proctor,Female,19,Bangalore,2024/03/03,Beauty,Shampoo,4,22188.29,0.22,69227.46,60947.49,8279.97,Credit Card,No
ORD03200,1365,Corey Armstrong,Female,26,Mumbai,31-03-2023,Electronics,Tablet,4,33412.84,0.03,129641.82,112979.16,16662.66,Credit Card,Yes
ORD03201,1163,Susan Lewis,Male,19,Delhi,2024/01/13,Fashion,Dress,2,49030.72,0.1,88255.3,64704.19,23551.11,Debit Card,No
ORD03202,1683,Emily Gordon,Female,22,Kolkata,22-12-2024,Home,Desk,2,2127.12,0.06,3998.99,3437.31,561.68,Net Banking,Yes
ORD03203,1689,Jon Nelson,Male,23,Bangalore,22-07-2024,Electronics,Headphones,1,28195.97,0.07,26222.25,16752.43,9469.82,Cash on Delivery,Yes
ORD03204,1078,Anthony Kim,Male,40,Hyderabad,2024/12/31, Electronics ,Laptop,1,45467.4,0.11,40465.99,33477.52,6988.47,Net Banking,No
ORD03205,1711,Darlene Gates,Male,54,Pune,10-12-2024,Electronics,Laptop,2,42276.48,0.17,70178.96,52203.96,17975.0,Debit Card,No
ORD03206,1528,Lisa Brown,Male,54,Delhi,23-04-2023,Electronics,Tablet,2,13491.39,0.27,19697.43,13947.96,5749.47,CREDIT CARD,No
ORD03207,1040,Adam Pugh,Male,24,Hyderabad,2024/09/02,Electronics,Smartwatch,3,48779.92,0.2,117071.81,80139.31,36932.5,Net Banking,No
ORD03208,1409,Robert Brown,Male,57,Mumbai,07-04-2024,Home,Mixer,5,18032.75,0.07,83852.29,55384.75,28467.54,Credit Card,No
ORD03209,1374,Mrs. Melissa Russell,Female,45,Chennai,12-08-2024,Home,Vacuum Cleaner,3,3058.63,0.22,7157.19,6084.09,1073.1,DEBIT CARD,Yes
ORD03210,1800,David Meza,Female,45,Hyderabad,30-05-2023,Electronics,Smartwatch,5,17337.65,0.2,69350.6,46972.35,22378.25,UPI,No
ORD03211,1403,Sean Lloyd,Male,39,Bangalore,05-03-2023,Beauty,Moisturizer,3,26063.32,0.0,78189.96,64819.09,13370.87,DEBIT CARD,Yes
ORD03212,1160,David Harmon,Male,25,Delhi,27-07-2023,Fashion,Sneakers,5,9355.07,0.15,39759.05,31269.22,8489.83,Debit Card,No
ORD03213,1378,Benjamin Hernandez,Male,52,Mumbai,08-06-2024,Fashion,T-Shirt,5,44018.35,0.22,171671.57,130920.13,40751.44,Net Banking,No
ORD03214,1404,James Liu,Female,33,Pune,21-01-2023,Electronics,Tablet,2,29912.89,0.3,41878.05,30511.24,11366.81,Debit Card,No
ORD03215,1064,Amanda Burns,Female,48,Kolkata,02-10-2023,Fashion,Jeans,2,36143.76,0.25,54215.64,35809.14,18406.5,Cash on Delivery,No
ORD03216,1045,Diane Watson,Male,24,Bangalore,04-08-2023,Electronics,Smartphone,3,47124.78,0.13,122995.68,94963.7,28031.98,CASH ON DELIVERY,No
ORD03217,1772,Melissa Jackson,Male,58,Bangalore,02-04-2023, Beauty ,Shampoo,4,48657.73,0.17,161543.66,120473.23,41070.43,Net Banking,No
ORD03218,1111,Kathy Knight,Female,59,Bangalore,27-08-2024,Beauty,Face Wash,3,16598.8,0.2,39837.12,25022.63,14814.49,Debit Card,No
ORD03219,1027,Brian Russell,Male,53,Hyderabad,24-02-2023,Electronics,Smartphone,1,20190.01,0.28,14536.81,8884.42,5652.39,Debit Card,No
ORD03220,1119,Preston Powell,Male,26,Bangalore,15-01-2024,Fashion,Sneakers,1,22664.25,0.25,16998.19,11154.34,5843.85,Credit Card,No
ORD03221,1649,Jessica Hawkins,Male,23,Kolkata,2024/08/10,Beauty,Moisturizer,5,41166.28,0.24,156431.86,104564.48,51867.38,NET BANKING,No
ORD03222,1207,Pamela Frazier,Male,32,Kolkata,22-12-2024,Fashion,Jacket,3,17353.53,0.16,43730.9,30843.68,12887.22,Cash on Delivery,No
ORD03223,1252,Courtney Weber,Male,40,Delhi,12-06-2023, Home ,Vacuum Cleaner,1,10510.53,0.18,8618.63,6846.19,1772.44,Cash on Delivery,Yes
ORD03224,1150,Laura Murray,Female,42,,2024/02/06,Electronics,Smartphone,5,35582.43,0.24,135213.23,86728.1,48485.13,Credit Card,No
ORD03225,1235,Heather Hernandez,Male,59,Chennai,25-09-2023,Beauty,Moisturizer,5,38893.53,0.08,178910.24,123244.9,55665.34,Cash on Delivery,No
ORD03226,1136,Jerry Wiley,Male,32,mumbai,09-04-2023,Fashion,T-Shirt,2,12302.24,0.27,17961.27,13092.19,4869.08,Credit Card,Yes
ORD03227,1222,Meghan Bryant,Female,34,Mumbai,2023/01/21,Beauty,Shampoo,5,562.05,0.02,2754.05,2158.31,595.74,Cash on Delivery,No
ORD03228,1347,Donna Hardy,Female,46,Hyderabad,04-12-2024,Electronics,Laptop,2,13394.59,0.05,25449.72,17564.52,7885.2,NET BANKING,No
ORD03229,1365,Joyce Long,Male,42,Chennai,28-04-2023,Beauty,Perfume,5,45271.38,0.15,192403.36,170430.81,21972.55,UPI,Yes
ORD03230,1436,Adrienne Banks,Male,34,Kolkata,2024/11/14,Home,Desk,3,33559.16,0.14,86582.63,75811.31,10771.32,Credit Card,No
ORD03231,1312,David Jackson,Male,58,Chennai,17-06-2023,Fashion,T-Shirt,5,4973.3,0.26,18401.21,14881.58,3519.63,Debit Card,No
ORD03232,1782,Joseph Lopez,Female,39,bangalore,18-07-2023,Fashion,Sneakers,4,36569.01,0.22,114095.31,98801.42,15293.89,Debit Card,Yes
ORD03233,1356,Zachary Peterson,Male,48,Mumbai,04-02-2024,Home,Chair,5,4309.14,0.15,18313.85,12525.65,5788.2,Cash on Delivery,No
ORD03234,1700,Brandon Stevens,Male,28,Kolkata,2024/01/20,Beauty,Face Wash,4,1885.53,0.16,6335.38,4517.57,1817.81,Net Banking,Yes
ORD03235,1737,Christine Adams,Female,24,Kolkata,17-11-2023,Beauty,Moisturizer,4,16563.23,0.26,49027.16,40965.16,8062.0,Debit Card,No
ORD03236,1024,William Smith,Female,35,Hyderabad,25-07-2024,Electronics,Smartphone,3,38796.78,0.24,88456.66,59414.58,29042.08,UPI,No
ORD03237,1406,Sarah Taylor,Female,24,Hyderabad,27-12-2023, Beauty ,Face Wash,3,27287.58,0.18,67127.45,41594.85,25532.6,UPI,No
ORD03238,1004,Lauren White,Male,24,Chennai,2024/08/26,Home,Mixer,2,28887.97,0.27,42176.44,33928.13,8248.31,Debit Card,Yes
ORD03239,1025,Jennifer Wright,Female,41,Delhi,23-06-2024,Home,Lamp,2,30171.38,0.24,45860.5,33069.49,12791.01,Net Banking,No
ORD03240,1242,Crystal Yu,Female,43,,01-07-2023,Fashion,T-Shirt,2,3316.4,0.24,5040.93,3935.05,1105.88,Cash on Delivery,No
ORD03241,1459,Sarah Tucker,Female,50,Bangalore,2024/12/30,Home,Desk,3,48776.24,0.03,141938.86,95134.34,46804.52,Credit Card,No
ORD03242,1098,Edward Brown,Female,60,Mumbai,29-11-2023,Beauty,Shampoo,5,3351.95,0.28,12067.02,7794.75,4272.27,UPI,No
ORD03243,1581,Steven Kelly,Male,40,Pune,12-06-2024,Home,Lamp,4,22581.44,0.24,68647.58,53907.11,14740.47,Debit Card,No
ORD03244,1636,Kathy Frazier,Female,18,Chennai,29-06-2024,Beauty,Lipstick,1,9152.82,0.28,6590.03,5666.97,923.06,UPI,No
ORD03245,1746,Matthew Tyler,Female,43,Kolkata,02-12-2024,Home,Vacuum Cleaner,3,30028.84,0.22,70267.49,59948.75,10318.74,Debit Card,Yes
ORD03246,1754,Tristan Alexander,Male,27,Kolkata,2023/05/11,Fashion,Sneakers,3,29893.11,0.06,84298.57,50783.99,33514.58,Net Banking,No
ORD03247,1113,Joseph Archer,Male,40,Pune,11-07-2023,Beauty,Face Wash,1,46594.14,0.04,44730.37,31099.7,13630.67,Cash on Delivery,No
ORD03248,1304,Ryan Watkins,Male,48,Pune,20-07-2023,Home,Lamp,1,37061.19,0.09,33725.68,22497.59,11228.09,Cash on Delivery,No
ORD03249,1159,,Female,20,,21-11-2023,Electronics,Smartwatch,4,40820.54,0.27,119195.98,76405.63,42790.35,Net Banking,No
ORD03250,1496,Aaron Mitchell,Female,58,,2023/05/15,Fashion,Sneakers,1,34586.58,0.13,30090.32,26717.56,3372.76,Net Banking,Yes
ORD03251,1094,Isaiah Thomas,Female,47,Pune,18-01-2023,Home,Desk,2,9082.72,0.14,15622.28,11492.53,4129.75,Credit Card,No
ORD03252,1399,Janice Hanson,Male,24,bangalore,13-08-2024,Fashion,Sneakers,3,22023.12,0.22,51534.1,34746.47,16787.63,Net Banking,Yes
ORD03253,1604,James Montgomery,Male,36,Delhi,06-08-2024,Home,Lamp,2,49797.68,0.28,71708.66,63620.53,8088.13,Cash on Delivery,No
ORD03254,1574,Mark Davis,Male,45,Bangalore,16-11-2023,Electronics,Headphones,3,16407.42,0.06,46268.92,29521.82,16747.1,Net Banking,No
ORD03255,1289,Cassandra Powers,Female,36,Kolkata,2024/09/17,Electronics,Smartphone,3,45818.76,0.18,112714.15,81571.79,31142.36,UPI,No
ORD03256,1781,Larry Riddle,Female,31,Bangalore,2024/12/27,Beauty,Moisturizer,4,46964.38,0.09,170950.34,135224.97,35725.37,UPI,No
ORD03257,1693,Andrea Jones,Female,42,Bangalore,12-06-2023,Electronics,Headphones,4,48058.75,0.18,157632.7,141190.65,16442.05,UPI,No
ORD03258,1690,Austin Anderson,Female,27,Delhi,2024/05/22,Home,Lamp,5,30499.73,0.3,106749.05,72849.81,33899.24,Credit Card,No
ORD03259,1107,Bobby Morris,Female,38,Hyderabad,16-09-2024,Beauty,Moisturizer,5,588.03,,2381.52,1875.41,506.11,Cash on Delivery,No
ORD03260,1568,James Campos,Female,39,Bangalore,17-02-2023,Fashion,Sneakers,1,14057.95,0.19,11386.94,8694.75,2692.19,CREDIT CARD,No
ORD03261,1176,Richard Nelson,Female,34,Delhi,02-02-2023,Beauty,Moisturizer,3,21948.45,0.27,48067.11,35988.24,12078.87,Credit Card,No
ORD03262,1205,Nathan Brandt,Male,47,Pune,2023/06/25,Home,Desk,4,25224.01,0.08,92824.36,68977.58,23846.78,UPI,Yes
ORD03263,1337,Erica Palmer,,25,Delhi,12-07-2024,Beauty,Perfume,3,7984.57,0.11,21318.8,15439.37,,Debit Card,No
ORD03264,1013,Laura Stephenson,Male,26,Kolkata,19-08-2023,Electronics,Smartwatch,2,24025.74,0.28,34597.07,28549.12,6047.95,UPI,No
ORD03265,1073,Jeffrey Wiley,Female,37,Bangalore,01-04-2024,Fashion,Jacket,4,3190.21,0.11,11357.15,7052.91,4304.24,Cash on Delivery,No
ORD03266,1134,Lawrence Cruz,Female,54,Chennai,30-01-2023,Fashion,Dress,2,40035.93,0.15,68061.08,52776.48,15284.6,Net Banking,Yes
ORD03267,1148,Kathryn Todd,Female,31,Hyderabad,2023/10/27,Beauty,Lipstick,4,38118.36,0.2,121978.75,84578.95,37399.8,Cash on Delivery,Yes
ORD03268,1451,Lorraine Cowan,Male,23,Hyderabad,18-09-2023,Electronics,Smartphone,5,21880.76,0.14,94087.27,64424.39,29662.88,Net Banking,No
ORD03269,1017,Lauren Elliott,Male,47,Hyderabad,15-04-2024,Electronics,Headphones,5,22976.09,0.19,93053.16,81138.37,11914.79,UPI,No
ORD03270,1402,Shawn Smith,Male,48,Kolkata,12-04-2023,Home,Chair,3,41370.24,0.04,119146.29,95480.31,23665.98,UPI,Yes
ORD03271,1308,Jonathan Mcfarland,Female,35,Mumbai,14-07-2024,Home,Mixer,2,37730.86,0.29,53577.82,44406.1,9171.72,Net Banking,No
ORD03272,1619,Brian Carney,Female,36,Hyderabad,13-07-2023,Home,Mixer,1,9608.44,0.13,8359.34,6902.51,1456.83,Net Banking,No
ORD03273,1631,,,36,chennai,21-11-2023,Beauty,Face Wash,5,47175.46,0.03,228800.98,162412.34,66388.64,UPI,No
ORD03274,1439,Kevin Galvan,Female,32,Pune,21-05-2024,Beauty,Perfume,4,23636.05,0.01,93598.76,71063.44,22535.32,Cash on Delivery,No
ORD03275,1458,Jessica Gregory,Female,19,Mumbai,18-01-2024, Electronics ,Smartphone,2,41370.34,0.05,78603.65,69916.84,8686.81,Net Banking,No
ORD03276,1727,Susan Barton,Female,42,Mumbai,2024/08/23,Home,Chair,5,13562.01,0.3,47467.03,31168.78,16298.25,Debit Card,No
ORD03277,1172,Anna Kennedy,Female,54,Bangalore,21-10-2023,Electronics,Smartwatch,4,13777.27,0.2,44087.26,31441.4,12645.86,UPI,No
ORD03278,1703,Trevor Baldwin,Female,27,Delhi,2023/10/16,Electronics,Headphones,4,18137.07,0.01,71822.8,50015.25,21807.55,Cash on Delivery,Yes
ORD03279,1574,Candace Boyd,Female,19,Delhi,11-11-2023,Electronics,Laptop,2,30664.9,0.0,61329.8,47455.14,13874.66,NET BANKING,No
ORD03280,1189,Jeffery Miller,Female,37,Kolkata,2023/12/09,Fashion,Jeans,3,8171.35,0.17,20346.66,14092.95,6253.71,Debit Card,No
ORD03281,1181,Susan Foley,Male,40,Hyderabad,2024/09/14,Fashion,T-Shirt,2,9850.39,0.04,18912.75,15901.45,3011.3,Debit Card,No
ORD03282,1628,Dr. Samantha Lee,,30,Mumbai,27-04-2023,Home,Desk,2,9666.48,0.23,14886.38,11858.73,3027.65,UPI,Yes
ORD03283,1540,George Griffin,Male,53,delhi,2024/06/11,Beauty,Shampoo,3,47110.97,0.22,110239.67,88787.86,21451.81,Cash on Delivery,No
ORD03284,1288,Brian Blankenship,Male,35,Kolkata,26-08-2024,Electronics,Smartwatch,2,7485.86,0.15,12725.96,10945.96,1780.0,Debit Card,No
ORD03285,1769,Victoria Jimenez,Male,56,Chennai,17-07-2023,Beauty,Lipstick,4,17152.98,0.27,50086.7,40746.21,9340.49,UPI,No
ORD03286,1508,Terry Nelson,Female,52,Bangalore,06-04-2024,Home,Vacuum Cleaner,1,35452.24,0.04,34034.15,26315.06,7719.09,Net Banking,No
ORD03287,1325,Seth Curtis,Female,31,Delhi,25-05-2024,Fashion,Jacket,3,22079.05,,62262.92,54507.62,7755.3,Net Banking,No
ORD03288,1313,Emily Taylor,Female,48,hyderabad,20-04-2024,Home,Vacuum Cleaner,3,25056.46,0.03,72914.3,60396.74,12517.56,UPI,No
ORD03289,1417,Jennifer Drake DDS,Female,56,Mumbai,01-03-2024,Fashion,Jeans,5,12005.86,0.0,60029.3,45610.74,14418.56,Net Banking,Yes
ORD03290,1383,Yvonne Davis,Female,52,chennai,16-12-2023,Fashion,Sneakers,5,1179.68,0.08,5426.53,3990.19,1436.34,Debit Card,Yes
ORD03291,1784,Jacob Nelson,Male,40,Pune,10-04-2024,Home,Lamp,5,47046.39,0.11,209356.44,185661.96,23694.48,NET BANKING,No
ORD03292,1731,James White,Male,25,Pune,20-06-2024,Fashion,Sneakers,5,33638.8,0.17,139601.02,93498.93,46102.09,Credit Card,No
ORD03293,1621,Rita Chen,Female,52,Bangalore,31-10-2024,Beauty,Shampoo,1,32295.06,0.16,27127.85,23262.3,3865.55,Net Banking,No
ORD03294,1339,Robert Johnson,Female,58,Kolkata,2023/02/14,Home,Chair,5,40676.68,0.05,193214.23,130962.14,62252.09,UPI,No
ORD03295,1227,James Small,Female,46,Bangalore,2024/06/30,Beauty,Moisturizer,5,8808.55,0.27,32151.21,19640.58,12510.63,UPI,No
ORD03296,1756,Andrew Martinez,Male,40,Hyderabad,12-01-2024,Beauty,Shampoo,5,14735.5,0.22,57468.45,35930.05,21538.4,CREDIT CARD,No
ORD03297,1177,Alexis Rodriguez,Male,20,Mumbai,27-11-2024,Beauty,Face Wash,1,32874.29,0.27,23998.23,15575.37,8422.86,UPI,No
ORD03298,1202,William Jones,Female,50,,28-06-2023,Home,Mixer,3,12030.89,0.14,31039.7,21598.79,9440.91,Credit Card,No
ORD03299,1027,Richard Perez,Female,33,Chennai,2023/12/15,Fashion,Jacket,3,46409.36,0.17,115559.31,72833.67,42725.64,Net Banking,Yes
ORD03300,1589,Jason Ramos,Female,24,Mumbai,15-10-2024,Electronics,Tablet,4,4219.54,0.13,14684.0,13181.49,1502.51,UPI,No
ORD03301,1304,Nicole Hunter,Female,41,Kolkata,2024/05/12,Beauty,Perfume,4,35576.72,0.22,110999.37,97847.98,13151.39,Cash on Delivery,No
ORD03302,1077,Jordan Flowers,Male,35,Delhi,2024/04/24,Home,Desk,5,31833.35,0.13,138475.07,97324.84,41150.23,Cash on Delivery,No
ORD03303,1800,James Moran,Female,55,Hyderabad,03-12-2023, Electronics ,Smartphone,4,2018.2,0.2,6458.24,4834.8,1623.44,Debit Card,No
ORD03304,1485,Thomas Nichols,Male,41,Mumbai,2023/07/18,Fashion,Sneakers,2,43965.63,0.07,81776.07,54834.69,26941.38,UPI,Yes
ORD03305,1038,Renee Reed,Male,39,chennai,19-10-2024,Beauty,Perfume,5,17517.11,0.02,85833.84,68241.58,17592.26,UPI,No
ORD03306,1561,Vanessa Kent,Female,19,Chennai,2024/07/29,Beauty,Face Wash,3,47911.12,0.14,123610.69,98328.19,25282.5,Debit Card,No
ORD03307,1116,Luis Smith,Female,26,Kolkata,22-06-2023,Home,Desk,5,12427.61,0.18,50953.2,38372.99,12580.21,Debit Card,No
ORD03308,1460,Dawn Johnson,Female,46,Mumbai,2023/09/06,Fashion,Sneakers,4,12841.07,,46227.85,31858.36,14369.49,Net Banking,No
ORD03309,1681,Carol Randolph,Female,50,Kolkata,20-07-2024,Beauty,Lipstick,1,45113.83,0.03,43760.42,37331.14,6429.28,DEBIT CARD,No
ORD03310,1673,Ashley Moore,Male,36,Chennai,16-02-2023,Electronics,Headphones,4,14278.44,0.17,47404.42,33377.65,14026.77,Net Banking,Yes
ORD03311,1710,,Male,53,Bangalore,20-07-2024,Beauty,Perfume,2,37372.56,0.14,64280.8,41239.51,23041.29,UPI,No
ORD03312,1627,Marcus Middleton,Male,49,Chennai,05-03-2024,Electronics,Smartphone,3,22176.07,0.08,61205.95,43755.78,17450.17,Cash on Delivery,No
ORD03313,1536,Sherri Smith,Male,48,Mumbai,29-06-2024,Fashion,Dress,5,27964.02,,127236.29,81183.82,46052.47,Credit Card,No
ORD03314,1485,Nicole Marshall,Male,43,Kolkata,23-09-2023,Electronics,Tablet,3,39056.24,0.2,93734.98,78711.02,15023.96,Cash on Delivery,No
ORD03315,1045,Antonio Johnson PhD,Male,39,Delhi,2024/12/12,Electronics,Headphones,3,42134.38,0.19,102386.54,69050.5,33336.04,Debit Card,No
ORD03316,1232,Donna Estrada,Male,59,Mumbai,30-12-2023,Fashion,T-Shirt,2,19297.92,0.27,28174.96,20046.11,8128.85,UPI,Yes
ORD03317,1107,Jeffrey Holland,Female,34,Pune,21-12-2023,Fashion,Sneakers,4,34712.98,0.25,104138.94,71685.21,32453.73,UPI,No
ORD03318,1201,Justin Carpenter,Male,54,Chennai,01-11-2023,Beauty,Face Wash,4,8666.33,0.14,29812.18,22406.84,7405.34,Cash on Delivery,No
ORD03319,1252,Adam Tyler,Female,18,Mumbai,30-12-2024,Beauty,Moisturizer,5,48473.24,0.09,220553.24,151258.59,69294.65,Net Banking,No
ORD03320,1132,Mr. Jonathan Thompson,,43,Mumbai,2024/09/26,Fashion,Jacket,1,36964.78,0.21,29202.18,17601.01,11601.17,Debit Card,No
ORD03321,1412,Brian Michael,Female,58,Mumbai,08-02-2023,Beauty,Lipstick,5,42078.07,0.22,164104.47,144382.65,19721.82,Debit Card,No
ORD03322,1438,Alicia Lopez,Male,49,Hyderabad,05-05-2024,Electronics,Laptop,3,34622.07,,92440.93,71700.98,20739.95,Debit Card,Yes
ORD03323,1652,Edwin Mcdowell,Male,59,Mumbai,31-12-2023,Fashion,T-Shirt,4,19980.87,0.19,64738.02,53625.24,11112.78,DEBIT CARD,No
ORD03324,1640,Kelly Foley,Female,58,Bangalore,23-09-2024,Home,Lamp,3,27757.63,0.07,77443.79,48717.62,28726.17,Cash on Delivery,No
ORD03325,1744,Matthew Evans,Male,19,Pune,29-08-2023,Beauty,Moisturizer,2,47242.63,0.14,81257.32,59178.5,22078.82,Net Banking,No
ORD03326,1736,Timothy Arnold,Female,22,Bangalore,12-09-2024,Home,Vacuum Cleaner,2,30203.52,0.21,47721.56,32733.63,14987.93,Debit Card,Yes
ORD03327,1312,Lisa Juarez,Female,32,Delhi,23-11-2024,Beauty,Perfume,4,36900.05,0.18,121032.16,86316.51,,Credit Card,No
ORD03328,1690,,Female,41,Pune,28-02-2023,Beauty,Moisturizer,4,25454.15,0.23,78398.78,55168.67,23230.11,CASH ON DELIVERY,No
ORD03329,1175,Kristy Davis,Female,56,Bangalore,12-03-2024,Electronics,Tablet,2,31999.89,0.25,47999.83,42368.67,5631.16,Cash on Delivery,No
ORD03330,1285,Patricia Patton,Female,36,Hyderabad,01-05-2024,Beauty,Lipstick,4,25266.08,0.2,80851.46,49658.31,31193.15,Net Banking,No
ORD03331,1361,Kimberly Chapman,Female,43,nan,26-11-2024,Fashion,Jacket,2,43475.9,0.23,66952.89,42631.69,24321.2,Debit Card,No
ORD03332,1179,Julie Zimmerman,Female,41,Chennai,20-10-2024,Electronics,Smartwatch,2,42608.95,0.28,61356.89,46533.48,14823.41,Net Banking,Yes
ORD03333,1041,Tina Romero,Male,55,Delhi,16-05-2023, Home ,Vacuum Cleaner,5,5312.0,0.08,24435.2,21863.04,2572.16,Cash on Delivery,No
ORD03334,1422,Leslie Terrell,Male,51,Chennai,2024/08/28,Home,Vacuum Cleaner,2,39332.82,0.3,55065.95,43713.16,11352.79,Credit Card,Yes
ORD03335,1375,Valerie Jones,Female,40,Delhi,08-08-2023, Fashion ,T-Shirt,2,29933.77,0.09,54479.46,33932.75,20546.71,UPI,No
ORD03336,1357,Kevin Braun,Male,37,pune,11-05-2023,Beauty,Perfume,2,16976.51,0.04,32594.9,27024.56,,Net Banking,No
ORD03337,1710,Hannah Mendoza,Female,18,Pune,15-03-2024,Fashion,Jacket,2,36361.35,0.22,56723.71,45931.43,10792.28,UPI,No
ORD03338,1239,Brandon Martin,Male,44,Chennai,28-06-2024,Electronics,Smartwatch,3,18803.31,0.22,43999.75,36819.02,7180.73,Credit Card,No
ORD03339,1352,,Female,39,Hyderabad,01-12-2024,Beauty,Face Wash,5,755.71,0.15,3211.77,2589.41,622.36,UPI,Yes
ORD03340,1119,Brian Baker,Male,47,Kolkata,06-03-2024,Beauty,Perfume,2,32466.25,0.22,50647.35,36204.67,14442.68,DEBIT CARD,No
ORD03341,1759,Jaclyn Velez,,24,kolkata,2024/12/05,Fashion,Jeans,4,1138.66,0.25,3415.98,2338.93,1077.05,UPI,No
ORD03342,1447,Virginia Moyer,Female,-5,Delhi,12-10-2023, Fashion ,T-Shirt,2,22986.44,0.15,39076.95,23650.72,15426.23,Debit Card,Yes
ORD03343,1557,Mary Salazar,Male,23,Mumbai,2023/01/15,Electronics,Headphones,5,4131.61,0.11,18385.66,12631.28,5754.38,Debit Card,Yes
ORD03344,1681,Steven Sanchez,Male,26,,2024/10/26,Fashion,Sneakers,1,20141.11,0.21,15911.48,10307.08,5604.4,Credit Card,No
ORD03345,1534,Melissa Taylor,Male,26,Kolkata,15-03-2024,Electronics,Laptop,1,37568.76,0.23,28927.95,25688.96,3238.99,Credit Card,Yes
ORD03346,1793,Richard Montgomery,Male,58,Kolkata,14-02-2024,Electronics,Tablet,3,47524.75,0.17,118336.63,90098.36,28238.27,Credit Card,No
ORD03347,1008,Andrea Cummings,Male,37,Mumbai,2023/12/10,Beauty,Lipstick,4,43685.36,0.02,171246.61,151631.67,19614.94,Net Banking,Yes
ORD03348,1642,Margaret Page,Male,23,Chennai,26-08-2024,Beauty,Lipstick,1,45939.94,0.01,45480.54,37632.31,7848.23,Cash on Delivery,No
ORD03349,1024,Carlos Serrano,Male,32,Chennai,2024/12/23,Home,Vacuum Cleaner,3,5609.61,0.16,14136.22,9632.34,4503.88,Credit Card,Yes
ORD03350,1800,,Female,27,Kolkata,2023/04/22,Beauty,Shampoo,4,21988.69,0.21,69484.26,59639.87,9844.39,UPI,No
ORD03351,1626,Jennifer Martin,Female,57,Chennai,30-06-2024,Electronics,Laptop,3,16827.78,0.22,39377.01,29226.58,10150.43,Cash on Delivery,No
ORD03352,1658,Eric Williams,Female,42,Bangalore,01-05-2024,Electronics,Laptop,5,24452.52,0.27,89251.7,67632.88,21618.82,Credit Card,No
ORD03353,1701,Amy Holt,Male,43,Delhi,2024/03/07, Home ,Mixer,4,38534.53,0.23,118686.35,87060.73,,UPI,No
ORD03354,1547,,Female,39,hyderabad,2024/04/24,Home,Mixer,3,22623.88,0.01,67192.92,57275.35,9917.57,Cash on Delivery,No
ORD03355,1418,Ashley Stevenson,Female,49,Chennai,21-11-2023,Electronics,Tablet,1,36767.59,0.03,35664.56,31335.32,4329.24,Cash on Delivery,Yes
ORD03356,1562,Benjamin Crawford,Female,50,Delhi,29-03-2024,Home,Chair,4,22687.78,0.12,79860.99,61258.41,18602.58,UPI,No
ORD03357,1121,Colin Warner,Female,36,,23-08-2024,Beauty,Face Wash,5,47637.12,0.23,183402.91,160298.04,23104.87,NET BANKING,No
ORD03358,1636,Samantha Potts,Female,23,Mumbai,01-04-2023,Electronics,Smartwatch,3,16043.64,0.13,41873.9,28177.61,13696.29,Cash on Delivery,Yes
ORD03359,1562,Jordan Bryant,Male,54,Kolkata,18-02-2024,Fashion,Jeans,4,19400.1,0.01,76824.4,51129.57,25694.83,Cash on Delivery,No
ORD03360,1192,Marcus Cohen,Male,25,Pune,26-11-2024,Home,Desk,2,14294.68,0.04,27445.79,18781.41,8664.38,Credit Card,No
ORD03361,1509,Roy Mckay,Female,53,Mumbai,22-03-2023,Electronics,Tablet,5,20182.82,0.22,78713.0,59188.99,19524.01,UPI,Yes
ORD03362,1497,,Female,49,Bangalore,2024/06/02,Electronics,Laptop,2,3649.26,,5254.93,4396.27,858.66,Net Banking,No
ORD03363,1405,Mr. James Miller,Female,40,Delhi,2023/09/11,Fashion,Jeans,5,12919.27,0.03,62658.46,51136.07,11522.39,Net Banking,No
ORD03364,1028,Erin Lopez,Female,21,Pune,2024/11/14,Home,Mixer,5,49785.66,0.24,189185.51,132416.55,56768.96,UPI,No
ORD03365,1301,Philip Vasquez,Female,45,Hyderabad,31-05-2024,Home,Chair,3,40336.16,0.08,111327.8,90317.5,21010.3,Cash on Delivery,No
ORD03366,1013,Elizabeth Drake,Male,37,Bangalore,2024/02/04,Home,Lamp,4,11100.09,0.28,31968.26,26334.91,5633.35,Net Banking,No
ORD03367,1481,Jorge Hurley,,38,kolkata,2023/10/16, Electronics ,Laptop,4,10339.89,0.08,38050.8,25898.31,12152.49,UPI,No
ORD03368,1782,John Johnson,Male,51,Pune,2023/02/16,Beauty,Face Wash,2,33197.4,0.17,55107.68,36068.14,19039.54,Cash on Delivery,Yes
ORD03369,1249,Tyrone Cannon,Male,53,,2023/02/06,Home,Chair,4,23440.5,0.08,86261.04,75361.88,10899.16,Net Banking,No
ORD03370,1376,Michael Barnes,Male,57,Bangalore,28-08-2024,Beauty,Face Wash,4,41361.42,0.15,140628.83,103671.56,36957.27,Credit Card,No
ORD03371,1407,Emma Edwards,Female,45,Chennai,26-10-2024,Fashion,Jacket,2,11108.59,0.29,15774.2,10089.29,5684.91,UPI,No
ORD03372,1798,Kim Hernandez,Female,24,Mumbai,04-04-2024, Home ,Vacuum Cleaner,3,7885.03,0.14,20343.38,15353.28,4990.1,Net Banking,Yes
ORD03373,1565,,Male,25,Delhi,20-03-2023,Home,Mixer,1,3256.44,0.06,3061.05,2713.19,347.86,UPI,No
ORD03374,1719,Douglas Goodman,Male,58,Chennai,2024/11/28,Home,Desk,1,9753.71,0.11,8680.8,7460.05,1220.75,DEBIT CARD,No
ORD03375,1527,Crystal Wilson,Female,39,Kolkata,28-09-2024,Home,Chair,2,10997.45,,19575.46,17446.7,2128.76,Cash on Delivery,No
ORD03376,1461,Elizabeth Hahn,Female,26,Mumbai,2023/11/03,Home,Lamp,3,2639.85,0.04,7602.77,6494.42,1108.35,Credit Card,No
ORD03377,1717,Mallory Oconnor,Male,35,Kolkata,09-05-2023,Fashion,T-Shirt,5,605.57,0.03,2937.01,2289.57,647.44,DEBIT CARD,No
ORD03378,1410,Ricky Butler,Female,26,Pune,11-08-2024,Electronics,Laptop,1,36319.72,0.17,30145.37,21097.59,9047.78,UPI,Yes
ORD03379,1584,Jeff Wright,,35,Kolkata,24-12-2024,Electronics,Laptop,3,30947.89,0.15,78917.12,54676.04,24241.08,Debit Card,No
ORD03380,1292,John Singleton,Male,24,Delhi,20-10-2024,Fashion,Jeans,4,33804.01,0.21,106820.67,84920.41,21900.26,UPI,Yes
ORD03381,1786,Rick Price,Female,30,Bangalore,2024/11/15,Electronics,Smartphone,2,26121.71,0.05,49631.25,41322.68,8308.57,UPI,No
ORD03382,1668,Erin Wood,Female,56,Chennai,24-08-2023,Home,Desk,2,44542.44,0.24,67704.51,50563.97,17140.54,UPI,Yes
ORD03383,1071,Gregory Powers,Male,39,Chennai,2024/11/09,Home,Chair,3,10872.14,0.04,31311.76,26042.09,5269.67,Cash on Delivery,No
ORD03384,1665,Nicholas Suarez,Male,36,Kolkata,01-07-2023,Fashion,Jacket,4,24490.39,0.19,79348.86,68633.3,10715.56,Credit Card,No
ORD03385,1462,Jacqueline Hardin,Female,41,Chennai,12-04-2023,Beauty,Lipstick,3,19347.19,0.15,49335.33,31390.52,,Credit Card,Yes
ORD03386,1211,Natalie Humphrey,Female,46,Chennai,2024/09/11,Beauty,Lipstick,5,16261.17,0.28,58540.21,38628.1,19912.11,Net Banking,Yes
ORD03387,1501,Dana Ortiz,Male,21,Chennai,16-01-2024,Fashion,Sneakers,3,33183.13,0.25,74662.04,63322.88,11339.16,Net Banking,No
ORD03388,1795,Dorothy Roberson,Female,18,Hyderabad,2023/09/13,Electronics,Smartphone,3,26811.54,0.22,62739.0,52789.01,9949.99,Cash on Delivery,No
ORD03389,1305,John Pierce,Male,53,Hyderabad,27-01-2024,Electronics,Laptop,1,36400.5,0.09,33124.46,26418.53,6705.93,Cash on Delivery,No
ORD03390,1297,Stephen Park,Male,52,Delhi,20-12-2024,Home,Mixer,2,11767.44,0.1,21181.39,17660.22,3521.17,Credit Card,No
ORD03391,1313,William Larson,Male,33,pune,2024/03/17,Electronics,Smartwatch,5,27239.0,0.3,95336.5,84773.25,10563.25,DEBIT CARD,No
ORD03392,1640,Joshua Holmes,Male,43,Delhi,2024/09/16,Beauty,Lipstick,2,49228.94,0.27,71874.25,62054.65,9819.6,Cash on Delivery,No
ORD03393,1382,Kathleen Acosta,Female,34,Delhi,04-09-2024,Beauty,Moisturizer,2,29853.72,0.03,57916.22,44899.46,13016.76,Debit Card,No
ORD03394,1738,Joshua Graves,Female,21,Bangalore,28-05-2023,Home,Chair,1,18818.25,0.13,16371.88,13058.12,3313.76,Cash on Delivery,No
ORD03395,1748,Laurie Landry,Male,46,Pune,06-03-2024,Fashion,T-Shirt,3,30342.2,0.13,79193.14,60279.65,18913.49,Cash on Delivery,No
ORD03396,1462,Glen Williams,Male,40,Chennai,2023/08/27,Fashion,Sneakers,5,35119.87,0.19,142235.47,101764.11,,UPI,No
ORD03397,1532,Denise Warner,Male,24,Pune,31-07-2024,Electronics,Tablet,5,30028.92,,108104.11,75473.12,32630.99,Debit Card,No
ORD03398,1471,Sheryl Leonard,Male,23,Hyderabad,03-06-2023,Electronics,Laptop,5,43263.62,0.21,170891.3,123168.73,47722.57,Net Banking,No
ORD03399,1071,Jorge Page,Male,28,Mumbai,30-09-2023,Electronics,Smartwatch,2,17576.52,0.05,33395.39,20715.26,12680.13,Debit Card,Yes
ORD03400,1382,Eileen Perez,Male,56,Delhi,2024/02/01,Electronics,Smartwatch,3,41536.36,0.08,114640.35,100632.07,14008.28,UPI,Yes
ORD03401,1289,Gregory Taylor MD,,32,Chennai,09-04-2023,Fashion,Jeans,2,14546.71,0.07,27056.88,16637.6,,Net Banking,No
ORD03402,1169,Robert Roberts,Male,20,Mumbai,29-06-2023,Home,Mixer,1,36400.11,0.15,30940.09,22995.18,7944.91,Cash on Delivery,No
ORD03403,1418,Laura Bruce,Female,58,mumbai,06-06-2024,Home,Lamp,1,9178.64,0.21,7251.13,6244.65,1006.48,Debit Card,No
ORD03404,1453,Jacob Hoffman,Female,52,Delhi,08-11-2023, Beauty ,Perfume,1,2567.62,0.25,1925.71,1690.15,235.56,NET BANKING,No
ORD03405,1507,Lindsay Hall,Male,33,mumbai,29-03-2024,Beauty,Perfume,1,10426.32,0.01,10322.06,8806.84,1515.22,UPI,No
ORD03406,1473,Steven Carter,Male,53,Mumbai,02-08-2023,Fashion,T-Shirt,4,42321.13,0.15,143891.84,101384.92,42506.92,Credit Card,Yes
ORD03407,1294,Gary Watson,Male,60,Pune,2023/06/23,Fashion,Sneakers,3,48611.84,0.21,115210.06,74235.79,40974.27,Cash on Delivery,No
ORD03408,1230,Maria Cox,Male,38,Pune,2024/04/05,Electronics,Smartphone,2,27844.83,0.06,52348.28,37257.01,15091.27,Net Banking,No
ORD03409,1350,Erin Powers,Male,40,,2023/02/10,Electronics,Smartwatch,3,23257.15,0.23,53724.02,32652.57,21071.45,Net Banking,No
ORD03410,1467,Alice Baird,Female,40,Chennai,2024/11/23,Fashion,Sneakers,5,9548.7,0.19,38672.24,29946.67,8725.57,UPI,Yes
ORD03411,1280,Patricia Melendez,Male,48,Chennai,11-10-2023, Home ,Vacuum Cleaner,2,12658.59,0.1,22785.46,13913.36,8872.1,Credit Card,No
ORD03412,1021,Lori Perez,Male,30,delhi,11-03-2023,Beauty,Shampoo,5,27442.94,0.24,104283.17,77321.05,26962.12,Debit Card,No
ORD03413,1597,,Female,47,Mumbai,27-03-2024,Home,Desk,1,22701.48,0.29,16118.05,9944.88,6173.17,Credit Card,No
ORD03414,1106,David Johnson,Male,28,Delhi,02-06-2024,Home,Mixer,2,1870.83,0.11,3330.08,2052.1,1277.98,Cash on Delivery,No
ORD03415,1502,Christina Flowers,Female,46,Hyderabad,09-10-2024,Beauty,Moisturizer,2,27724.02,0.01,54893.56,36938.25,17955.31,Cash on Delivery,No
ORD03416,1791,Julia Keller,Female,33,delhi,2023/10/28,Electronics,Smartwatch,4,45270.05,0.23,139431.75,118501.53,,DEBIT CARD,No
ORD03417,1644,Kelly Jones,Male,35,Pune,2024/08/12,Beauty,Shampoo,4,43848.74,0.06,164871.26,106657.69,58213.57,Debit Card,No
ORD03418,1407,Taylor Reid,Male,53,Pune,19-03-2023,Beauty,Face Wash,4,43792.29,0.04,168162.39,107084.33,61078.06,UPI,Yes
ORD03419,1460,Curtis Dean,Female,36,,08-09-2023,Fashion,Jacket,1,22732.71,0.04,21823.4,17413.33,,Credit Card,No
ORD03420,1158,Molly Morris,Female,20,Delhi,18-09-2024,Fashion,Jacket,1,12785.91,0.2,10228.73,8296.37,1932.36,Cash on Delivery,Yes
ORD03421,1585,Matthew Sutton,Female,42,chennai,15-08-2023,Beauty,Lipstick,4,41624.86,0.18,136529.54,103876.44,32653.1,Cash on Delivery,No
ORD03422,1078,Veronica Thomas,Female,57,Chennai,13-10-2023,Home,Chair,5,26858.72,0.13,116835.43,82254.81,34580.62,UPI,No
ORD03423,1225,Jeffrey Alvarez,Female,28,,16-05-2023,Beauty,Face Wash,4,33938.52,,116748.51,94344.88,22403.63,Cash on Delivery,Yes
ORD03424,1251,Mary Stewart,,56,mumbai,2024/11/23,Fashion,T-Shirt,3,21634.73,0.03,62957.06,55690.6,7266.46,Cash on Delivery,Yes
ORD03425,1643,Scott Garcia,Female,18,Chennai,19-03-2024,Beauty,Face Wash,3,24042.62,0.27,52653.34,31624.57,21028.77,Net Banking,No
ORD03426,1299,Larry Black,Female,58,Hyderabad,2023/08/13,Fashion,Jacket,4,49089.28,0.01,194393.55,128812.47,65581.08,Net Banking,Yes
ORD03427,1797,Kelly Parrish MD,Male,26,Chennai,2024/12/04,Fashion,Dress,2,23757.17,0.24,36110.9,23127.55,12983.35,Cash on Delivery,Yes
ORD03428,1445,Daniel Lowe,Female,44,Delhi,11-07-2023, Beauty ,Moisturizer,4,35465.22,0.03,137605.05,89336.22,48268.83,CREDIT CARD,Yes
ORD03429,1429,William Smith,Female,41,Kolkata,2024/03/17,Electronics,Headphones,4,44339.42,0.1,159621.91,118389.66,41232.25,CASH ON DELIVERY,No
ORD03430,1365,Ryan Davis,Female,48,Delhi,27-01-2024,Fashion,Sneakers,4,28156.7,0.08,103616.66,91285.54,12331.12,Credit Card,No
ORD03431,1156,Theodore Everett,Female,19,chennai,2023/05/08,Fashion,T-Shirt,3,20283.89,0.18,49898.37,40094.16,9804.21,UPI,No
ORD03432,1700,Michelle Delgado,Male,50,Delhi,2024/06/07,Fashion,Jacket,5,34165.35,0.01,169118.48,148992.04,20126.44,Credit Card,No
ORD03433,1485,Lynn Shields,Male,21,Kolkata,12-04-2024,Beauty,Shampoo,1,21589.49,0.28,15544.43,13868.01,1676.42,Credit Card,No
ORD03434,1152,Elizabeth Espinoza,Male,60,Pune,02-12-2024,Electronics,Smartwatch,2,28560.3,0.23,43982.86,26423.9,,Debit Card,No
ORD03435,1151,Derrick Harrell,Female,48,Bangalore,04-08-2023,Fashion,Dress,1,6280.25,0.11,5589.42,4786.21,803.21,CREDIT CARD,No
ORD03436,1292,Howard Massey,Male,36,Kolkata,22-06-2024,Beauty,Shampoo,1,1893.22,0.29,1344.19,911.37,432.82,Cash on Delivery,No
ORD03437,1129,Jennifer Pratt,Male,54,Pune,2023/09/29,Beauty,Shampoo,2,21650.79,0.0,43301.58,26074.26,17227.32,Cash on Delivery,No
ORD03438,1680,Mary Mcdonald,Male,28,Delhi,30-12-2024,Fashion,Jacket,1,41715.59,0.16,35041.1,27397.65,,Cash on Delivery,No
ORD03439,1651,Holly Manning,Female,43,Mumbai,13-05-2024,Home,Desk,5,29195.66,0.07,135759.82,119804.04,15955.78,Debit Card,No
ORD03440,1222,Jessica Garcia,Male,21,Delhi,23-10-2024,Home,Desk,4,32564.15,0.09,118533.51,106343.6,12189.91,DEBIT CARD,No
ORD03441,1515,Nicholas Porter,Female,54,Chennai,10-05-2024,Beauty,Shampoo,4,18271.26,0.04,70161.64,57425.81,12735.83,UPI,No
ORD03442,1163,David Gomez,Female,60,Delhi,07-06-2024,Beauty,Lipstick,4,29613.83,0.01,117270.77,99655.69,17615.08,Cash on Delivery,No
ORD03443,1476,Mary Mcintosh,Female,48,Mumbai,29-09-2023,Electronics,Smartwatch,2,14233.13,0.04,27327.61,23523.18,3804.43,UPI,No
ORD03444,1551,Martin Parker,Male,20,Kolkata,24-05-2023,Beauty,Moisturizer,5,28165.51,0.23,108437.21,69825.69,38611.52,Credit Card,No
ORD03445,1754,Eric Perez,Male,23,kolkata,11-11-2023,Home,Lamp,5,36941.52,0.21,145919.0,103046.02,42872.98,UPI,Yes
ORD03446,1056,Brian Farmer,,19,Chennai,03-09-2023,Beauty,Moisturizer,5,5982.02,0.29,21236.17,13144.78,8091.39,UPI,No
ORD03447,1294,Matthew Salazar,Male,22,Mumbai,12-02-2024,Home,Mixer,3,27798.36,0.09,75889.52,63081.09,12808.43,UPI,No
ORD03448,1017,Virginia Hoffman,Male,57,Pune,29-10-2023,Electronics,Smartphone,5,43792.42,0.07,203634.75,163665.49,39969.26,Net Banking,No
ORD03449,1511,Crystal Hernandez,Female,31,Kolkata,07-08-2024,Beauty,Perfume,1,26155.14,0.06,24585.83,18631.27,5954.56,Credit Card,No
ORD03450,1797,Justin Tucker,Male,29,Hyderabad,2023/09/01,Beauty,Lipstick,5,16354.68,0.15,69507.39,52861.35,,Debit Card,No
ORD03451,1263,Lisa Haas,Male,55,Hyderabad,10-08-2023,Home,Desk,1,45160.26,0.05,42902.25,34429.03,8473.22,Cash on Delivery,No
ORD03452,1780,Kenneth Roberts,Male,34,Pune,2023/06/06,Fashion,Dress,5,8884.07,0.01,43976.15,33470.8,10505.35,UPI,No
ORD03453,1616,Felicia Harris,Female,49,Mumbai,2024/01/16,Beauty,Perfume,1,28862.18,0.02,28284.94,23576.42,4708.52,UPI,No
ORD03454,1280,Sarah Burke,Male,36,Kolkata,08-12-2024, Fashion ,Jeans,1,48578.81,0.18,39834.62,24679.82,15154.8,Debit Card,No
ORD03455,1427,Anita Hinton,Male,56,Delhi,20-07-2024,Electronics,Tablet,3,33838.07,0.01,100499.07,76921.89,23577.18,Credit Card,Yes
ORD03456,1349,Stanley Johnston,Male,42,,12-09-2024,Home,Vacuum Cleaner,5,37494.2,0.19,151851.51,92204.33,59647.18,Credit Card,No
ORD03457,1498,Patrick Zimmerman,Female,43,Delhi,2023/12/20,Fashion,Sneakers,3,6224.44,0.04,17926.39,15594.46,2331.93,Net Banking,Yes
ORD03458,1674,Barbara Rivera,Female,40,Chennai,2024/01/19,Home,Desk,5,16852.02,0.24,64037.68,50393.62,13644.06,Cash on Delivery,No
ORD03459,1694,Sonya Bryant,Male,50,Chennai,2023/11/08,Fashion,Sneakers,4,36677.82,0.19,118836.14,101863.36,16972.78,UPI,No
ORD03460,1218,Andrew Berry,Male,57,Mumbai,10-05-2023,Fashion,Sneakers,3,7026.86,0.12,18550.91,12014.21,6536.7,Net Banking,No
ORD03461,1570,Heather Collins,Female,49,Mumbai,01-12-2024,Fashion,Dress,3,20641.54,0.09,56351.4,36244.84,20106.56,UPI,No
ORD03462,1751,Dustin Walker,Female,40,Mumbai,2023/11/29,Electronics,Headphones,4,49562.14,0.02,194283.59,166867.01,27416.58,Credit Card,No
ORD03463,1019,Theresa Sullivan,Female,34,Delhi,17-10-2024,Home,Chair,2,6415.9,0.29,9110.58,7756.84,1353.74,Net Banking,No
ORD03464,1178,Jessica Bowers,Female,59,mumbai,07-08-2023,Fashion,Jacket,4,21496.05,0.27,62768.47,53730.81,9037.66,Cash on Delivery,Yes
ORD03465,1200,Brian Mullins,Male,22,Delhi,28-07-2024,Fashion,Jeans,3,4502.79,0.24,10266.36,7873.66,2392.7,Net Banking,No
ORD03466,1744,Olivia Brown,Male,53,Kolkata,2023/11/02,Beauty,Face Wash,1,48410.82,0.24,36792.22,31780.81,5011.41,Debit Card,No
ORD03467,1650,Rebecca Gutierrez,Female,20,Pune,25-09-2023,Fashion,Dress,2,6551.97,0.24,9958.99,8787.29,1171.7,UPI,No
ORD03468,1095,Amy Porter,Male,45,Bangalore,05-03-2024,Beauty,Moisturizer,3,31837.54,0.25,71634.46,45099.21,26535.25,Credit Card,No
ORD03469,1358,Erin Walker,Female,60,Mumbai,09-06-2023,Home,Chair,2,5084.59,0.28,7321.81,5566.24,1755.57,Cash on Delivery,Yes
ORD03470,1639,Sally Richardson,Male,28,Hyderabad,26-02-2023,Electronics,Tablet,4,38477.43,0.14,132362.36,96097.63,36264.73,Cash on Delivery,Yes
ORD03471,1194,Albert Hernandez,Male,29,Delhi,09-08-2023,Home,Mixer,2,43235.52,0.28,62259.15,55586.92,6672.23,Net Banking,No
ORD03472,1762,Jessica Lyons,Male,49,Mumbai,14-04-2023,Home,Mixer,4,31259.17,0.21,98778.98,61181.92,37597.06,Net Banking,Yes
ORD03473,1795,Michelle Bullock,Male,42,Chennai,2024/09/09,Fashion,Dress,1,39766.42,0.09,36187.44,32368.13,3819.31,Net Banking,No
ORD03474,1702,Katherine Arnold,Female,29,Delhi,2024/05/06,Electronics,Headphones,3,3888.71,0.23,8982.92,8019.37,,Debit Card,No
ORD03475,1535,Diana Andrews,Female,35,Bangalore,30-05-2023,Beauty,Moisturizer,2,30971.62,0.26,45838.0,28695.98,17142.02,Net Banking,No
ORD03476,1123,Cassandra Mcintyre,Female,56,Kolkata,20-06-2024,Electronics,Smartphone,3,39677.66,0.26,88084.41,78772.63,9311.78,UPI,No
ORD03477,1420,Omar Smith,Female,51,pune,31-05-2024,Fashion,Jacket,4,43952.05,0.1,158227.38,136045.4,22181.98,Cash on Delivery,No
ORD03478,1748,Justin Henry,Female,40,Delhi,2024/11/23,Fashion,Sneakers,1,16800.53,0.29,11928.38,10442.4,1485.98,UPI,No
ORD03479,1694,,Male,27,Mumbai,2023/06/22,Fashion,Dress,4,27541.31,0.05,104656.98,78581.42,26075.56,UPI,No
ORD03480,1523,Andrea Moore,Female,30,Pune,2024/11/27,Electronics,Smartphone,5,38105.15,0.26,140989.05,120393.36,20595.69,Debit Card,No
ORD03481,1103,Mallory Jimenez,,49,,2023/09/23,Electronics,Laptop,5,27730.65,0.09,126174.46,96648.7,29525.76,UPI,No
ORD03482,1025,Jamie Peters,Male,27,Bangalore,24-03-2023,Electronics,Smartwatch,3,25091.14,0.14,64735.14,51427.4,13307.74,CREDIT CARD,No
ORD03483,1044,Kelly White,Female,39,Hyderabad,2024/04/14,Home,Lamp,3,14145.75,,33949.8,22714.84,11234.96,Credit Card,No
ORD03484,1455,,Female,53,Hyderabad,2024/10/04,Home,Lamp,1,14538.36,0.22,11339.92,8163.68,3176.24,UPI,Yes
ORD03485,1373,Charles Johnson,Female,21,Hyderabad,15-05-2024,Home,Lamp,2,44780.65,0.25,67170.98,50096.08,17074.9,Credit Card,No
ORD03486,1348,Elizabeth Jarvis,Male,38,Kolkata,14-01-2023,Beauty,Shampoo,2,25918.76,0.28,37323.01,30534.85,6788.16,Cash on Delivery,Yes
ORD03487,1499,Patty Larsen,Female,48,Kolkata,05-07-2023,Fashion,Jeans,4,39821.21,0.2,127427.87,87701.76,39726.11,Net Banking,No
ORD03488,1767,Leslie Stewart,Male,49,Delhi,19-03-2023,Electronics,Tablet,1,41089.71,0.12,36158.94,22044.83,14114.11,Credit Card,No
ORD03489,1325,Stephanie Smith,Female,37,Pune,2023/03/07,Home,Lamp,3,35385.81,0.09,96603.26,74842.11,21761.15,UPI,No
ORD03490,1311,Thomas Yu,Female,49,Bangalore,17-09-2023,Electronics,Tablet,3,38290.96,0.11,102236.86,79953.13,22283.73,Debit Card,No
ORD03491,1495,Tammy Guerra,Female,48,Delhi,05-05-2024,Home,Lamp,5,9295.51,,33928.61,28886.9,5041.71,Credit Card,No
ORD03492,1285,Samantha Boyd,Female,45,Kolkata,03-07-2024,Fashion,Dress,2,40453.55,0.29,57444.04,44057.36,13386.68,CREDIT CARD,Yes
ORD03493,1434,Mary Hunter,Male,21,hyderabad,2024/08/17,Electronics,Smartwatch,4,25963.28,0.12,91390.75,68789.0,22601.75,CASH ON DELIVERY,No
ORD03494,1573,Jason Hill,Female,18,Pune,26-05-2024,Electronics,Smartwatch,1,32739.12,0.2,26191.3,20813.22,,Debit Card,No
ORD03495,1765,Alexander Fritz,Male,38,Delhi,04-10-2024,Home,Mixer,1,18674.16,0.26,13818.88,11566.28,2252.6,UPI,Yes
ORD03496,1709,Brittany Carter,Female,35,Delhi,10-05-2023,Beauty,Shampoo,5,5443.22,0.19,22045.04,17919.94,4125.1,Debit Card,No
ORD03497,1793,Megan Harrison,Male,40,Delhi,14-02-2023,Fashion,Dress,3,25941.8,0.25,58369.05,48728.38,9640.67,Cash on Delivery,No
ORD03498,1279,Erin Walker,Female,36,Kolkata,05-10-2024,Fashion,Jacket,2,30918.42,,55034.79,49227.74,5807.05,Net Banking,No
ORD03499,1228,Carlos Hayes,Female,48,Delhi,08-11-2024,Fashion,Jeans,5,34512.08,0.11,153578.76,103347.6,50231.16,Credit Card,Yes
ORD03500,1060,Linda Martinez,Male,28,Chennai,2023/10/19,Home,Mixer,1,35815.21,0.02,35098.91,26623.68,8475.23,Net Banking,No
ORD03501,1041,Derek Stewart,Male,59,Bangalore,10-08-2024, Beauty ,Lipstick,4,17617.03,0.04,67649.4,47903.53,19745.87,Debit Card,No
ORD03502,1728,David Wong,Male,46,Hyderabad,26-05-2023,Fashion,Jeans,4,31650.16,,96216.49,72150.19,24066.3,Cash on Delivery,Yes
ORD03503,1371,John Vasquez,Female,21,Delhi,05-01-2024,Fashion,Jacket,3,31215.39,,74916.94,48846.83,,Net Banking,No
ORD03504,1077,Patricia Larson,Female,60,chennai,03-11-2024,Electronics,Smartwatch,2,49022.71,,88240.88,61376.97,26863.91,Debit Card,Yes
ORD03505,1525,Christina Bishop,Male,57,Bangalore,09-12-2023,Home,Vacuum Cleaner,4,44188.52,0.17,146705.89,101285.38,45420.51,CREDIT CARD,No
ORD03506,1625,Ashley Hill,Male,30,Hyderabad,10-01-2023,Electronics,Smartphone,1,33864.61,0.15,28784.92,21818.23,6966.69,UPI,No
ORD03507,1759,Mary Mitchell,Female,36,Delhi,15-08-2024,Beauty,Moisturizer,4,16586.35,0.19,53739.77,43142.82,10596.95,Net Banking,No
ORD03508,1281,Tony Branch,Female,41,Mumbai,06-11-2024,Fashion,Jeans,5,33605.66,0.29,119300.09,93592.0,25708.09,Credit Card,No
ORD03509,1416,Jennifer Macdonald,Male,25,pune,25-01-2023,Home,Vacuum Cleaner,1,17690.82,0.2,14152.66,12023.39,2129.27,Cash on Delivery,No
ORD03510,1222,William Patel,Female,34,Kolkata,26-12-2024,Beauty,Shampoo,1,18972.36,0.27,13849.82,10353.2,3496.62,Debit Card,No
ORD03511,1595,,,31,delhi,27-06-2024,Beauty,Lipstick,1,37269.09,0.03,36151.02,29769.18,6381.84,UPI,No
ORD03512,1315,Paul Cole,Female,30,chennai,16-02-2023,Home,Mixer,5,33000.41,0.22,128701.6,107360.03,21341.57,Credit Card,Yes
ORD03513,1579,Travis Barton,Male,21,Delhi,2023/12/28,Electronics,Tablet,5,40703.08,0.15,172988.09,130389.88,42598.21,Credit Card,Yes
ORD03514,1770,Connie Richard,Female,25,Hyderabad,18-02-2024,Fashion,Jacket,1,47798.86,0.21,37761.1,33793.99,3967.11,Debit Card,No
ORD03515,1225,Javier Allen,Male,42,kolkata,21-09-2023,Electronics,Tablet,3,21068.48,0.22,49300.24,36130.48,13169.76,Net Banking,No
ORD03516,1635,Laurie Brown,Male,40,Delhi,2023/05/20, Fashion ,Jeans,5,8671.97,0.05,41191.86,32550.88,,Credit Card,No
ORD03517,1255,Sheri Green,Male,33,Hyderabad,31-03-2024,Home,Chair,4,26088.36,0.18,85569.82,73688.35,11881.47,Cash on Delivery,No
ORD03518,1266,Sheryl Jackson,,31,Pune,23-09-2023,Fashion,T-Shirt,3,30824.79,0.29,65656.8,54209.18,11447.62,Cash on Delivery,No
ORD03519,1080,Mr. Thomas Garza,Female,59,Delhi,2024/08/04,Home,Mixer,4,12322.42,0.19,39924.64,31144.58,8780.06,UPI,No
ORD03520,1671,Steven Adams,Female,38,Mumbai,2023/07/04,Electronics,Tablet,4,2292.89,0.06,8621.27,6588.35,2032.92,Cash on Delivery,No
ORD03521,1159,Kelly Phillips,Male,58,Delhi,2023/11/14,Home,Chair,4,9813.34,0.05,37290.69,24975.22,12315.47,Cash on Delivery,No
ORD03522,1246,Laura Fuentes,Male,59,Delhi,25-05-2024,Home,Chair,2,42387.59,0.1,76297.66,62726.52,13571.14,UPI,Yes
ORD03523,1044,Jason Payne,Male,32,Pune,04-01-2024,Electronics,Laptop,3,34387.6,0.15,87688.38,55685.2,32003.18,Debit Card,No
ORD03524,1722,Sarah Carlson,Female,43,Mumbai,25-09-2023,Electronics,Tablet,3,14828.71,0.13,38702.93,27651.76,11051.17,Debit Card,Yes
ORD03525,1408,Emily Gonzalez,Female,57,Pune,2023/11/11,Fashion,T-Shirt,2,42304.73,0.09,76994.61,62514.39,14480.22,NET BANKING,Yes
ORD03526,1648,April Hall,Male,59,Kolkata,09-08-2023,Electronics,Tablet,1,32086.1,0.08,29519.21,20290.57,9228.64,NET BANKING,Yes
ORD03527,1263,Heather Arnold,Male,55,Kolkata,26-07-2024,Electronics,Headphones,1,37376.81,0.08,34386.67,23940.63,10446.04,Debit Card,Yes
ORD03528,1201,Alicia Gibbs,Male,39,Hyderabad,13-06-2023,Fashion,Jeans,1,28781.78,0.2,23025.42,14062.95,8962.47,Credit Card,No
ORD03529,1049,Richard Wood,Male,36,Mumbai,06-05-2024,Fashion,Jeans,1,41324.58,0.26,30580.19,26888.27,3691.92,Cash on Delivery,No
ORD03530,1276,Christine Bradford,Female,38,Delhi,13-05-2023,Fashion,Jeans,1,47824.77,0.09,43520.54,34316.26,9204.28,Cash on Delivery,No
ORD03531,1573,Gloria Sherman,Male,36,Delhi,17-10-2024,Beauty,Moisturizer,3,40543.27,0.25,91222.36,79935.92,11286.44,Debit Card,Yes
ORD03532,1517,Anthony Joyce,Male,20,Hyderabad,16-04-2024,Home,Desk,3,16916.44,,36539.51,24002.47,12537.04,Net Banking,No
ORD03533,1606,Robert Owens,Male,60,Chennai,24-03-2023,Home,Vacuum Cleaner,3,8629.68,0.03,25112.37,21101.49,,CREDIT CARD,Yes
ORD03534,1148,Daniel Baker,,34,Kolkata,2024/04/16,Fashion,Sneakers,3,35748.81,0.12,94376.86,76855.48,17521.38,UPI,Yes
ORD03535,1345,William Huffman Jr.,Male,53,Bangalore,08-12-2023,Fashion,Jacket,4,5192.51,0.23,15992.93,10884.6,5108.33,Cash on Delivery,Yes
ORD03536,1119,Matthew Williams,Male,59,Hyderabad,29-01-2024,Fashion,T-Shirt,3,24973.0,0.22,58436.82,52004.16,6432.66,Net Banking,Yes
ORD03537,1661,Zachary Williams,Male,43,mumbai,24-09-2024,Electronics,Tablet,1,30459.81,0.18,24977.04,20578.64,,NET BANKING,No
ORD03538,1142,Ashley Bean,Female,56,Kolkata,2023/05/01,Beauty,Shampoo,5,374.47,0.21,1479.16,1272.16,207.0,Credit Card,No
ORD03539,1078,Christopher Powell,Female,54,Delhi,15-02-2023,Beauty,Shampoo,2,29318.01,0.2,46908.82,36586.53,10322.29,Net Banking,No
ORD03540,1110,Zachary Edwards,Female,18,Chennai,09-12-2023,Beauty,Face Wash,3,37747.51,0.19,91726.45,65024.35,26702.1,UPI,No
ORD03541,1377,Kenneth Ramos,Female,31,Bangalore,2024/08/23,Home,Lamp,2,37219.88,0.03,72206.57,47164.71,25041.86,Debit Card,Yes
ORD03542,1056,Henry Taylor,Female,45,Chennai,01-04-2024,Fashion,T-Shirt,3,45052.09,0.09,122992.21,76668.53,46323.68,Credit Card,No
ORD03543,1632,Mark Mosley,Male,19,Bangalore,18-12-2024,Beauty,Perfume,4,12025.71,0.07,44735.64,34090.44,10645.2,Cash on Delivery,Yes
ORD03544,1800,Michael Evans,Male,39,Delhi,17-10-2024,Fashion,T-Shirt,5,28250.62,0.08,129952.85,103549.5,26403.35,Net Banking,Yes
ORD03545,1331,Jeffrey Gordon,Male,38,Mumbai,28-01-2024,Electronics,Laptop,1,35227.4,0.04,33818.3,25293.28,8525.02,Credit Card,No
ORD03546,1174,Craig Cain,Male,51,Pune,2024/04/15,Fashion,T-Shirt,1,39604.41,,29703.31,25704.15,3999.16,CASH ON DELIVERY,No
ORD03547,1354,Stephen Alexander,Male,51,Bangalore,10-05-2023,Home,Mixer,1,34824.77,0.2,27859.82,18182.96,9676.86,Debit Card,Yes
ORD03548,1171,Matthew Shaw,Female,27,Chennai,22-10-2024,Beauty,Lipstick,3,8077.2,0.13,21081.49,16167.97,4913.52,Cash on Delivery,No
ORD03549,1382,Rachel Perkins,Female,42,Pune,2024/05/05,Electronics,Headphones,3,37010.9,0.25,83274.53,57116.58,26157.95,Debit Card,No
ORD03550,1120,Martin Harris,Male,25,Kolkata,23-04-2023,Beauty,Lipstick,3,31044.17,0.0,93132.51,69681.44,23451.07,Credit Card,Yes
ORD03551,1705,John Fox,Male,22,,2024/09/12,Fashion,Sneakers,3,6172.64,,13147.72,10899.03,2248.69,Net Banking,Yes
ORD03552,1328,John Mcclure,Female,58,Hyderabad,18-02-2024,Fashion,T-Shirt,2,40179.44,0.1,72322.99,47605.74,24717.25,Cash on Delivery,Yes
ORD03553,1378,Anthony Bass,Male,58,Mumbai,2024/11/23,Electronics,Smartphone,4,40620.09,0.18,133233.9,114578.96,18654.94,UPI,No
ORD03554,1627,Michael Robinson,Male,55,Mumbai,13-12-2024,Home,Lamp,3,12684.59,0.1,34248.39,21661.46,12586.93,Net Banking,No
ORD03555,1129,William Hurley,,46,Hyderabad,31-05-2024,Electronics,Smartwatch,5,31809.38,0.17,132008.93,116094.93,15914.0,UPI,No
ORD03556,1424,Monica Nguyen,Female,22,Bangalore,05-07-2024,Electronics,Laptop,2,2137.86,0.1,3848.15,3443.91,404.24,Credit Card,No
ORD03557,1317,William Jacobs,Male,37,Chennai,26-03-2024,Electronics,Headphones,5,45304.11,0.15,192542.47,126217.03,66325.44,Net Banking,No
ORD03558,1118,Brandon Blanchard,Male,51,Bangalore,2024/05/22,Electronics,Tablet,4,49257.01,0.06,185206.36,161643.81,23562.55,Credit Card,No
ORD03559,1110,Maria Duncan,Male,33,Hyderabad,28-10-2023,Fashion,Sneakers,5,7494.33,0.19,30352.04,20170.53,10181.51,Cash on Delivery,No
ORD03560,1322,Anna Scott,Female,35,Chennai,11-07-2023,Home,Mixer,1,47994.18,0.22,37435.46,26725.83,10709.63,Debit Card,No
ORD03561,1684,Regina Fisher,Male,57,Delhi,13-08-2024,Fashion,Jacket,4,17144.31,0.22,53490.25,32522.11,20968.14,Net Banking,No
ORD03562,1448,Kathleen Crawford,Female,59,Delhi,05-07-2023,Fashion,Jeans,3,5023.47,0.25,11302.81,8916.12,2386.69,Net Banking,Yes
ORD03563,1323,Angela Lynch,Female,59,Pune,2024/11/20, Home ,Mixer,5,47116.39,0.21,186109.74,163510.95,22598.79,Net Banking,Yes
ORD03564,1631,Paula Ruiz,Female,59,Hyderabad,2024/12/24,Electronics,Tablet,3,6344.7,0.02,18653.42,14857.94,3795.48,Debit Card,Yes
ORD03565,1020,Heidi Johnston,Male,48,Bangalore,28-05-2023,Electronics,Tablet,5,46587.9,0.28,167716.44,137307.85,30408.59,Debit Card,Yes
ORD03566,1044,Dale Brown,Female,57,,2024/07/12,Electronics,Laptop,1,44289.05,0.13,38531.47,29478.33,9053.14,Net Banking,No
ORD03567,1634,Robert Henson,Male,34,Pune,17-05-2023,Beauty,Lipstick,5,12284.35,0.11,54665.36,43257.44,11407.92,Cash on Delivery,Yes
ORD03568,1725,Brandi Bryant,Female,28,Delhi,21-11-2024,Fashion,Dress,2,35039.99,0.12,61670.38,41495.53,20174.85,Credit Card,No
ORD03569,1213,Susan Moore,Male,37,Hyderabad,2024/01/01,Home,Vacuum Cleaner,2,43672.71,0.17,72496.7,49213.79,23282.91,Credit Card,No
ORD03570,1128,Gregory Taylor,Male,29,Delhi,2023/03/21,Beauty,Shampoo,2,11148.11,0.26,16499.2,11373.23,5125.97,Credit Card,Yes
ORD03571,1256,Daniel Mckenzie,Female,49,Pune,28-11-2023,Fashion,T-Shirt,3,39807.55,0.09,108674.61,82077.37,26597.24,Credit Card,No
ORD03572,1307,Ryan Warren,Female,47,,27-08-2024, Beauty ,Perfume,2,9512.97,0.17,15791.53,10016.18,5775.35,Debit Card,Yes
ORD03573,1517,Tonya Winters,Male,31,Delhi,14-07-2024,Electronics,Headphones,3,8715.25,0.15,22223.89,19870.73,2353.16,Credit Card,No
ORD03574,1569,George Kim,Male,41,Kolkata,06-11-2024,Home,Mixer,1,25868.82,0.28,18625.55,12252.04,6373.51,Credit Card,No
ORD03575,1085,John Young,Female,43,Bangalore,21-03-2023, Electronics ,Laptop,3,28917.18,0.06,81546.45,59740.67,21805.78,UPI,No
ORD03576,1106,Susan Gay,Male,34,,2023/06/18,Fashion,T-Shirt,3,42822.87,0.15,109198.32,91769.86,,UPI,Yes
ORD03577,1458,Amy Sanchez,Male,31,Chennai,25-02-2023,Beauty,Shampoo,2,49144.75,0.17,81580.28,58542.0,23038.28,Net Banking,No
ORD03578,1142,Mrs. Carol Rocha,Male,36,Pune,13-06-2023,Fashion,Dress,2,23514.03,0.17,39033.29,28115.59,10917.7,Cash on Delivery,No
ORD03579,1775,Lance Castro,Male,19,hyderabad,22-08-2024, Electronics ,Laptop,1,11351.07,0.08,10442.98,8515.6,1927.38,Cash on Delivery,No
ORD03580,1094,Felicia Hanson,Male,19,Delhi,15-12-2024,Home,Lamp,2,10322.31,0.07,19199.5,13069.58,6129.92,Cash on Delivery,No
ORD03581,1137,Ashley Lopez,Male,48,Delhi,26-03-2023,Beauty,Perfume,4,21458.94,0.25,64376.82,50760.87,13615.95,Net Banking,No
ORD03582,1292,Nancy Jones,Female,56,Bangalore,2024/05/18,Fashion,Jeans,3,48390.3,0.18,119040.14,81796.18,37243.96,Debit Card,No
ORD03583,1224,Emily Reyes MD,Male,51,Mumbai,16-05-2023,Beauty,Lipstick,1,1467.63,0.05,1394.25,1079.36,314.89,UPI,No
ORD03584,1090,Jennifer Wright,Female,34,mumbai,2023/04/23,Fashion,Jeans,2,17095.75,0.02,33507.67,24752.53,8755.14,Net Banking,Yes
ORD03585,1460,Willie Blackburn,Female,57,,20-09-2023,Home,Lamp,4,34088.83,0.22,106357.15,80666.37,25690.78,Credit Card,No
ORD03586,1547,Beth Perry,Male,26,Chennai,2023/01/06, Beauty ,Shampoo,2,19228.0,0.03,37302.32,25287.25,12015.07,Cash on Delivery,Yes
ORD03587,1195,Cindy Johnson,Male,24,Kolkata,19-01-2023,Fashion,T-Shirt,3,38132.06,0.29,81221.29,63646.99,17574.3,Debit Card,Yes
ORD03588,1594,John Salazar,,45,Delhi,22-10-2023,Home,Lamp,1,24757.28,0.18,20300.97,14484.87,5816.1,Debit Card,No
ORD03589,1298,Christina Marshall,Male,58,Mumbai,14-03-2023,Electronics,Laptop,2,17641.71,0.1,31755.08,22164.77,9590.31,Debit Card,Yes
ORD03590,1474,John Lloyd,Male,55,Bangalore,18-01-2023,Beauty,Shampoo,1,36921.99,0.02,36183.55,32184.82,3998.73,Cash on Delivery,No
ORD03591,1022,Charles Evans,Male,58,delhi,2023/11/11,Beauty,Moisturizer,1,9012.67,0.17,7480.52,5887.01,1593.51,Cash on Delivery,Yes
ORD03592,1270,Michelle Walker,Female,31,Chennai,2023/05/18,Beauty,Lipstick,4,6930.26,0.14,23840.09,19432.08,4408.01,UPI,No
ORD03593,1503,Daniel Moore,Female,39,Pune,2023/02/22,Fashion,T-Shirt,2,42691.32,0.15,72575.24,43738.23,28837.01,Net Banking,No
ORD03594,1042,Johnathan Williams,Male,52,Delhi,28-07-2023,Home,Chair,3,9783.25,0.17,24360.29,18742.42,5617.87,Credit Card,No
ORD03595,1317,Megan Taylor,Female,59,Bangalore,27-05-2024,Fashion,Sneakers,2,44560.18,0.13,77534.71,66527.88,11006.83,Debit Card,No
ORD03596,1325,Jeffrey Gay,Male,42,Pune,2023/01/11,Fashion,Jacket,2,15636.53,0.05,29709.41,25704.81,4004.6,Cash on Delivery,Yes
ORD03597,1437,Jason Hood,Female,45,Mumbai,18-04-2024,Fashion,Dress,2,30800.07,0.15,52360.12,39133.74,13226.38,UPI,Yes
ORD03598,1451,Joshua Moses,Male,22,Delhi,24-07-2023,Beauty,Face Wash,3,35600.39,0.17,88644.97,74384.1,14260.87,Net Banking,No
ORD03599,1735,Logan Newman,Male,59,Mumbai,26-05-2024,Electronics,Laptop,4,5434.2,0.15,18476.28,15163.61,3312.67,CASH ON DELIVERY,No
ORD03600,1464,Mr. Zachary Lopez,Female,20,Chennai,19-10-2023,Home,Chair,5,11027.27,0.22,43006.35,36930.59,6075.76,UPI,No
ORD03601,1285,Daniel Pierce,Female,49,Hyderabad,04-04-2023,Beauty,Face Wash,5,39133.59,0.01,193711.27,141625.41,52085.86,Cash on Delivery,No
ORD03602,1237,Michael Taylor,Male,58,Delhi,11-01-2024,Beauty,Moisturizer,5,2024.11,0.21,7995.23,5655.03,2340.2,Credit Card,No
ORD03603,1740,Kristen Hutchinson,Female,38,Kolkata,24-12-2024,Fashion,Sneakers,1,5952.07,0.21,4702.14,4227.96,474.18,UPI,No
ORD03604,1447,Stephen Robinson,Male,57,Mumbai,06-08-2023,Fashion,Jacket,2,13124.25,0.06,24673.59,19245.47,5428.12,Cash on Delivery,No
ORD03605,1139,Timothy Wilson MD,Male,57,delhi,27-07-2024,Fashion,Dress,4,48780.62,0.02,191220.03,153433.58,37786.45,Cash on Delivery,No
ORD03606,1155,Jennifer Acosta,Female,35,Delhi,2023/03/13,Fashion,T-Shirt,3,5478.09,0.11,14626.5,12330.28,2296.22,UPI,No
ORD03607,1114,Kenneth Johnson,Female,44,Pune,07-02-2024,Home,Vacuum Cleaner,3,34560.73,0.26,76724.82,54071.63,22653.19,Credit Card,No
ORD03608,1239,Andrew Aguilar PhD,Male,31,Bangalore,29-03-2024,Electronics,Headphones,2,9178.53,0.23,14134.94,11006.26,3128.68,UPI,No
ORD03609,1002,Courtney Chavez,Female,51,Mumbai,21-06-2024,Home,Desk,4,38145.95,0.17,126644.55,111624.52,15020.03,Credit Card,Yes
ORD03610,1583,Alexandra Welch,Female,22,Mumbai,23-05-2023,Home,Lamp,1,669.82,,636.33,411.2,225.13,UPI,No
ORD03611,1365,Robert Sullivan,Female,18,Kolkata,21-02-2024,Electronics,Laptop,4,33401.46,0.3,93524.09,60537.07,32987.02,Net Banking,No
ORD03612,1188,Jeff Smith,Female,41,Hyderabad,12-05-2024,Beauty,Moisturizer,2,41026.43,0.28,59078.06,51542.89,7535.17,Net Banking,No
ORD03613,1081,Michele Lee,Male,52,Hyderabad,06-01-2024,Electronics,Headphones,3,9403.48,0.29,20029.41,12719.78,7309.63,Net Banking,No
ORD03614,1237,Anna Martin,Female,20,Delhi,2023/12/02,Electronics,Smartwatch,1,9963.85,0.17,8270.0,5381.8,2888.2,Net Banking,No
ORD03615,1573,Allison Martinez,Male,52,Pune,07-01-2023,Electronics,Smartphone,2,26895.88,0.28,38730.07,28170.24,10559.83,UPI,No
ORD03616,1283,Mr. Brad Gray MD,Male,25,Bangalore,20-04-2024,Electronics,Laptop,4,16001.49,0.09,58245.42,41748.29,16497.13,Credit Card,Yes
ORD03617,1661,Taylor Bell,Female,48,Bangalore,29-07-2024, Fashion ,Sneakers,3,13716.91,0.18,33743.6,27116.06,6627.54,Credit Card,No
ORD03618,1792,John Kelly,Male,31,Kolkata,04-10-2023,Beauty,Shampoo,3,14282.53,0.12,37705.88,29710.54,7995.34,Cash on Delivery,No
ORD03619,1454,Glenn Hall,Male,21,Hyderabad,05-06-2024,Fashion,Jeans,4,16179.16,0.19,52420.48,46927.07,5493.41,Credit Card,No
ORD03620,1782,Wendy Hunt,Female,55,Delhi,28-07-2024,Fashion,Jacket,3,45709.17,0.16,115187.11,74676.7,40510.41,Credit Card,No
ORD03621,1612,Jessica Russell,Female,34,Bangalore,2024/05/19, Fashion ,T-Shirt,1,47677.49,0.01,47200.72,41089.33,6111.39,Net Banking,No
ORD03622,1136,Roy Gonzales,Female,46,Chennai,03-02-2023,Electronics,Smartwatch,4,44256.77,0.19,143391.93,105344.17,38047.76,DEBIT CARD,No
ORD03623,1164,,Female,24,Kolkata,17-08-2024,Fashion,Sneakers,2,19694.69,0.0,39389.38,25628.3,13761.08,UPI,Yes
ORD03624,1274,Ashley Peterson,Female,29,Delhi,24-10-2023,Home,Vacuum Cleaner,2,3536.08,0.1,127298.79999999999,4144.75,2220.19,UPI,No
ORD03625,1380,Wesley Hopkins,Female,42,Bangalore,2024/01/11,Home,Chair,3,16887.03,0.24,38502.43,31535.88,6966.55,Cash on Delivery,Yes
ORD03626,1238,Douglas Guzman,Male,54,Mumbai,22-04-2023,Electronics,Headphones,5,24360.14,0.1,109620.63,95184.09,14436.54,UPI,No
ORD03627,1320,,Male,53,Chennai,05-09-2024,Home,Desk,2,7226.29,0.02,14163.53,8584.83,5578.7,Cash on Delivery,No
ORD03628,1560,Erica Mack,Male,50,Delhi,14-12-2024,Electronics,Smartphone,2,48102.22,0.02,94280.35,58733.84,35546.51,Debit Card,Yes
ORD03629,1548,Samuel Adams,Female,49,Hyderabad,22-04-2024, Home ,Mixer,1,9453.73,0.08,8697.43,7543.26,1154.17,UPI,Yes
ORD03630,1654,Natalie Wyatt,Female,43,Bangalore,11-09-2024,Home,Vacuum Cleaner,1,23751.55,0.08,21851.43,14424.69,7426.74,UPI,No
ORD03631,1500,Nicholas Meyer,Male,49,Pune,03-03-2024,Fashion,Dress,2,37786.1,0.19,61213.48,50110.4,,Net Banking,Yes
ORD03632,1357,Kara Smith,Male,21,hyderabad,15-10-2023,Fashion,Sneakers,5,41396.52,0.1,186284.34,118318.41,67965.93,DEBIT CARD,No
ORD03633,1561,Ronald Woods,Female,22,Bangalore,01-03-2024,Home,Vacuum Cleaner,4,38522.87,,121732.27,74890.95,46841.32,Debit Card,Yes
ORD03634,1557,Trevor Perez,Female,42,Hyderabad,2023/06/27,Electronics,Tablet,2,36128.05,0.18,59250.0,47269.8,11980.2,Cash on Delivery,No
ORD03635,1200,James Gill,Female,46,Chennai,2023/01/08,Electronics,Tablet,2,42469.73,0.27,62005.81,48444.88,13560.93,Credit Card,No
ORD03636,1750,Richard Torres,Male,44,Chennai,01-02-2024,Beauty,Moisturizer,3,45690.26,0.21,108285.92,96766.52,11519.4,CREDIT CARD,No
ORD03637,1514,Todd Hobbs,Female,20,Kolkata,06-11-2024,Electronics,Smartwatch,1,45352.71,0.25,34014.53,25643.75,8370.78,Debit Card,Yes
ORD03638,1231,Mrs. Alexa Munoz,Female,38,Bangalore,28-01-2023, Fashion ,Jacket,2,41224.96,0.22,64310.94,49890.3,14420.64,Credit Card,No
ORD03639,1171,Christopher Chung,Female,20,hyderabad,17-01-2023,Beauty,Moisturizer,1,4731.54,0.19,3832.55,2806.31,1026.24,Cash on Delivery,No
ORD03640,1714,Roger Galloway,Male,59,Mumbai,11-09-2023,Home,Mixer,4,44819.66,0.09,163143.56,122483.8,40659.76,Debit Card,No
ORD03641,1004,Phillip Jackson,Female,39,Kolkata,2023/04/02, Electronics ,Smartwatch,4,45296.54,0.09,164879.41,147817.82,17061.59,Debit Card,No
ORD03642,1287,Christopher Johnson,Male,48,Pune,13-12-2023,Fashion,Sneakers,2,5350.39,0.01,10593.77,9375.76,1218.01,Net Banking,No
ORD03643,1407,James Robbins,Male,49,Kolkata,14-12-2023,Electronics,Headphones,5,1301.05,0.21,5139.15,3227.71,1911.44,Credit Card,No
ORD03644,1404,Sylvia Daniels,Male,23,Chennai,19-01-2024,Beauty,Shampoo,4,28075.82,0.15,95457.79,61414.6,34043.19,UPI,No
ORD03645,1177,Glenn Thomas,Male,58,mumbai,26-11-2023,Fashion,Sneakers,1,49095.46,0.29,34857.78,25391.64,9466.14,Cash on Delivery,No
ORD03646,1490,Ian White,Male,25,,2023/03/29,Home,Mixer,2,37495.93,0.14,64493.0,54772.86,9720.14,Cash on Delivery,No
ORD03647,1284,Stephen Lara,Female,40,Kolkata,2023/01/14,Fashion,Dress,4,44764.92,0.26,132504.16,97148.44,35355.72,Cash on Delivery,No
ORD03648,1279,Christina Jenkins,Female,40,Kolkata,21-02-2024,Beauty,Face Wash,5,43132.1,0.05,204877.47,142195.47,62682.0,Cash on Delivery,No
ORD03649,1416,Ethan Lopez,Female,52,Kolkata,16-01-2023,Fashion,Dress,4,20999.18,0.24,63837.51,52384.72,11452.79,Debit Card,No
ORD03650,1746,Ethan Thomas,Male,59,Delhi,30-01-2023,Beauty,Shampoo,2,29374.82,0.26,43474.73,36553.52,6921.21,Net Banking,Yes
ORD03651,1014,Nathan Perez,Female,43,Mumbai,2024/09/14,Home,Mixer,3,4678.17,0.11,12490.71,9730.64,,Cash on Delivery,No
ORD03652,1093,Sharon Vasquez MD,Female,44,Pune,2023/11/26,Home,Lamp,2,39148.73,0.18,64203.92,46524.07,17679.85,UPI,Yes
ORD03653,1713,Haley Reeves,Female,58,Delhi,2023/10/13,Electronics,Smartphone,3,41065.29,0.12,108412.37,88025.15,20387.22,Cash on Delivery,No
ORD03654,1159,Erika Shelton,Female,33,Chennai,24-01-2023,Beauty,Perfume,3,43235.74,0.22,101171.63,83255.85,17915.78,Credit Card,Yes
ORD03655,1455,Andrea Nelson,Male,27,Bangalore,08-09-2023,Fashion,Sneakers,2,41428.34,0.08,76228.15,58138.24,18089.91,Net Banking,Yes
ORD03656,1112,Taylor Harmon,Female,29,Kolkata,30-09-2024,Home,Lamp,2,48029.6,0.0,96059.2,67963.17,28096.03,Cash on Delivery,No
ORD03657,1305,William Rivera,Male,55,Mumbai,21-01-2023,Fashion,Sneakers,4,25040.65,0.22,78126.83,62716.06,15410.77,Cash on Delivery,No
ORD03658,1030,Amanda Garrett,Female,39,bangalore,22-03-2023,Beauty,Perfume,2,28628.01,0.13,49812.74,41051.9,8760.84,Debit Card,No
ORD03659,1285,Shannon Holland,Male,35,Mumbai,09-09-2023,Fashion,Dress,5,17307.53,0.24,65768.61,47471.51,18297.1,Cash on Delivery,No
ORD03660,1127,Amy Solomon,Male,22,Delhi,07-08-2023,Fashion,Sneakers,2,13735.71,0.18,22526.56,20084.99,2441.57,Debit Card,Yes
ORD03661,1426,Anna Barker,Female,32,Bangalore,09-04-2023,Electronics,Smartphone,3,31323.51,0.1,84573.48,66002.6,18570.88,Net Banking,Yes
ORD03662,1784,Sabrina Walls,Female,30,Chennai,14-03-2024,Electronics,Headphones,3,47550.9,0.11,126960.9,108364.79,18596.11,Debit Card,No
ORD03663,1097,Robert Mullins,Female,25,Kolkata,19-12-2023,Electronics,Smartwatch,5,11977.01,0.0,59885.05,41019.35,18865.7,Cash on Delivery,No
ORD03664,1470,Matthew Miller,Male,44,Chennai,2024/11/07,Home,Chair,5,45275.44,0.12,199211.94,126354.16,72857.78,Cash on Delivery,Yes
ORD03665,1020,Omar Hodge,Female,41,Bangalore,12-07-2024,Beauty,Perfume,4,2992.06,0.02,11728.88,9611.01,2117.87,Net Banking,No
ORD03666,1399,William Moore,Female,34,Delhi,30-01-2024,Fashion,T-Shirt,2,44252.81,0.08,81425.17,65344.65,16080.52,UPI,Yes
ORD03667,1706,Eric West,Female,45,Pune,29-11-2023,Beauty,Lipstick,1,10967.58,0.01,10857.9,9039.92,1817.98,UPI,No
ORD03668,1157,Christopher Nguyen,Female,57,Chennai,16-09-2023,Beauty,Shampoo,4,5150.37,0.09,18747.35,12199.69,6547.66,Cash on Delivery,Yes
ORD03669,1307,Jill Wolf,Female,30,Hyderabad,16-02-2024,Beauty,Moisturizer,1,1717.68,0.21,1356.97,915.88,441.09,Debit Card,Yes
ORD03670,1358,Steven Lee,Female,49,hyderabad,16-03-2024,Fashion,Jeans,1,32220.11,0.11,28675.9,24911.82,3764.08,Credit Card,No
ORD03671,1303,Christina Owens,Female,48,Bangalore,04-11-2024,Fashion,T-Shirt,5,276.29,0.06,1298.56,995.88,302.68,CASH ON DELIVERY,No
ORD03672,1574,Sherri Oneill,Male,22,Delhi,2024/12/12,Beauty,Face Wash,4,753.26,0.28,2169.39,1716.62,452.77,Credit Card,No
ORD03673,1758,Robin Mendoza,Male,41,kolkata,2024/08/08,Fashion,Jeans,2,8066.23,0.05,15325.84,13715.6,1610.24,Credit Card,Yes
ORD03674,1658,John Berry,Male,28,Bangalore,22-08-2024,Electronics,Laptop,2,3809.11,0.1,6856.4,4149.3,2707.1,Debit Card,No
ORD03675,1254,William Jordan,Male,34,Hyderabad,17-03-2024,Home,Mixer,5,46367.43,0.23,178514.61,136761.17,41753.44,Net Banking,No
ORD03676,1362,Allison Preston,Female,55,chennai,14-09-2024,Fashion,Dress,2,47175.2,0.09,85858.86,54650.52,31208.34,Debit Card,Yes
ORD03677,1770,Jason Chapman,Male,32,Hyderabad,02-11-2024,Beauty,Perfume,5,33465.76,0.29,118803.45,90280.77,28522.68,Net Banking,No
ORD03678,1384,Eric Gutierrez,Male,45,Chennai,2023/09/29,Beauty,Lipstick,2,17453.8,0.04,33511.3,27517.35,5993.95,Cash on Delivery,No
ORD03679,1372,Dr. Vanessa Smith,Female,51,Hyderabad,28-05-2023,Fashion,Sneakers,5,44179.27,0.04,212060.5,136652.77,75407.73,Debit Card,Yes
ORD03680,1001,Sharon Liu,Female,22,Kolkata,08-10-2024,Fashion,Jacket,3,16421.54,0.11,43845.51,38539.46,5306.05,Credit Card,No
ORD03681,1047,Mark Alexander,Male,53,Hyderabad,2023/08/31,Beauty,Shampoo,3,38205.3,0.02,112323.58,100689.9,11633.68,Net Banking,Yes
ORD03682,1410,Daniel Decker,Male,22,Mumbai,24-01-2024,Electronics,Tablet,1,39822.59,0.16,33450.98,28274.33,5176.65,Credit Card,No
ORD03683,1744,Robert Lam,Male,44,Delhi,14-03-2024,Electronics,Smartphone,5,9457.96,0.22,36886.04,26179.76,10706.28,Credit Card,Yes
ORD03684,1328,William Robbins,Female,26,,07-03-2023,Beauty,Perfume,5,11954.75,0.12,52600.9,40619.64,11981.26,UPI,Yes
ORD03685,1586,Mrs. Crystal Evans,Male,35,Kolkata,02-01-2024, Beauty ,Lipstick,5,25614.43,0.01,126791.43,83508.09,43283.34,Cash on Delivery,No
ORD03686,1398,Christopher Callahan,Male,47,Delhi,25-12-2023,Beauty,Shampoo,2,12700.57,0.16,21336.96,18174.61,3162.35,Credit Card,No
ORD03687,1477,Mary Fischer,Male,19,Kolkata,25-07-2024,Home,Lamp,1,46215.23,0.2,36972.18,28959.05,8013.13,Credit Card,No
ORD03688,1066,Rachel Cortez,Male,60,Bangalore,2023/02/23, Fashion ,Sneakers,5,5164.02,0.18,21172.48,18225.03,2947.45,UPI,No
ORD03689,1209,Monique West,Female,18,Chennai,2023/08/10,Home,Chair,1,5884.58,0.28,4236.9,2724.57,1512.33,Cash on Delivery,No
ORD03690,1335,Mary Castillo,Male,33,Hyderabad,2024/04/29,Home,Vacuum Cleaner,5,49379.86,0.14,212333.4,149958.49,62374.91,Debit Card,Yes
ORD03691,1592,Stephanie Pollard,Female,52,Delhi,2024/06/08,Home,Mixer,1,43982.98,0.06,41344.0,31186.57,10157.43,Net Banking,Yes
ORD03692,1066,Rebecca Hunter,Male,36,kolkata,02-11-2023,Electronics,Smartwatch,1,46280.33,0.25,34710.25,30491.54,4218.71,UPI,No
ORD03693,1136,Daniel Schultz,Female,54,chennai,26-03-2023,Electronics,Tablet,2,30451.71,0.27,44459.5,38044.61,6414.89,Credit Card,Yes
ORD03694,1279,Michael Hill,Male,36,Bangalore,24-03-2024,Beauty,Shampoo,4,14737.0,0.21,46568.92,32939.5,13629.42,Credit Card,No
ORD03695,1024,,Male,40,,26-03-2024,Fashion,Sneakers,4,26313.83,0.27,76836.38,54677.4,22158.98,Net Banking,No
ORD03696,1046,Kimberly Williams,Female,38,Chennai,18-09-2023,Electronics,Laptop,3,8594.09,0.02,25266.62,19290.96,5975.66,Credit Card,No
ORD03697,1100,Brad Randolph,Male,41,Kolkata,09-07-2023,Fashion,Sneakers,3,48310.5,0.27,105799.99,72437.07,33362.92,UPI,No
ORD03698,1289,Keith Davis,Female,21,kolkata,13-08-2024,Electronics,Smartwatch,4,18355.37,0.05,69750.41,61790.48,,Cash on Delivery,No
ORD03699,1177,James Graham,Male,48,mumbai,11-02-2023,Home,Lamp,2,20432.18,0.28,29422.34,22421.76,7000.58,Credit Card,No
ORD03700,1240,Christopher Harrell,Male,22,Mumbai,19-03-2024,Home,Chair,5,11844.54,0.01,58630.47,44283.12,14347.35,Net Banking,No
ORD03701,1034,Tracy Daniels,Female,44,Delhi,2024/06/03,Fashion,Jacket,2,26992.26,0.08,49665.76,30137.46,19528.3,UPI,No
ORD03702,1765,Matthew Black,Male,38,Bangalore,2023/07/02,Fashion,Jacket,5,41493.28,0.07,192943.75,145497.62,,Debit Card,No
ORD03703,1206,Jesus Holt,Female,32,Mumbai,21-08-2023,Electronics,Laptop,2,48694.59,0.19,78885.24,48388.76,30496.48,UPI,Yes
ORD03704,1054,Donald Campbell,Female,22,Mumbai,04-09-2024,Electronics,Headphones,1,32866.36,0.28,23663.78,14899.37,8764.41,Net Banking,Yes
ORD03705,1178,,Male,25,bangalore,30-09-2024,Fashion,Jeans,4,26622.72,0.05,101166.34,89042.17,12124.17,Net Banking,Yes
ORD03706,1012,Timothy Richardson,Male,51,Chennai,2024/03/03,Home,Vacuum Cleaner,2,10688.47,0.19,17315.32,12004.86,5310.46,Net Banking,No
ORD03707,1011,Melissa Hamilton,Female,34,Bangalore,14-10-2023,Beauty,Lipstick,3,25819.88,0.28,55770.94,34532.24,21238.7,UPI,No
ORD03708,1148,Amanda Briggs,Female,56,Kolkata,07-11-2024,Home,Mixer,4,40899.48,0.03,158689.98,129761.51,28928.47,Credit Card,No
ORD03709,1009,Marc Wagner,Male,22,Pune,2023/09/25,Beauty,Moisturizer,1,28584.54,0.22,22295.94,15257.99,7037.95,Credit Card,No
ORD03710,1117,James Hodges,Male,24,Mumbai,2023/04/16,Fashion,Jeans,3,599.94,0.09,1637.84,1275.18,362.66,Credit Card,Yes
ORD03711,1361,Juan Blair MD,Male,55,,03-08-2023,Beauty,Perfume,3,34835.79,0.05,99282.0,69005.62,,Net Banking,No
ORD03712,1708,Roger Fields,Female,35,Chennai,11-08-2024,Home,Vacuum Cleaner,4,2821.5,0.08,10383.12,9218.66,1164.46,Credit Card,No
ORD03713,1170,Keith Vaughn,Male,22,Bangalore,12-06-2023,Home,Vacuum Cleaner,4,41706.73,0.25,125120.19,84048.56,41071.63,Cash on Delivery,No
ORD03714,1663,Shannon Davis,Male,42,Delhi,2024/07/24,Fashion,Sneakers,5,5795.69,0.08,26660.17,18654.57,8005.6,Net Banking,No
ORD03715,1613,Morgan Welch,Male,59,Delhi,23-07-2024,Fashion,Sneakers,3,23880.62,0.02,70209.02,61616.74,,Net Banking,No
ORD03716,1247,Mark Castillo,Female,42,Pune,2023/04/05,Beauty,Face Wash,1,5812.7,0.27,4243.27,3122.41,1120.86,Credit Card,No
ORD03717,1484,Amanda Brown,Male,22,Delhi,05-12-2024,Fashion,Sneakers,4,40129.96,0.18,131626.27,80802.47,50823.8,UPI,Yes
ORD03718,1316,Bruce Cole,Male,31,Bangalore,05-02-2024,Home,Desk,2,43492.07,0.26,64368.26,46477.96,17890.3,Debit Card,Yes
ORD03719,1024,Amanda Cooley,Female,38,Kolkata,08-05-2024,Home,Vacuum Cleaner,5,28400.53,0.16,119282.23,73522.67,45759.56,Credit Card,No
ORD03720,1108,Megan Jimenez,Male,25,Hyderabad,2024/04/13,Fashion,Sneakers,5,32924.16,0.01,162974.59,143640.82,19333.77,Credit Card,Yes
ORD03721,1384,Michelle Davidson,Male,51,Kolkata,29-02-2024,Beauty,Lipstick,3,47470.42,0.12,125321.91,94007.58,31314.33,Cash on Delivery,No
ORD03722,1789,Ann Greene,Female,27,Chennai,11-01-2024,Electronics,Headphones,1,18919.25,0.03,18351.67,13306.17,5045.5,UPI,No
ORD03723,1786,,Male,44,Delhi,21-03-2023,Fashion,Jeans,3,9820.43,0.17,24452.87,20196.64,4256.23,Cash on Delivery,Yes
ORD03724,1549,Jon Pierce,Male,42,Kolkata,25-05-2023,Beauty,Lipstick,1,4963.21,0.19,4020.2,3588.0,432.2,Credit Card,No
ORD03725,1209,Travis Williams,Male,39,Kolkata,2024/03/08,Electronics,Smartphone,5,21986.43,0.03,106634.19,94007.47,12626.72,Credit Card,No
ORD03726,1413,George Williams,Male,32,,09-11-2023, Electronics ,Smartphone,2,21536.65,0.08,39627.44,28946.31,10681.13,Net Banking,Yes
ORD03727,1117,Travis Lee,,31,Kolkata,19-12-2023,Beauty,Lipstick,1,12379.95,0.19,10027.76,7745.04,2282.72,UPI,Yes
ORD03728,1327,Shawn Gordon,,39,Delhi,22-11-2023,Beauty,Moisturizer,1,12725.14,0.09,11579.88,9428.4,2151.48,UPI,Yes
ORD03729,1206,Kayla Alvarez,Male,52,nan,2023/03/17,Beauty,Lipstick,3,2281.51,0.14,5886.3,5029.7,856.6,Cash on Delivery,Yes
ORD03730,1717,Brenda Franco,Male,53,chennai,28-08-2024,Home,Lamp,3,32530.49,0.0,97591.47,70834.58,26756.89,Net Banking,No
ORD03731,1213,Christopher Henry,Female,52,Bangalore,06-12-2024,Beauty,Face Wash,4,7775.9,0.29,22083.56,15290.61,6792.95,Credit Card,No
ORD03732,1072,Blake Green,Male,39,Delhi,18-08-2023,Home,Mixer,2,10477.36,0.08,19278.34,16979.95,2298.39,Debit Card,No
ORD03733,1751,Erin Phillips,Male,58,Bangalore,14-07-2023,Home,Mixer,1,47643.19,0.02,46690.33,33394.59,13295.74,Net Banking,No
ORD03734,1718,Erin Wilkinson,Female,24,Pune,2023/12/14,Fashion,Jeans,2,49126.65,0.2,78602.64,62940.37,15662.27,Debit Card,No
ORD03735,1333,Brianna Wright,Male,27,Pune,19-06-2023,Electronics,Smartphone,5,17862.93,0.16,75024.31,57642.38,17381.93,Cash on Delivery,No
ORD03736,1593,Alexis Yates,Male,31,Delhi,24-08-2023,Home,Chair,1,40764.97,0.09,37096.12,22960.72,14135.4,Credit Card,No
ORD03737,1320,Traci Adams,Female,36,Hyderabad,2024/03/06, Electronics ,Headphones,3,19272.52,0.18,47410.4,41782.87,5627.53,Debit Card,No
ORD03738,1002,Ronald Reid,Female,22,Mumbai,04-08-2024,Beauty,Perfume,5,47949.92,0.21,189402.18,164178.23,25223.95,NET BANKING,No
ORD03739,1424,Michael Clark,Female,36,Bangalore,2023/05/10,Fashion,Dress,2,28997.19,0.1,52194.94,38889.74,13305.2,Net Banking,No
ORD03740,1333,Tammy Wallace,Male,23,delhi,22-01-2024,Home,Chair,1,8141.0,0.17,6757.03,4629.22,2127.81,Net Banking,No
ORD03741,1538,Jennifer Lynn,Male,59,Kolkata,2023/02/28,Fashion,T-Shirt,2,10397.08,,17051.21,13752.68,3298.53,UPI,Yes
ORD03742,1590,April Rodriguez,Female,33,Hyderabad,2024/01/24,Electronics,Smartwatch,4,25313.22,0.11,90115.06,66148.62,23966.44,Credit Card,No
ORD03743,1314,John Carter,Male,47,Mumbai,11-07-2024,Fashion,T-Shirt,3,45120.34,,116410.48,97552.1,18858.38,Cash on Delivery,No
ORD03744,1218,Steven Williams,Female,24,Kolkata,2024/05/14,Home,Mixer,5,25309.13,0.12,111360.17,71871.39,39488.78,Net Banking,Yes
ORD03745,1332,Richard Jackson,Female,56,Delhi,14-03-2023,Beauty,Face Wash,5,36231.45,0.19,146737.37,130392.2,16345.17,UPI,No
ORD03746,1665,Jill Rodriguez,Male,46,Chennai,26-10-2024,Electronics,Smartphone,5,35115.06,,135192.98,113458.39,21734.59,Cash on Delivery,No
ORD03747,1676,Angela Wheeler,Male,49,Delhi,2023/09/30,Home,Vacuum Cleaner,1,20366.22,0.29,14460.02,8728.06,5731.96,Credit Card,Yes
ORD03748,1479,Stanley Freeman,Male,53,Delhi,26-08-2023,Fashion,Jeans,1,16667.32,0.02,16333.97,9966.61,6367.36,CREDIT CARD,Yes
ORD03749,1566,David Gonzalez DVM,,48,bangalore,29-05-2024,Home,Desk,5,12168.4,0.3,42589.4,31732.62,10856.78,NET BANKING,No
ORD03750,1240,David Peterson,Male,37,Delhi,15-09-2023,Electronics,Smartwatch,4,44242.72,0.22,138037.29,113564.8,24472.49,Debit Card,No
ORD03751,1446,Mary Gibson,Female,45,Mumbai,15-02-2023,Beauty,Lipstick,3,17547.55,0.12,46325.53,37675.72,8649.81,UPI,No
ORD03752,1750,Megan Roman,Female,34,Delhi,02-01-2023,Home,Desk,4,40789.22,0.27,119104.52,79949.38,39155.14,Debit Card,No
ORD03753,1293,Erin Johnson,Female,18,Mumbai,2024/04/27,Fashion,T-Shirt,2,21929.1,0.23,33770.81,24253.79,9517.02,CREDIT CARD,No
ORD03754,1411,Jennifer Wilson,Male,25,Mumbai,07-04-2024,Fashion,Dress,5,10249.95,0.17,42537.29,31642.87,10894.42,Cash on Delivery,Yes
ORD03755,1658,,Female,53,Pune,13-02-2023,Electronics,Laptop,3,13584.91,0.17,33826.43,25007.08,8819.35,UPI,No
ORD03756,1667,Robert Warren,Female,26,Pune,30-10-2024,Fashion,Jacket,4,40989.76,0.1,147563.14,130650.35,16912.79,Net Banking,No
ORD03757,1649,Richard Price,Female,33,Delhi,2023/08/16,Home,Desk,3,27361.62,0.09,74697.22,47435.92,27261.3,Credit Card,No
ORD03758,1750,Emily Carlson,Female,21,kolkata,26-11-2024,Electronics,Laptop,2,26745.51,0.15,45467.37,36902.98,8564.39,UPI,Yes
ORD03759,1200,Linda Luna,,38,Delhi,10-05-2024,Electronics,Headphones,5,35274.86,0.27,128753.24,82807.7,45945.54,Credit Card,No
ORD03760,1649,Charles Pratt,Female,57,Delhi,2024/04/07,Electronics,Headphones,4,6656.96,0.13,23166.22,17605.73,5560.49,Net Banking,No
ORD03761,1301,Stacy Hall,Female,20,Kolkata,25-03-2023,Electronics,Smartphone,1,20714.32,0.2,16571.46,13852.98,2718.48,Credit Card,No
ORD03762,1599,Kimberly Ray,Male,37,nan,08-05-2023, Home ,Vacuum Cleaner,5,39559.45,0.02,193841.3,139361.24,54480.06,UPI,Yes
ORD03763,1040,Felicia Howard,Male,21,Mumbai,27-06-2023,Electronics,Headphones,4,1666.11,0.06,6264.57,5434.02,830.55,UPI,No
ORD03764,1180,Monica Vasquez,Male,47,Kolkata,21-03-2023,Beauty,Lipstick,4,30913.32,0.05,117470.62,78228.2,39242.42,Debit Card,No
ORD03765,1415,Benjamin Hoover,Female,44,Pune,03-11-2023,Fashion,Jeans,3,36271.0,0.26,80521.62,63704.54,16817.08,UPI,No
ORD03766,1755,Cheryl Dean,Male,51,,2024/09/27,Beauty,Lipstick,3,34712.94,0.05,98931.88,64217.66,,CASH ON DELIVERY,Yes
ORD03767,1298,Joshua Delgado,Female,25,Kolkata,22-06-2024,Home,Lamp,5,6748.17,0.2,26992.68,18411.26,8581.42,Credit Card,No
ORD03768,1181,Stacy Walters,Male,56,Bangalore,15-05-2023,Home,Lamp,3,42696.31,0.25,96066.7,58428.88,37637.82,UPI,No
ORD03769,1319,Jeffrey Mejia DVM,Male,26,Hyderabad,2023/03/21,Fashion,Jeans,1,48448.35,,35851.78,30491.97,5359.81,CREDIT CARD,No
ORD03770,1315,Angela Porter,Male,43,Hyderabad,15-02-2023,Home,Vacuum Cleaner,4,13850.37,0.2,44321.18,28920.35,15400.83,Net Banking,Yes
ORD03771,1280,Lori Davis,Female,38,Delhi,02-09-2023,Home,Vacuum Cleaner,5,13967.1,0.19,56566.76,46506.91,10059.85,Cash on Delivery,No
ORD03772,1183,Christina Ramirez,Female,52,,29-02-2024,Fashion,Sneakers,3,31736.16,0.2,76166.78,59508.84,16657.94,Credit Card,Yes
ORD03773,1046,Kimberly Sanchez,Female,36,hyderabad,29-11-2023,Beauty,Lipstick,3,4548.59,0.27,9961.41,5980.19,3981.22,Cash on Delivery,No
ORD03774,1683,Jeffery Murphy,Female,38,kolkata,20-06-2023,Home,Vacuum Cleaner,5,19631.61,0.18,80489.6,58259.75,22229.85,Credit Card,No
ORD03775,1675,Keith Gibson,Female,26,Chennai,05-08-2023,Beauty,Moisturizer,1,10644.98,0.11,9474.03,6163.21,3310.82,Cash on Delivery,Yes
ORD03776,1466,Mark Adams,Female,52,Chennai,04-03-2024,Electronics,Tablet,3,18708.49,,41532.85,29548.73,11984.12,Credit Card,No
ORD03777,1546,Krista May,Female,25,Delhi,2024/05/31,Beauty,Lipstick,5,19010.45,0.28,68437.62,57515.14,10922.48,Credit Card,Yes
ORD03778,1774,Bryan Mejia,Male,21,,06-02-2023,Home,Lamp,2,23030.07,0.13,40072.32,25890.24,14182.08,Credit Card,No
ORD03779,1146,Jordan Allen,Male,43,Pune,30-12-2023,Home,Mixer,4,42742.05,0.1,153871.38,108033.96,45837.42,Cash on Delivery,Yes
ORD03780,1298,Jonathan Marsh,Female,18,Chennai,2024/06/24,Beauty,Face Wash,2,7683.7,0.29,10910.85,7897.93,3012.92,UPI,No
ORD03781,1464,Jacob Rollins,Male,20,Delhi,27-04-2024,Beauty,Lipstick,4,38837.01,0.11,138259.76,91534.66,46725.1,Net Banking,No
ORD03782,1427,Alyssa Watson,Male,31,,16-08-2023,Beauty,Lipstick,2,1310.74,0.05,2490.41,1648.01,842.4,Cash on Delivery,No
ORD03783,1365,,Female,50,Bangalore,19-02-2023,Home,Chair,1,8205.34,0.09,7466.86,4618.99,,UPI,Yes
ORD03784,1675,,Female,28,,2023/05/11,Fashion,Sneakers,3,21078.66,0.05,60074.18,49573.2,10500.98,Credit Card,No
ORD03785,1189,Nicole Edwards,Female,43,Bangalore,30-01-2024,Home,Vacuum Cleaner,4,15687.08,0.29,44551.31,38085.06,6466.25,UPI,No
ORD03786,1581,Jeffery Rivera,Male,51,Delhi,2023/10/03,Electronics,Smartwatch,2,48707.79,0.2,77932.46,67204.78,10727.68,Net Banking,No
ORD03787,1147,Hunter Schaefer,Female,44,,30-12-2023,Home,Vacuum Cleaner,3,27986.04,0.01,83118.54,62947.75,20170.79,Credit Card,No
ORD03788,1713,Kathy Lewis,Male,60,Mumbai,2024/05/15,Home,Mixer,5,44893.49,0.0,224467.45,144008.93,80458.52,Debit Card,Yes
ORD03789,1583,Aaron Evans,,50,,2023/08/23,Fashion,T-Shirt,3,2989.5,0.22,6995.43,4442.67,2552.76,Net Banking,Yes
ORD03790,1091,Anthony Solomon,Female,22,Mumbai,2024/12/27,Fashion,Jacket,3,48259.49,0.05,137539.55,113025.54,24514.01,UPI,No
ORD03791,1434,Frank Peterson,Male,55,Chennai,17-10-2024,Fashion,T-Shirt,5,35224.52,0.18,144420.53,123967.3,20453.23,Net Banking,No
ORD03792,1312,Aaron Kennedy,Male,32,Pune,2024/08/08,Home,Vacuum Cleaner,3,34466.11,0.26,76514.76,47919.28,28595.48,Debit Card,No
ORD03793,1104,Alex Boyle,Female,44,Kolkata,16-09-2023,Beauty,Lipstick,2,2359.46,0.05,4482.97,3846.55,636.42,Cash on Delivery,No
ORD03794,1582,Tracy Miller,Male,23,Bangalore,11-06-2024, Electronics ,Laptop,4,6409.22,0.03,24867.77,16705.58,8162.19,Cash on Delivery,No
ORD03795,1112,Steven Edwards,,26,Hyderabad,2023/05/02,Fashion,Jeans,4,41553.66,0.17,137958.15,109211.49,28746.66,UPI,No
ORD03796,1726,Ashley Thomas,Female,23,Kolkata,2024/05/17,Home,Vacuum Cleaner,4,31288.09,0.18,102624.94,78871.38,23753.56,Credit Card,No
ORD03797,1637,Jacqueline Mahoney,Male,35,Kolkata,21-03-2024,Beauty,Face Wash,5,10460.4,0.07,48640.86,31824.83,16816.03,Net Banking,Yes
ORD03798,1146,Robin Salas,Female,46,Bangalore,26-03-2023,Fashion,Dress,4,18056.98,0.18,59226.89,36274.04,22952.85,UPI,Yes
ORD03799,1261,Juan Lopez,Female,31,Bangalore,20-02-2023,Electronics,Laptop,1,38971.96,0.11,34685.04,29369.89,5315.15,Credit Card,No
ORD03800,1241,Jessica Schultz,Female,52,Mumbai,10-10-2024,Beauty,Perfume,1,1152.04,0.29,817.95,652.96,164.99,UPI,No
ORD03801,1464,Douglas French,Female,23,Bangalore,26-04-2023,Electronics,Tablet,2,33490.87,0.01,66311.92,59516.07,6795.85,Cash on Delivery,No
ORD03802,1690,Peter Webb,Female,49,Chennai,2024/11/17,Fashion,Sneakers,4,9740.09,0.18,31947.5,19844.6,12102.9,UPI,Yes
ORD03803,1343,,Male,37,Kolkata,06-07-2024, Home ,Lamp,3,24313.4,,58352.16,43193.72,,Net Banking,No
ORD03804,1180,Jeffrey Rangel,Female,32,,06-06-2024,Home,Chair,3,15259.92,0.25,34334.82,28729.45,5605.37,Net Banking,No
ORD03805,1359,Tyler David,Male,26,Hyderabad,09-04-2024,Beauty,Shampoo,3,20674.23,0.29,44036.11,32037.52,11998.59,Cash on Delivery,Yes
ORD03806,1013,Mathew Martinez,Male,47,Chennai,25-10-2024,Home,Lamp,5,44393.82,0.27,162037.44,135479.43,26558.01,Credit Card,No
ORD03807,1657,Sheryl Marshall,Male,58,Bangalore,2023/01/13,Beauty,Perfume,1,42375.74,0.28,30510.53,26381.11,4129.42,Debit Card,No
ORD03808,1024,Jamie Dixon,,53,Kolkata,2023/04/30,Electronics,Smartwatch,3,10977.82,0.12,28981.44,19387.84,9593.6,CASH ON DELIVERY,No
ORD03809,1546,Karen Murray,Male,48,Delhi,15-06-2023,Electronics,Smartphone,4,40807.75,0.04,156701.76,114901.54,41800.22,Cash on Delivery,No
ORD03810,1196,Isaiah Davis,Female,56,Kolkata,11-03-2023,Electronics,Headphones,1,13415.75,0.06,12610.8,8503.32,4107.48,Cash on Delivery,No
ORD03811,1659,Steven Shannon,Female,25,bangalore,2024/10/13,Beauty,Lipstick,2,49529.59,,76275.57,50922.12,25353.45,Cash on Delivery,No
ORD03812,1297,Kevin Rodriguez,,48,,30-01-2023,Fashion,Jeans,2,23361.9,0.14,40182.47,26419.59,13762.88,DEBIT CARD,Yes
ORD03813,1465,Tiffany Turner,Male,37,delhi,14-07-2024,Fashion,Dress,5,7799.09,0.21,30806.41,19585.14,,Cash on Delivery,No
ORD03814,1329,Robert Quinn,Female,51,Chennai,25-03-2023,Home,Mixer,5,40668.79,0.21,160641.72,98673.57,61968.15,Net Banking,No
ORD03815,1009,Duane Chapman,Female,26,Chennai,2024/09/22,Beauty,Perfume,1,1733.73,0.27,1265.62,786.76,478.86,Credit Card,No
ORD03816,1679,Eric Evans,Female,26,Delhi,20-09-2023,Fashion,T-Shirt,5,9579.55,0.03,46460.82,38329.79,8131.03,Cash on Delivery,No
ORD03817,1046,Johnny Sparks,Female,56,hyderabad,2023/09/23,Fashion,Dress,3,44530.4,0.03,129583.46,103213.83,26369.63,Cash on Delivery,No
ORD03818,1697,Jordan Martinez,Male,58,Chennai,18-04-2023,Beauty,Shampoo,3,8830.08,0.24,20132.58,17948.0,2184.58,Cash on Delivery,No
ORD03819,1370,Brian Williams,Male,44,hyderabad,2024/09/17,Beauty,Perfume,1,18217.02,0.09,16577.49,13565.01,3012.48,Credit Card,No
ORD03820,1631,Allen Miller,Female,52,Kolkata,2023/02/17,Fashion,T-Shirt,2,18790.72,0.27,27434.45,20505.35,6929.1,UPI,Yes
ORD03821,1499,,Female,33,Chennai,2024/05/23,Electronics,Smartwatch,1,24812.66,0.14,21338.89,14177.91,7160.98,Credit Card,Yes
ORD03822,1650,Jesse Joseph,Male,54,Delhi,03-03-2024,Electronics,Smartwatch,5,27678.97,0.28,99644.29,67182.17,,Debit Card,Yes
ORD03823,1516,Mary Kelly,Male,31,Mumbai,20-09-2024,Beauty,Perfume,4,17528.23,0.26,51883.56,38133.39,13750.17,Net Banking,Yes
ORD03824,1132,Tiffany Pierce,Female,54,Mumbai,2023/03/28,Electronics,Smartphone,1,27977.44,0.03,27138.12,19219.98,7918.14,Cash on Delivery,No
ORD03825,1179,Taylor Mooney,Female,58,Kolkata,22-03-2023,Home,Mixer,3,35272.37,0.07,98409.91,87954.24,10455.67,Net Banking,No
ORD03826,1120,,,21,Kolkata,13-05-2023,Home,Mixer,1,27780.81,0.16,23335.88,18149.03,5186.85,Credit Card,No
ORD03827,1198,Patricia Craig,Male,43,pune,2024/01/10,Beauty,Face Wash,3,20192.1,0.04,58153.25,41174.13,16979.12,Credit Card,No
ORD03828,1540,Jacqueline Baker,Female,22,Kolkata,14-03-2024,Electronics,Laptop,4,7281.73,,27670.57,16753.52,10917.05,Cash on Delivery,No
ORD03829,1727,Shelley Edwards,Male,27,Pune,22-05-2023,Fashion,Sneakers,1,34940.3,0.1,31446.27,22947.84,8498.43,Debit Card,No
ORD03830,1019,Bradley Stevenson,Male,58,Mumbai,15-08-2023, Beauty ,Face Wash,2,1920.75,0.25,2881.12,2472.97,408.15,Debit Card,No
ORD03831,1611,,Female,54,Delhi,29-03-2024, Home ,Chair,2,12711.32,,23897.28,20521.26,3376.02,Cash on Delivery,No
ORD03832,1590,,Male,60,pune,2023/06/15,Home,Desk,3,31052.74,0.24,70800.25,50438.37,20361.88,UPI,No
ORD03833,1292,Rebecca Mercado,Female,59,Delhi,2024/03/11,Electronics,Smartphone,1,34825.23,0.03,33780.47,24611.51,9168.96,Credit Card,Yes
ORD03834,1389,Brandon Larson,Male,43,Bangalore,03-02-2023,Home,Lamp,4,46882.01,0.0,187528.04,124904.04,62624.0,CASH ON DELIVERY,No
ORD03835,1148,Jessica Mitchell,Female,58,Bangalore,15-11-2024,Beauty,Moisturizer,1,9402.11,0.16,7897.77,5749.63,2148.14,Credit Card,No
ORD03836,1572,Brianna Snyder,Female,22,hyderabad,18-05-2024,Home,Desk,4,9758.33,0.03,37862.32,33306.11,4556.21,Credit Card,Yes
ORD03837,1117,Charlene Wilson,Male,36,Kolkata,13-12-2024,Electronics,Laptop,5,6730.45,0.07,31296.59,27559.34,3737.25,NET BANKING,No
ORD03838,1065,Randy Morris,Male,40,Delhi,2024/03/24,Beauty,Lipstick,4,40513.87,0.26,119921.06,91269.39,28651.67,Net Banking,No
ORD03839,1394,Mrs. Tammy Anderson DVM,Male,27,Hyderabad,18-02-2024,Home,Mixer,4,1840.38,0.03,7140.67,4870.72,2269.95,NET BANKING,No
ORD03840,1578,Kyle Hardin,Female,40,Bangalore,2024/06/25,Fashion,T-Shirt,2,41846.95,0.08,76998.39,50724.51,26273.88,Credit Card,No
ORD03841,1359,Manuel Colon,Male,58,mumbai,2023/11/11,Home,Mixer,5,30675.34,0.3,107363.69,64496.95,42866.74,Debit Card,No
ORD03842,1215,Jacob Walker,Female,26,Bangalore,06-07-2023,Beauty,Perfume,1,26316.2,0.1,23684.58,17951.83,5732.75,UPI,Yes
ORD03843,1348,Julia Silva,Female,43,Kolkata,25-09-2024,Fashion,Sneakers,2,7702.07,0.07,14325.85,12287.05,2038.8,DEBIT CARD,Yes
ORD03844,1295,Cameron Short,Female,52,Kolkata,2024/03/02,Electronics,Smartphone,2,30050.9,0.11,53490.6,39905.52,13585.08,Credit Card,No
ORD03845,1197,John Cortez,Female,56,Hyderabad,09-07-2023,Electronics,Laptop,2,10585.32,0.29,15031.15,12489.18,2541.97,Credit Card,No
ORD03846,1130,Shelley Dunn,,22,Chennai,2023/04/17,Home,Chair,2,7778.79,0.04,14935.28,10384.27,4551.01,UPI,No
ORD03847,1023,Mrs. Ariel Mack,Male,21,bangalore,2024/06/25,Beauty,Perfume,4,33884.92,0.22,105720.95,74015.77,31705.18,UPI,No
ORD03848,1136,Tim Carr,Female,41,Mumbai,22-12-2024,Home,Desk,3,23253.12,0.15,59295.46,52806.54,6488.92,Net Banking,No
ORD03849,1577,Gerald Smith,Male,54,Delhi,28-10-2024,Beauty,Face Wash,5,22879.81,0.16,96095.2,63793.21,32301.99,Net Banking,No
ORD03850,1375,Sonya Hunt,Female,25,Hyderabad,03-12-2023,Electronics,Tablet,3,22361.01,0.09,61045.56,38278.85,22766.71,Credit Card,No
ORD03851,1002,Renee Price,Male,48,Kolkata,14-03-2024, Electronics ,Smartphone,2,9102.59,0.29,12925.68,9685.68,3240.0,Credit Card,No
ORD03852,1442,Kimberly Hill MD,Male,25,Mumbai,2023/11/09,Home,Vacuum Cleaner,4,21724.84,0.07,80816.4,68952.15,11864.25,UPI,No
ORD03853,1579,Ryan Watkins,Male,23,Pune,19-12-2024,Fashion,Sneakers,1,22554.23,0.23,17366.76,12820.09,4546.67,Debit Card,Yes
ORD03854,1590,Michael Ross,Male,58,Delhi,18-07-2023,Beauty,Perfume,3,32639.36,,88126.27,62764.73,25361.54,Cash on Delivery,No
ORD03855,1680,Kelly Smith,Male,18,Hyderabad,18-07-2023,Home,Chair,3,48850.47,0.1,131896.27,102546.55,29349.72,Net Banking,No
ORD03856,1491,Christopher Mckenzie,Male,46,Mumbai,08-04-2023,Electronics,Tablet,1,14459.88,0.12,12724.69,8674.82,4049.87,Debit Card,No
ORD03857,1685,Vanessa Lucero,Male,34,Bangalore,24-05-2023,Home,Chair,5,16254.7,0.01,80460.76,49550.74,30910.02,Cash on Delivery,Yes
ORD03858,1570,Eric Rhodes,Male,59,Hyderabad,09-05-2023,Fashion,Jeans,5,17967.96,0.14,77262.23,52513.1,24749.13,UPI,Yes
ORD03859,1012,Jeffrey Meza,Male,58,Chennai,19-10-2024,Electronics,Tablet,4,42353.49,0.21,133837.03,84794.13,49042.9,Debit Card,No
ORD03860,1340,Benjamin Crawford,Female,42,,2024/09/15,Fashion,Jeans,2,3749.98,0.09,6824.96,4841.73,1983.23,UPI,No
ORD03861,1577,Sarah Gilmore,Male,49,Delhi,2024/04/02,Fashion,Jeans,3,16930.69,0.01,50284.15,32859.38,17424.77,Net Banking,No
ORD03862,1658,Keith Freeman,Female,39,Hyderabad,10-07-2024,Home,Chair,2,11024.1,0.07,20504.83,12797.56,7707.27,Debit Card,No
ORD03863,1309,Cynthia Williamson,Female,39,Pune,22-02-2023,Fashion,Dress,1,21765.59,0.12,19153.72,14637.95,4515.77,Net Banking,Yes
ORD03864,1122,Zachary Salinas,Male,23,Pune,26-12-2024,Beauty,Shampoo,3,24730.93,0.15,63063.87,47955.09,15108.78,Cash on Delivery,No
ORD03865,1603,Jessica Berg,Female,49,Kolkata,2024/05/04,Fashion,Dress,3,5853.36,0.28,12643.26,10799.44,1843.82,Debit Card,No
ORD03866,1110,Elizabeth Gonzalez,Female,35,Pune,03-11-2024,Beauty,Shampoo,5,38383.34,0.26,142018.36,103372.83,38645.53,Net Banking,No
ORD03867,1544,Deborah Fitzpatrick,Male,46,Hyderabad,2024/12/10,Fashion,Jeans,1,41208.56,0.3,28845.99,23709.49,5136.5,Cash on Delivery,No
ORD03868,1760,Rebecca Frazier,Male,43,Mumbai,01-06-2024,Electronics,Tablet,3,45084.31,0.27,98734.64,67682.14,31052.5,Debit Card,No
ORD03869,1561,Mr. Gary Curtis,Female,35,Chennai,01-11-2024,Electronics,Headphones,2,39495.28,0.26,58453.01,45733.01,12720.0,UPI,No
ORD03870,1474,Jonathan Sanders,Female,30,mumbai,2023/04/09,Fashion,Sneakers,4,32283.73,0.11,114930.08,75942.36,38987.72,Net Banking,No
ORD03871,1349,Chad Garrett,Female,46,Hyderabad,29-07-2023,Electronics,Smartphone,4,5771.82,0.06,21702.04,18498.86,3203.18,CREDIT CARD,Yes
ORD03872,1173,Richard Johnston,Female,44,Delhi,2024/12/20,Home,Desk,4,1565.08,0.24,4757.84,4042.38,715.46,Credit Card,No
ORD03873,1016,Alice Ramsey,Female,37,Chennai,01-11-2024,Beauty,Face Wash,4,47512.69,0.06,178647.71,128584.09,50063.62,Net Banking,No
ORD03874,1281,Emily Parks,Female,38,Chennai,24-04-2024,Fashion,Jacket,3,25280.41,0.27,55364.1,42912.92,,Cash on Delivery,No
ORD03875,1129,Robert Collins,Male,38,Mumbai,2024/08/18,Electronics,Smartphone,3,42870.91,0.27,93887.29,69521.48,24365.81,Net Banking,Yes
ORD03876,1381,Peter Fisher,,53,Delhi,2024/03/11,Home,Mixer,3,19687.19,0.28,42524.33,33019.01,,Credit Card,No
ORD03877,1473,Timothy Lopez,Female,21,Mumbai,20-08-2024,Fashion,Dress,2,5984.72,0.25,8977.08,8046.13,930.95,Credit Card,No
ORD03878,1256,Gary Thomas,Male,47,Mumbai,01-09-2023,Home,Chair,3,3833.48,0.2,9200.35,5532.98,3667.37,Cash on Delivery,Yes
ORD03879,1683,Michelle James,Male,55,delhi,2023/04/20,Home,Mixer,5,2218.37,0.19,8984.4,8083.67,900.73,CASH ON DELIVERY,No
ORD03880,1139,Nicole Summers,Male,37,Kolkata,19-07-2024,Fashion,Jeans,1,28885.48,0.04,27730.06,21464.94,6265.12,UPI,No
ORD03881,1685,Carlos Sullivan,Male,30,Chennai,11-04-2023,Home,Mixer,5,6928.62,0.28,24943.03,21376.01,3567.02,UPI,No
ORD03882,1342,Charles Cooper,Male,35,chennai,31-07-2023,Electronics,Headphones,3,2707.63,0.26,6010.94,3731.97,2278.97,Credit Card,No
ORD03883,1072,Micheal Garcia,Female,60,Pune,23-03-2023,Home,Desk,5,28082.4,0.07,130583.16,115571.26,15011.9,Cash on Delivery,No
ORD03884,1232,Tony Blake,Female,21,Kolkata,08-01-2023,Home,Vacuum Cleaner,1,24362.42,0.25,18271.81,15425.67,2846.14,Debit Card,No
ORD03885,1115,Chris Lin,Female,47,Hyderabad,21-11-2023,Beauty,Moisturizer,4,42518.16,0.25,127554.48,114497.79,13056.69,Debit Card,No
ORD03886,1059,Douglas Holmes,Male,35,Kolkata,2023/03/28,Home,Desk,3,44303.16,0.1,119618.53,86572.21,33046.32,Net Banking,No
ORD03887,1455,Matthew Donovan,Male,26,Delhi,06-05-2024,Beauty,Face Wash,3,48511.1,0.06,136801.3,116655.69,20145.61,Cash on Delivery,No
ORD03888,1172,Jonathan Nguyen,Female,28,Kolkata,09-11-2024,Electronics,Laptop,5,46950.61,0.22,183107.38,160300.73,22806.65,Debit Card,No
ORD03889,1061,Brittany Torres,Female,20,Chennai,19-12-2023,Home,Lamp,4,48477.68,0.08,178397.86,126630.82,51767.04,Debit Card,Yes
ORD03890,1791,Peter Higgins,Female,23,Kolkata,02-01-2023,Beauty,Lipstick,2,46681.77,0.14,80292.64,50913.31,29379.33,Debit Card,No
ORD03891,1522,Jessica James,Male,41,Chennai,02-05-2023,Electronics,Headphones,2,15952.2,0.29,22652.12,17620.83,5031.29,Debit Card,No
ORD03892,1437,Sergio Henson,Male,49,Delhi,2024/03/25,Home,Mixer,3,20536.75,0.01,60994.15,50303.49,10690.66,Net Banking,No
ORD03893,1354,Deanna Fletcher,Male,18,pune,24-03-2023,Home,Desk,4,33656.39,0.09,122509.26,93532.16,28977.1,UPI,No
ORD03894,1108,Michael Pope,Male,37,Mumbai,05-02-2024,Electronics,Smartphone,2,27726.7,0.12,48798.99,31253.5,17545.49,NET BANKING,No
ORD03895,1375,Melanie Reeves,Female,44,Mumbai,21-03-2024,Beauty,Shampoo,3,20313.45,0.14,52408.7,42941.06,9467.64,UPI,No
ORD03896,1072,Hunter Dominguez,Female,58,Pune,24-10-2023,Fashion,Dress,2,31137.1,0.11,55424.04,35063.09,20360.95,UPI,No
ORD03897,1036,Stephanie Miller,Male,30,Hyderabad,04-09-2024,Electronics,Tablet,5,14509.02,0.24,55134.28,39138.9,,UPI,Yes
ORD03898,1577,Mark Park,Male,26,Pune,11-07-2023,Beauty,Moisturizer,5,27556.18,0.23,106091.29,74193.01,31898.28,Cash on Delivery,No
ORD03899,1636,Catherine Nelson,Male,33,Delhi,10-10-2024,Home,Mixer,1,44718.69,0.19,36222.14,29021.97,7200.17,Net Banking,No
ORD03900,1798,Christopher Lucas,Female,29,Bangalore,2023/07/16,Beauty,Moisturizer,1,38028.5,0.06,35746.79,25369.62,10377.17,UPI,No
ORD03901,1496,Danielle Shelton,,38,Hyderabad,01-01-2024,Beauty,Face Wash,1,40987.96,0.3,28691.57,20433.62,8257.95,UPI,No
ORD03902,1314,Phillip Barry,Male,50,delhi,24-12-2024,Home,Mixer,3,41444.93,0.09,113144.66,93034.7,20109.96,Net Banking,Yes
ORD03903,1330,Juan Beck,Female,48,kolkata,21-04-2023,Home,Vacuum Cleaner,2,38243.99,0.26,56601.11,44581.14,12019.97,Cash on Delivery,Yes
ORD03904,1421,Bradley Chase,Male,19,chennai,2024/05/06,Electronics,Tablet,3,13336.32,0.04,38408.6,28582.73,9825.87,Debit Card,Yes
ORD03905,1197,Michelle Gonzales,Female,24,Delhi,2023/07/10,Home,Vacuum Cleaner,3,23177.2,,57015.91,40837.33,16178.58,UPI,No
ORD03906,1402,,Female,37,Delhi,02-07-2023,Home,Lamp,1,21728.1,0.07,20207.13,12902.56,7304.57,UPI,No
ORD03907,1301,,Female,58,Delhi,27-05-2023,Beauty,Moisturizer,3,35633.6,0.15,90865.68,58509.54,32356.14,Debit Card,Yes
ORD03908,1680,Christopher Parker,Female,27,Kolkata,2023/05/03,Electronics,Laptop,4,10401.17,0.21,32867.7,23325.0,9542.7,Cash on Delivery,No
ORD03909,1390,Laura Davis,Female,56,Pune,10-02-2024,Fashion,Jacket,3,21377.19,0.09,58359.73,49867.25,8492.48,Debit Card,No
ORD03910,1091,,,49,Kolkata,27-02-2024,Electronics,Tablet,3,36846.58,0.09,100591.16,66474.3,34116.86,Credit Card,No
ORD03911,1730,Kenneth Jones,Female,55,Kolkata,22-08-2024,Fashion,Jacket,5,12247.11,0.28,44089.6,28628.14,15461.46,Debit Card,Yes
ORD03912,1747,Christopher Clark,Female,28,Pune,2024/11/07,Fashion,Jeans,4,9855.22,0.21,31142.5,25757.15,5385.35,Net Banking,Yes
ORD03913,1418,Barbara Weber,Male,55,Bangalore,20-06-2024,Electronics,Smartphone,4,46726.9,0.22,145787.93,101970.45,43817.48,Credit Card,No
ORD03914,1690,Matthew Gray,Male,28,Chennai,23-12-2024,Beauty,Face Wash,1,9766.24,0.05,9277.93,6565.23,2712.7,Debit Card,No
ORD03915,1232,Charlotte Rodriguez,Male,25,Kolkata,01-12-2024,Home,Vacuum Cleaner,4,24400.44,0.08,89793.62,78061.48,11732.14,CASH ON DELIVERY,No
ORD03916,1064,Daniel Coleman,Male,44,,2024/01/22,Home,Lamp,4,34202.86,0.01,135443.33,118103.88,17339.45,Debit Card,Yes
ORD03917,1762,Tanya Miller,Male,34,Kolkata,04-05-2024,Electronics,Laptop,4,37574.68,0.07,139777.81,84713.73,55064.08,Net Banking,Yes
ORD03918,1239,Jorge Ferguson,Male,56,Delhi,2023/04/09,Fashion,Jeans,4,28605.83,,90394.42,60845.76,29548.66,Cash on Delivery,No
ORD03919,1305,,Female,44,Pune,14-08-2024,Electronics,Smartphone,5,20010.43,0.07,93048.5,56234.16,36814.34,Net Banking,Yes
ORD03920,1591,Nicole Moore,Male,26,Bangalore,26-03-2024,Beauty,Perfume,2,17909.13,0.17,29729.16,23837.58,5891.58,Debit Card,Yes
ORD03921,1634,Cody Wells,Male,55,Mumbai,18-03-2023,Beauty,Face Wash,4,16947.45,0.18,55587.64,44413.37,11174.27,CASH ON DELIVERY,No
ORD03922,1582,Darius Lee,Male,40,Hyderabad,2024/08/26,Electronics,Headphones,2,17108.51,0.04,32848.34,19846.0,13002.34,Credit Card,Yes
ORD03923,1594,Bradley Jones,Male,50,Pune,20-05-2024,Electronics,Laptop,4,10928.88,0.19,35409.57,29984.44,,Net Banking,Yes
ORD03924,1418,Suzanne Whitaker,Female,27,Delhi,2024/07/04,Electronics,Headphones,5,2418.01,0.15,10276.54,7343.65,2932.89,UPI,No
ORD03925,1147,Adam Allen,Female,19,hyderabad,07-01-2023,Electronics,Smartphone,1,46436.41,,33898.58,23391.18,10507.4,CREDIT CARD,No
ORD03926,1528,Kevin Salazar,,37,Kolkata,03-10-2024,Electronics,Tablet,5,14734.98,0.06,69254.41,52265.99,16988.42,UPI,Yes
ORD03927,1534,Craig Hawkins Jr.,Male,33,Chennai,2023/06/27,Electronics,Smartphone,4,30123.61,0.03,116879.61,83985.13,32894.48,Net Banking,No
ORD03928,1368,Kyle Martinez,Male,34,Kolkata,2023/01/11,Fashion,Sneakers,4,41954.82,0.02,164462.89,130590.7,33872.19,Cash on Delivery,No
ORD03929,1580,Jennifer Brown,Female,33,Hyderabad,12-03-2023,Home,Lamp,1,18794.69,0.16,15787.54,12280.83,3506.71,Net Banking,Yes
ORD03930,1419,Joyce Vang,Female,28,Pune,20-10-2023,Electronics,Smartphone,1,44090.01,0.14,37917.41,25322.22,12595.19,Debit Card,No
ORD03931,1601,Jennifer Ruiz,Male,33,Pune,14-12-2023, Beauty ,Shampoo,5,6045.21,,27807.97,17936.64,9871.33,UPI,No
ORD03932,1796,Rachel Powers,Male,54,Mumbai,01-10-2024, Fashion ,Jeans,4,19366.79,0.05,73593.8,57975.14,15618.66,UPI,Yes
ORD03933,1461,Jessica Thornton,,48,,2023/08/16,Beauty,Shampoo,3,41600.75,0.19,101089.82,68394.23,32695.59,Cash on Delivery,Yes
ORD03934,1122,Jonathan Kim,Female,45,Hyderabad,2024/01/20,Home,Chair,2,26950.72,0.2,43121.15,33000.01,10121.14,Cash on Delivery,Yes
ORD03935,1353,Ashley Summers,Female,37,Hyderabad,04-11-2024,Electronics,Headphones,4,41368.87,0.04,158856.46,134656.23,24200.23,Cash on Delivery,Yes
ORD03936,1653,Kayla Day,Male,39,Chennai,10-02-2023,Home,Mixer,3,23662.24,0.22,55369.64,49779.69,5589.95,UPI,No
ORD03937,1727,Derek Adams,Male,28,Bangalore,17-04-2024,Beauty,Face Wash,3,11727.92,0.02,34480.08,20807.63,13672.45,Cash on Delivery,No
ORD03938,1736,Sherry King,Male,54,Chennai,05-09-2023,Fashion,Jeans,5,13261.03,0.04,63652.94,47257.36,16395.58,Debit Card,Yes
ORD03939,1740,Michael Stevens,Female,57,Bangalore,2024/09/13,Home,Lamp,2,38991.53,0.13,67845.26,57995.5,,Net Banking,Yes
ORD03940,1039,Tyler Galloway,Male,39,Chennai,2024/04/22,Beauty,Moisturizer,5,48640.98,0.02,238340.8,156262.0,82078.8,UPI,No
ORD03941,1470,Margaret Taylor,Male,39,Mumbai,03-04-2023,Home,Desk,2,45300.24,0.13,78822.42,62975.92,15846.5,Cash on Delivery,Yes
ORD03942,1347,Frances Evans,Female,59,Bangalore,04-07-2023,Electronics,Smartphone,1,26372.3,0.12,23207.62,17998.94,5208.68,CREDIT CARD,No
ORD03943,1604,,Male,44,delhi,20-02-2024,Home,Vacuum Cleaner,4,49196.45,0.25,147589.35,89602.73,57986.62,Credit Card,No
ORD03944,1671,Mr. Eric Williams,Female,28,Hyderabad,13-06-2024,Fashion,Jacket,4,11954.8,0.14,41124.51,28530.02,12594.49,Credit Card,No
ORD03945,1071,James Fernandez,,32,Chennai,2023/10/16,Fashion,Jeans,2,7772.44,0.03,15078.53,11714.8,3363.73,Net Banking,Yes
ORD03946,1000,Bianca Mendoza,Male,26,Pune,09-02-2024,Fashion,Jacket,2,11652.65,0.28,16779.82,11736.79,5043.03,Credit Card,Yes
ORD03947,1169,Wendy Arroyo,Female,58,Hyderabad,18-07-2024,Home,Desk,3,40402.59,0.21,95754.14,58929.52,36824.62,UPI,No
ORD03948,1569,William Oconnell,Male,25,Delhi,05-04-2024,Electronics,Laptop,1,6675.08,,6541.58,4193.16,2348.42,UPI,No
ORD03949,1126,Denise Peters,Female,51,hyderabad,2023/01/24,Electronics,Headphones,1,344.46,0.12,303.12,209.99,93.13,Net Banking,No
ORD03950,1322,Craig Davidson,Female,37,Delhi,2024/02/28,Home,Mixer,5,30643.76,0.01,151686.61,99825.05,51861.56,UPI,Yes
ORD03951,1693,William Townsend,Female,39,Bangalore,28-04-2024,Electronics,Smartphone,4,41121.67,,139813.68,111041.78,28771.9,Debit Card,No
ORD03952,1795,Daniel Hernandez,Male,26,Kolkata,2023/04/28,Home,Mixer,4,27879.81,,108173.66,66054.53,42119.13,UPI,No
ORD03953,1209,Jerry Campbell,,38,Bangalore,23-10-2024,Home,Desk,5,31527.81,0.15,133993.19,86338.69,47654.5,Net Banking,No
ORD03954,1364,David Ramos,,43,,2023/10/09,Home,Vacuum Cleaner,5,27275.97,0.26,100921.09,82278.0,18643.09,Credit Card,Yes
ORD03955,1328,Tonya Bruce,Female,57,Hyderabad,15-03-2024,Beauty,Perfume,3,18707.76,0.29,39847.53,35613.39,4234.14,Credit Card,No
ORD03956,1035,Gina Galloway,Male,27,Bangalore,03-11-2024, Home ,Desk,2,33960.88,0.24,51620.54,32384.1,19236.44,Debit Card,No
ORD03957,1174,Mr. Jonathan Green,Male,45,Kolkata,24-03-2024,Beauty,Perfume,5,9968.75,,46354.69,31717.08,14637.61,UPI,Yes
ORD03958,1274,Jeremy Peterson,Male,56,Delhi,03-11-2024,Fashion,Jeans,4,33883.18,0.21,107070.85,87464.23,19606.62,Cash on Delivery,Yes
ORD03959,1549,Gary Rojas,Female,43,Bangalore,03-12-2023,Electronics,Laptop,1,46124.12,0.21,36438.05,29750.41,6687.64,CREDIT CARD,No
ORD03960,1615,Kaylee Mcbride,Male,50,Pune,2023/12/15,Beauty,Moisturizer,5,761.28,0.29,2702.54,2262.19,440.35,Cash on Delivery,No
ORD03961,1794,Jacob Shaw,Female,48,Kolkata,19-03-2024,Beauty,Face Wash,3,35713.07,0.0,107139.21,87603.92,19535.29,UPI,No
ORD03962,1488,Donald Macdonald,Female,56,,09-02-2024,Fashion,T-Shirt,4,44650.9,0.0,178603.6,126836.53,51767.07,Cash on Delivery,No
ORD03963,1047,Kevin Robinson,,35,Delhi,05-04-2023,Fashion,Jacket,5,44853.47,0.24,170443.19,110788.71,59654.48,Cash on Delivery,Yes
ORD03964,1514,Erica Stout,Male,19,Chennai,25-03-2023,Home,Desk,2,11207.34,0.2,17931.74,13041.01,4890.73,Cash on Delivery,No
ORD03965,1353,Stephanie Johnson,Female,39,Kolkata,30-10-2023,Beauty,Perfume,1,20239.98,0.13,17608.78,15383.46,2225.32,Credit Card,Yes
ORD03966,1392,Courtney Vincent,Female,49,Hyderabad,2024/08/05, Home ,Mixer,3,25415.59,0.11,67859.63,43715.88,24143.75,Debit Card,No
ORD03967,1786,Denise Clark,Male,30,Chennai,2024/03/08,Electronics,Smartwatch,5,25969.5,0.3,90893.25,81118.82,9774.43,CASH ON DELIVERY,Yes
ORD03968,1653,Rachel Werner,Female,46,Pune,2023/06/09,Beauty,Face Wash,5,20909.78,0.28,75275.21,61226.11,14049.1,UPI,Yes
ORD03969,1070,Tiffany Armstrong,Male,37,Pune,06-06-2024,Home,Chair,3,3779.92,0.26,8391.42,5749.25,,UPI,No
ORD03970,1777,Walter Murphy,Female,27,Kolkata,24-12-2024, Electronics ,Smartphone,2,18819.97,0.07,35005.14,25310.9,9694.24,CREDIT CARD,Yes
ORD03971,1575,Ernest Chambers,Female,32,Mumbai,2023/10/12,Home,Lamp,5,41869.78,0.19,169572.61,116213.13,53359.48,Credit Card,Yes
ORD03972,1405,Doris Ortiz,Male,29,Mumbai,31-12-2023,Home,Vacuum Cleaner,1,26730.83,0.02,26196.21,15795.15,10401.06,Debit Card,No
ORD03973,1667,Erica Booth,Male,44,Mumbai,26-09-2024,Fashion,Sneakers,1,28548.23,0.16,23980.51,17778.43,6202.08,Cash on Delivery,Yes
ORD03974,1018,Ian Hicks,Female,50,Hyderabad,10-12-2023,Beauty,Face Wash,3,38309.55,0.2,91942.92,57536.98,34405.94,DEBIT CARD,Yes
ORD03975,1398,Daniel Ramirez,Male,31,Mumbai,05-11-2023,Beauty,Lipstick,4,18750.62,0.01,74252.46,53633.98,20618.48,Credit Card,Yes
ORD03976,1662,Sarah White,Female,29,Kolkata,20-02-2023,Beauty,Shampoo,4,5353.46,0.1,19272.46,16826.19,2446.27,CASH ON DELIVERY,No
ORD03977,1049,Zoe Walker,Male,20,Pune,30-07-2023,Electronics,Headphones,3,43513.1,0.24,99209.87,72856.12,26353.75,DEBIT CARD,No
ORD03978,1529,Emily Castro,Male,32,Chennai,2023/10/08,Home,Desk,1,49541.66,0.12,43596.66,27080.32,16516.34,CREDIT CARD,No
ORD03979,1366,,Female,45,pune,26-02-2024,Fashion,Jeans,3,39249.78,0.14,101264.43,65251.2,36013.23,Cash on Delivery,No
ORD03980,1612,Robert Grant,Male,28,Delhi,01-04-2024,Beauty,Moisturizer,3,14693.7,0.12,38791.37,34091.18,4700.19,Cash on Delivery,No
ORD03981,1326,Bethany Guzman,Female,49,Kolkata,09-08-2023,Beauty,Lipstick,4,48057.33,0.1,173006.39,145568.36,27438.03,Net Banking,No
ORD03982,1287,Laura Johnson,Male,60,Mumbai,2024/08/08,Fashion,Sneakers,3,23902.99,0.28,51630.46,37850.15,,UPI,No
ORD03983,1418,Jacob Caldwell,Male,19,Hyderabad,13-07-2023, Fashion ,Dress,3,1897.3,0.16,4781.2,4254.32,526.88,Debit Card,Yes
ORD03984,1319,Gary Chandler,,21,Delhi,10-06-2023,Fashion,Dress,5,19370.77,0.28,69734.77,57208.29,12526.48,Cash on Delivery,No
ORD03985,1663,John Mcdowell,Female,47,chennai,12-01-2024,Fashion,Sneakers,2,35744.94,0.0,71489.88,60093.83,11396.05,CREDIT CARD,No
ORD03986,1151,Theresa Smith,Male,26,Mumbai,20-12-2024,Home,Vacuum Cleaner,2,43567.41,0.29,61865.72,38180.77,23684.95,Cash on Delivery,No
ORD03987,1751,Melissa Burton,Female,28,Bangalore,14-02-2023,Beauty,Perfume,4,37807.28,0.05,143667.66,117245.07,26422.59,UPI,No
ORD03988,1696,Matthew Andrews,,37,Kolkata,25-02-2023,Home,Mixer,1,9670.44,0.04,9283.62,6297.4,2986.22,Net Banking,No
ORD03989,1129,Mary Jones,Female,42,chennai,26-03-2023,Electronics,Tablet,3,11562.53,0.21,27403.2,16804.05,10599.15,DEBIT CARD,No
ORD03990,1437,William Munoz,Female,20,Delhi,2023/08/11,Electronics,Tablet,3,16931.4,0.08,46730.66,30683.24,16047.42,NET BANKING,No
ORD03991,1078,Caitlin Church,Male,31,Pune,08-10-2023,Beauty,Shampoo,1,25889.1,0.2,20711.28,17706.54,3004.74,Net Banking,No
ORD03992,1177,,Male,30,Pune,02-04-2023, Home ,Lamp,2,47662.79,0.29,67681.16,58357.83,9323.33,Cash on Delivery,No
ORD03993,1339,Mr. Michael Mclaughlin,Female,27,Hyderabad,11-08-2023,Electronics,Smartwatch,4,39523.53,0.01,156513.18,102258.78,54254.4,Debit Card,Yes
ORD03994,1301,David Chambers,Female,53,Bangalore,27-02-2023,Home,Mixer,5,42070.88,0.09,191422.5,128917.77,62504.73,UPI,No
ORD03995,1100,Kaitlyn Sims,Female,48,Kolkata,19-06-2024,Beauty,Face Wash,5,15937.01,0.25,59763.79,41338.33,18425.46,CREDIT CARD,No
ORD03996,1236,Lisa Ross,Male,50,Kolkata,2024/02/12,Electronics,Laptop,3,36762.36,,95949.76,62235.1,33714.66,Credit Card,No
ORD03997,1411,Diane Downs,Male,37,Chennai,04-12-2024,Beauty,Perfume,5,25721.74,0.18,105459.13,80669.83,24789.3,Debit Card,No
ORD03998,1609,Robert Thomas,Female,26,Mumbai,06-05-2024, Electronics ,Tablet,3,48638.64,0.2,116732.74,94421.54,22311.2,Net Banking,No
ORD03999,1761,Amanda Duarte,Male,45,Pune,13-05-2023,Home,Mixer,2,44977.64,0.28,64767.8,52554.24,12213.56,UPI,Yes
ORD04000,1731,Ashley Oliver,Female,51,Mumbai,2024/02/08,Electronics,Tablet,3,40792.28,0.11,108915.39,75177.29,33738.1,Credit Card,Yes
ORD04001,1035,Timothy Martin,Female,40,Chennai,13-04-2023,Fashion,Dress,2,19972.53,0.19,32355.5,25362.21,6993.29,Cash on Delivery,No
ORD04002,1539,Tammy Burton DDS,Male,50,Kolkata,12-09-2023,Fashion,T-Shirt,2,44306.11,0.11,78864.88,63706.12,15158.76,CASH ON DELIVERY,Yes
ORD04003,1195,William Park,Female,22,pune,2024/09/26,Beauty,Lipstick,5,21513.22,0.04,103263.46,87124.27,16139.19,Cash on Delivery,No
ORD04004,1225,Susan Powell,Male,49,Kolkata,29-04-2024,Fashion,T-Shirt,1,48000.24,0.23,36960.18,23443.09,13517.09,Net Banking,No
ORD04005,1698,Destiny Woods,Female,40,Delhi,01-08-2024,Beauty,Moisturizer,3,14191.44,,37039.66,30561.58,6478.08,UPI,No
ORD04006,1537,Donald Gonzalez,Female,53,Mumbai,18-02-2023,Fashion,Jacket,4,18756.44,0.26,55519.06,38143.43,17375.63,DEBIT CARD,No
ORD04007,1777,William Flores,Male,42,Pune,29-12-2024,Electronics,Smartwatch,3,25226.64,0.12,66598.33,52766.95,13831.38,UPI,No
ORD04008,1390,Tyler Porter,Female,30,Pune,2023/12/27,Electronics,Tablet,3,48874.79,0.03,142225.64,111992.49,30233.15,Net Banking,No
ORD04009,1469,Olivia Jones,Male,33,Pune,25-04-2024,Home,Mixer,2,36485.22,0.14,62754.58,45427.19,17327.39,Net Banking,No
ORD04010,1220,Tracy Ellis,Male,43,Pune,13-01-2024,Home,Mixer,1,47295.42,0.2,37836.34,31640.74,6195.6,Debit Card,No
ORD04011,1031,Daniel Hanson,Male,55,,18-07-2023,Electronics,Smartwatch,2,452.49,0.0,904.98,616.19,288.79,Cash on Delivery,No
ORD04012,1610,Eric Mason,Male,53,Mumbai,09-08-2024,Electronics,Smartwatch,2,1509.31,0.23,2324.34,1598.29,,Cash on Delivery,No
ORD04013,1193,Marilyn Ramirez,Female,36,Chennai,20-05-2024,Beauty,Face Wash,1,30125.36,0.11,26811.57,16940.4,9871.17,Cash on Delivery,No
ORD04014,1617,Gabriella Prince,Female,34,Chennai,07-11-2024,Home,Vacuum Cleaner,1,26662.89,0.16,22396.83,15151.33,7245.5,NET BANKING,No
ORD04015,1472,Wesley Chavez,Female,23,Mumbai,19-11-2023,Fashion,T-Shirt,4,18868.34,0.01,74718.63,63019.74,11698.89,Net Banking,No
ORD04016,1078,Jennifer Collins,Female,60,Delhi,21-06-2023,Beauty,Shampoo,3,23955.94,0.23,55338.22,39082.73,16255.49,Net Banking,No
ORD04017,1517,Samuel Edwards,Female,36,Delhi,2023/09/21,Fashion,Sneakers,5,10272.54,0.0,51362.7,40472.59,10890.11,Net Banking,No
ORD04018,1215,Regina Martin,Female,24,Bangalore,31-03-2024, Home ,Mixer,5,48916.59,0.06,229907.97,152197.27,77710.7,Cash on Delivery,No
ORD04019,1060,Jessica Jimenez,Female,60,Delhi,04-07-2024, Fashion ,Sneakers,5,36030.73,0.11,160336.75,110535.72,49801.03,CREDIT CARD,Yes
ORD04020,1574,Jason Lynn,Female,36,Kolkata,05-02-2024,Beauty,Lipstick,2,43099.13,0.08,79302.4,51753.06,27549.34,DEBIT CARD,No
ORD04021,1171,Nicole Myers,Male,53,Mumbai,29-11-2024,Beauty,Face Wash,2,26177.92,0.26,38743.32,25671.8,13071.52,Credit Card,No
ORD04022,1188,Stephanie Wagner,Male,27,mumbai,21-04-2024,Electronics,Smartphone,2,48744.08,0.07,90663.99,61646.76,29017.23,UPI,Yes
ORD04023,1238,Emily Williams,Female,29,,27-08-2023,Home,Desk,1,31058.34,0.28,22362.0,15818.74,6543.26,Cash on Delivery,No
ORD04024,1530,Joshua Myers,Female,22,Delhi,29-07-2023,Home,Desk,4,47990.24,0.16,161247.21,130302.82,30944.39,Cash on Delivery,No
ORD04025,1428,Rebecca Hunter,Female,19,Mumbai,2023/06/16,Electronics,Tablet,1,40057.23,0.29,28440.63,21302.06,,UPI,No
ORD04026,1197,Kathryn Garcia,Female,25,Pune,16-12-2023,Beauty,Shampoo,1,25846.52,,19901.82,12188.18,7713.64,CASH ON DELIVERY,No
ORD04027,1111,Joshua Brock,Male,31,Chennai,2024/03/31,Home,Vacuum Cleaner,5,4484.55,0.28,16144.38,10197.86,5946.52,Net Banking,Yes
ORD04028,1312,Robert Martinez,Female,60,Pune,2024/07/17,Beauty,Perfume,2,43198.43,0.02,84668.92,65206.76,,CASH ON DELIVERY,No
ORD04029,1642,Victoria Gordon,Male,58,Pune,30-08-2024,Beauty,Lipstick,4,28062.46,0.15,95412.36,69448.54,25963.82,DEBIT CARD,Yes
ORD04030,1206,Amanda Ortiz,Female,58,Delhi,27-09-2023,Fashion,Dress,5,24098.46,0.23,92779.07,55759.27,37019.8,Net Banking,No
ORD04031,1363,,Male,52,Hyderabad,2024/02/29,Home,Lamp,3,15514.81,0.23,35839.21,30547.43,5291.78,Debit Card,No
ORD04032,1274,Amanda Krause,Female,40,Hyderabad,03-03-2024,Fashion,T-Shirt,1,5438.55,0.17,4514.0,3679.94,834.06,Debit Card,Yes
ORD04033,1261,Janice Perez,Male,60,Kolkata,21-04-2024,Home,Vacuum Cleaner,4,49158.13,0.18,161238.67,124851.77,36386.9,Cash on Delivery,No
ORD04034,1782,Megan Singh,Male,27,Kolkata,30-03-2024,Beauty,Lipstick,4,34978.3,0.09,127321.01,95217.88,32103.13,CASH ON DELIVERY,No
ORD04035,1272,Sean Garrett,Male,23,mumbai,2024/07/20,Fashion,T-Shirt,4,28118.59,,89979.49,65064.13,24915.36,Net Banking,No
ORD04036,1104,Beth Jones,Male,56,Chennai,31-10-2024,Beauty,Shampoo,5,38123.47,0.02,186805.0,164394.99,22410.01,Net Banking,Yes
ORD04037,1452,Kathleen Estrada,Male,42,Mumbai,26-01-2023,Electronics,Tablet,3,48174.49,0.11,128625.89,89000.43,39625.46,UPI,No
ORD04038,1374,Tammy Miller,Male,33,Pune,2024/03/26,Beauty,Shampoo,4,1109.05,0.28,3194.06,2192.98,1001.08,UPI,Yes
ORD04039,1048,Angela Lee,Male,19,Pune,17-08-2024,Home,Mixer,2,25637.0,,45121.12,30550.78,14570.34,Credit Card,Yes
ORD04040,1629,Crystal Hogan,Male,31,Chennai,26-10-2023,Electronics,Smartphone,1,41043.07,0.05,38990.92,26435.52,12555.4,UPI,Yes
ORD04041,1630,Andrew Mueller,Female,41,Mumbai,08-06-2024,Beauty,Face Wash,4,7053.25,0.24,21441.88,17363.13,4078.75,UPI,Yes
ORD04042,1598,Bernard Russell,Female,47,Hyderabad,2023/06/01,Home,Chair,3,47201.53,0.04,135940.41,105606.71,30333.7,Debit Card,No
ORD04043,1363,Jessica Moore,Female,21,Pune,2023/12/28,Fashion,Dress,2,12873.54,0.13,22399.96,14196.67,,Cash on Delivery,No
ORD04044,1300,Susan Mcdonald,Male,46,Mumbai,04-04-2023,Beauty,Face Wash,5,36648.77,0.22,142930.2,113556.29,29373.91,DEBIT CARD,No
ORD04045,1123,William Kaufman,Female,53,Kolkata,20-10-2023,Beauty,Moisturizer,5,13977.3,0.04,67091.04,48519.26,18571.78,Net Banking,No
ORD04046,1707,Erica Johnson,Female,35,Kolkata,2023/04/13,Fashion,Dress,4,21407.1,0.27,62508.73,49561.32,12947.41,UPI,No
ORD04047,1031,Kimberly Rogers,Female,60,,22-01-2024,Beauty,Lipstick,2,793.33,0.05,1507.33,1303.21,204.12,Credit Card,No
ORD04048,1271,,Female,20,Mumbai,15-07-2024, Beauty ,Moisturizer,5,40858.24,0.17,169561.7,133891.76,35669.94,Net Banking,No
ORD04049,1511,Preston Lawson,Female,55,Kolkata,2024/07/03,Beauty,Shampoo,5,21735.66,0.1,97810.47,67154.93,30655.54,Cash on Delivery,No
ORD04050,1688,Michael Fletcher,Female,49,Chennai,27-05-2024,Beauty,Shampoo,4,48757.54,0.19,157974.43,126098.37,31876.06,Net Banking,No
ORD04051,1676,Erin Schmidt MD,Male,49,Pune,20-07-2024,Electronics,Headphones,4,32526.47,0.01,128804.82,94038.89,34765.93,Credit Card,No
ORD04052,1364,Shelly Massey,Female,60,Pune,22-03-2023,Home,Desk,4,2023.69,0.07,7528.13,5419.59,2108.54,Debit Card,No
ORD04053,1595,Gloria Jefferson,Male,24,Bangalore,17-12-2024,Home,Mixer,4,43972.6,0.07,163578.07,114805.74,48772.33,Credit Card,No
ORD04054,1603,Jennifer Velez,Male,44,Pune,2024/06/02, Home ,Lamp,3,49170.12,0.21,116533.18,90939.11,,UPI,Yes
ORD04055,1181,Edward Olsen,Female,41,Chennai,26-06-2024,Electronics,Smartphone,3,5141.01,0.22,12029.96,10628.86,1401.1,Credit Card,Yes
ORD04056,1728,Julie Bonilla,Female,48,Pune,2023/04/01,Fashion,Jacket,4,41556.98,0.05,157916.52,131266.85,26649.67,Cash on Delivery,No
ORD04057,1311,Ryan Villa,Female,23,Bangalore,07-05-2024,Home,Mixer,4,11323.2,0.1,40763.52,26841.86,13921.66,Net Banking,No
ORD04058,1365,Jessica Jacobs,Male,46,Bangalore,2023/04/26,Beauty,Lipstick,2,49755.26,0.25,74632.89,63814.88,10818.01,Debit Card,No
ORD04059,1150,Jose Smith,Male,38,Kolkata,20-05-2024,Home,Desk,1,38400.75,0.08,35328.69,25940.5,9388.19,Cash on Delivery,No
ORD04060,1572,Michael Graham,Male,33,Kolkata,2023/02/14,Electronics,Smartphone,5,14620.1,0.23,56287.39,44429.53,11857.86,Debit Card,Yes
ORD04061,1314,Kim Ross,Female,46,Pune,2024/01/01,Fashion,Jacket,3,13753.19,0.28,29706.89,17998.18,11708.71,UPI,No
ORD04062,1070,Jeffrey Ponce,Female,48,Mumbai,22-05-2024,Beauty,Shampoo,3,14302.77,0.24,32610.32,23077.71,9532.61,Credit Card,No
ORD04063,1240,Danielle Hodges,,38,Pune,19-09-2024,Fashion,T-Shirt,2,4732.55,0.21,7477.43,6050.08,1427.35,Debit Card,No
ORD04064,1183,Jimmy Medina,Female,31,Mumbai,22-12-2024, Beauty ,Face Wash,2,27361.37,0.21,43230.96,26421.79,,CREDIT CARD,No
ORD04065,1197,Charles Anderson,Male,50,Kolkata,19-11-2024,Home,Chair,3,41232.84,0.07,115039.62,82056.08,32983.54,Debit Card,No
ORD04066,1616,Alexander Sanchez,Female,57,Pune,16-02-2024,Home,Lamp,3,47223.83,0.17,117587.34,85860.02,31727.32,CASH ON DELIVERY,No
ORD04067,1657,Michael Taylor,Male,36,,09-07-2024,Fashion,Jeans,3,7843.65,0.12,20707.24,13575.06,7132.18,DEBIT CARD,No
ORD04068,1687,Micheal Butler,Female,20,hyderabad,2024/02/25,Electronics,Smartwatch,2,47162.91,0.05,89609.53,75920.89,,Net Banking,No
ORD04069,1256,Joseph Brown,Female,36,Kolkata,01-10-2023,Electronics,Headphones,4,2069.9,0.22,6458.09,5759.09,699.0,UPI,No
ORD04070,1734,Christopher Smith,Male,32,Delhi,18-03-2024,Beauty,Lipstick,3,23989.99,0.08,66212.37,47536.9,18675.47,Credit Card,No
ORD04071,1359,Timothy Dennis,Female,27,Mumbai,14-02-2023,Home,Lamp,4,42528.89,0.19,137793.6,99731.07,38062.53,Net Banking,No
ORD04072,1542,Teresa Bowen,Male,23,Hyderabad,2023/01/16,Fashion,Jeans,3,7174.67,0.27,15712.53,13613.75,2098.78,Debit Card,No
ORD04073,1355,John Rodriguez,Male,40,Pune,20-10-2024,Home,Chair,1,27417.96,0.06,25772.88,21354.02,4418.86,Credit Card,No
ORD04074,1398,Kevin Abbott,Male,59,Bangalore,08-10-2023,Beauty,Shampoo,3,11807.15,0.25,26566.09,21920.53,4645.56,UPI,No
ORD04075,1378,Amber Smith,,49,Delhi,29-07-2024, Electronics ,Laptop,2,15557.29,0.07,28936.56,24160.45,4776.11,Credit Card,No
ORD04076,1262,Cynthia Briggs,Male,50,Bangalore,10-04-2024,Beauty,Lipstick,4,3520.76,0.0,14083.04,11035.43,3047.61,Debit Card,No
ORD04077,1214,Nicole Sullivan,Male,31,Chennai,2023/07/15,Electronics,Tablet,4,7941.59,0.25,23824.77,15779.74,8045.03,Debit Card,No
ORD04078,1457,,Female,46,Pune,19-06-2024, Beauty ,Shampoo,4,26650.41,0.06,100205.54,63124.88,37080.66,Credit Card,No
ORD04079,1182,Matthew Robinson,Male,22,Kolkata,20-04-2024,Home,Mixer,4,16810.16,0.11,59844.17,44453.05,15391.12,Net Banking,No
ORD04080,1065,Christopher Carroll,Female,20,Delhi,29-11-2023,Fashion,T-Shirt,2,42920.81,0.26,63522.8,40140.57,23382.23,Net Banking,No
ORD04081,1171,Jessica Chapman,Female,52,Bangalore,21-11-2023,Fashion,Jeans,4,10987.82,0.17,36479.56,32255.03,4224.53,Credit Card,No
ORD04082,1033,,Female,53,Delhi,07-08-2023,Fashion,Jacket,4,7156.68,0.28,20611.24,18423.66,2187.58,Debit Card,No
ORD04083,1618,Robert Rivera,Male,49,Pune,2024/06/06,Fashion,Jeans,4,7437.61,0.22,23205.34,15420.15,7785.19,Debit Card,Yes
ORD04084,1227,Dominique Chan,Female,35,Hyderabad,2024/04/23,Electronics,Headphones,3,4297.34,0.14,11087.14,9906.26,,Credit Card,No
ORD04085,1061,Erik Tate,,42,,07-07-2023,Fashion,Jeans,3,31826.98,0.06,89752.08,77651.1,12100.98,Debit Card,No
ORD04086,1307,Elizabeth Curry,Male,34,Chennai,19-01-2023,Home,Desk,1,28113.51,0.22,21928.54,15240.37,6688.17,Net Banking,No
ORD04087,1486,Edwin Miller,Male,56,Delhi,16-10-2024,Electronics,Smartphone,5,17413.7,0.06,81844.39,49195.06,32649.33,Cash on Delivery,Yes
ORD04088,1757,Stephen Torres,Female,27,Pune,24-11-2023,Home,Vacuum Cleaner,3,37298.75,0.01,110777.29,69530.07,41247.22,Credit Card,No
ORD04089,1589,Tammy Ortiz,Female,21,Bangalore,2023/02/12,Beauty,Shampoo,3,6555.99,0.21,15537.7,10529.63,5008.07,Cash on Delivery,No
ORD04090,1401,Pamela Hawkins,Female,59,Bangalore,15-01-2023,Fashion,Sneakers,4,41189.12,0.02,161461.35,130759.84,30701.51,Credit Card,No
ORD04091,1303,Miguel Travis,Female,22,Kolkata,27-10-2024,Fashion,Jeans,2,25796.26,,43853.64,38699.11,,Net Banking,No
ORD04092,1502,Alicia Davis,Male,53,Kolkata,03-12-2024,Home,Chair,1,2591.61,0.25,1943.71,1582.49,361.22,Credit Card,Yes
ORD04093,1769,Samantha Spencer,Male,20,Mumbai,2023/01/29,Fashion,Jeans,2,18764.89,0.18,30774.42,25620.48,5153.94,Debit Card,No
ORD04094,1298,John Davis,Male,53,Kolkata,09-11-2023,Beauty,Lipstick,5,43211.72,0.05,205255.67,135259.48,69996.19,Net Banking,Yes
ORD04095,1625,Maria Wang,Female,48,Kolkata,20-08-2024, Home ,Mixer,5,10969.41,,51556.23,35819.5,15736.73,Debit Card,Yes
ORD04096,1300,Barbara Andrews,Female,47,Pune,03-04-2024,Fashion,Jeans,4,46729.6,0.24,142057.98,97761.58,44296.4,Cash on Delivery,Yes
ORD04097,1105,,Male,33,bangalore,2023/06/23,Home,Lamp,3,7300.62,0.15,18616.58,13375.99,5240.59,Net Banking,No
ORD04098,1415,Kelly Goodwin MD,Male,45,Mumbai,2023/08/23,Home,Mixer,2,38733.92,0.21,61199.59,49649.66,11549.93,Net Banking,No
ORD04099,1258,Susan Hart,Male,40,Pune,25-06-2024,Fashion,Sneakers,3,45999.53,0.18,113158.84,96065.97,17092.87,Debit Card,No
ORD04100,1081,Nicole Mitchell,Male,28,Hyderabad,08-03-2023,Home,Lamp,1,49452.85,0.03,47969.26,29633.05,18336.21,Credit Card,No
ORD04101,1178,Chelsea Swanson,Female,19,Mumbai,21-03-2023,Beauty,Moisturizer,2,40098.11,0.11,71374.64,54558.83,16815.81,Cash on Delivery,No
ORD04102,1328,Terry Young,Male,36,Kolkata,2024/02/08,Fashion,Jeans,1,24257.5,0.26,17950.55,11644.05,6306.5,Cash on Delivery,No
ORD04103,1017,Joanna Alvarez,,27,delhi,27-09-2024,Beauty,Perfume,5,41203.03,0.2,3296242.4,114420.06,50392.06,Credit Card,No
ORD04104,1034,Anthony Johnson,Male,32,,26-12-2023,Beauty,Shampoo,5,13676.81,,67700.21,50352.72,17347.49,Credit Card,Yes
ORD04105,1306,Nicole Williams,Female,26,Mumbai,08-10-2024,Fashion,Jeans,1,9539.97,0.05,9062.97,8072.77,990.2,Net Banking,Yes
ORD04106,1247,Jesse Paul,Female,24,Chennai,22-11-2024,Electronics,Smartwatch,3,9708.02,0.11,25920.41,17338.77,8581.64,Cash on Delivery,Yes
ORD04107,1030,Tanya Parker,Female,38,Delhi,02-06-2023,Home,Vacuum Cleaner,1,9440.03,,7835.22,4840.35,2994.87,Net Banking,No
ORD04108,1651,Amy Nolan,Male,48,Kolkata,2024/12/13,Beauty,Face Wash,4,9125.15,0.29,25915.43,17004.69,8910.74,Debit Card,No
ORD04109,1132,Jill Watson,Male,36,Delhi,2023/01/23,Electronics,Laptop,5,5390.96,0.24,20485.65,14794.95,5690.7,Cash on Delivery,No
ORD04110,1645,Wanda Robinson,Female,38,Bangalore,01-10-2024,Fashion,Dress,1,36299.61,0.11,32306.65,25144.37,7162.28,Credit Card,No
ORD04111,1188,Danielle Henson,Male,41,Kolkata,03-09-2024,Home,Desk,3,45446.51,0.12,119978.79,91429.07,28549.72,Credit Card,No
ORD04112,1739,Richard Jennings,Male,45,Chennai,19-07-2023,Beauty,Perfume,2,16272.93,0.22,25385.77,17691.74,7694.03,Debit Card,Yes
ORD04113,1347,Joseph Davila,Female,47,Delhi,07-05-2023, Fashion ,T-Shirt,3,1864.0,0.26,4138.08,3491.62,646.46,Cash on Delivery,No
ORD04114,1268,David Grant,Female,52,Mumbai,16-09-2023,Beauty,Lipstick,1,15087.16,0.04,14483.67,12468.29,2015.38,Cash on Delivery,Yes
ORD04115,1603,Sheryl Bray PhD,Male,46,Kolkata,25-12-2024,Home,Desk,4,45184.45,0.14,155434.51,108237.6,47196.91,Debit Card,No
ORD04116,1618,Erica Garcia,Female,21,Pune,04-10-2024,Home,Lamp,4,7618.55,0.29,21636.68,13309.69,8326.99,Debit Card,No
ORD04117,1153,Gabriel Gonzalez,Male,24,Mumbai,05-06-2023, Fashion ,Dress,4,10976.02,0.14,37757.51,28520.36,9237.15,CASH ON DELIVERY,Yes
ORD04118,1521,Angela Proctor,Female,29,Kolkata,2024/03/24,Electronics,Laptop,1,1944.94,0.1,1750.45,1206.17,544.28,Debit Card,Yes
ORD04119,1587,Sarah Palmer,Female,49,Delhi,14-07-2024,Electronics,Smartphone,1,4330.5,0.24,3291.18,2146.27,1144.91,Debit Card,No
ORD04120,1467,Andrew Webb,Female,58,Mumbai,25-08-2024,Home,Chair,2,30942.01,0.28,44556.49,34792.72,9763.77,UPI,Yes
ORD04121,1367,Kayla Perry,Male,58,Chennai,18-04-2023,Electronics,Smartwatch,1,15764.69,0.26,11665.87,8918.93,2746.94,UPI,Yes
ORD04122,1585,John Frederick,Male,38,Mumbai,17-02-2024,Home,Desk,5,5174.63,0.08,23803.3,17887.64,5915.66,Net Banking,No
ORD04123,1157,,Female,55,Hyderabad,2023/03/21,Beauty,Lipstick,5,11649.12,0.25,43684.2,27995.9,15688.3,Debit Card,Yes
ORD04124,1390,Courtney Lee,Male,39,Pune,16-09-2023,Beauty,Perfume,4,27269.68,0.11,97080.06,59230.38,37849.68,Net Banking,No
ORD04125,1378,Barbara Wood,Female,24,Bangalore,08-06-2023,Beauty,Perfume,1,2905.41,0.08,2672.98,1816.03,856.95,Net Banking,Yes
ORD04126,1531,Laura King,Male,21,Pune,06-08-2023,Beauty,Shampoo,5,33180.26,0.24,126084.99,94093.41,31991.58,Cash on Delivery,Yes
ORD04127,1418,Tina Carter,Female,36,Bangalore,22-11-2023,Fashion,Dress,3,8104.62,0.13,21153.06,17619.05,3534.01,UPI,No
ORD04128,1250,Shannon Allison,Male,30,Hyderabad,2024/09/07,Beauty,Perfume,1,30899.46,0.03,29972.48,18191.38,11781.1,Net Banking,No
ORD04129,1257,Jessica Thomas,Female,22,,25-10-2024,Fashion,Jacket,3,25523.88,0.14,65851.61,52816.68,13034.93,Cash on Delivery,Yes
ORD04130,1083,Daniel Townsend,Female,48,Bangalore,2023/10/23,Fashion,Jacket,1,39582.1,0.11,35228.07,28845.67,6382.4,Net Banking,No
ORD04131,1754,Michael Mason,Male,53,Delhi,20-01-2024,Electronics,Laptop,4,36522.73,0.25,109568.19,93578.94,15989.25,UPI,No
ORD04132,1591,Justin Morton,Male,27,chennai,15-05-2023,Beauty,Face Wash,5,12291.91,0.26,45480.07,35781.72,9698.35,Cash on Delivery,No
ORD04133,1605,Patricia Howard,,40,Kolkata,26-07-2023,Electronics,Smartwatch,1,47580.1,0.01,47104.3,36147.52,10956.78,Net Banking,No
ORD04134,1341,Sarah Martinez,Male,38,chennai,28-03-2024,Fashion,Jeans,3,4602.05,0.06,12977.78,7946.45,5031.33,Debit Card,No
ORD04135,1240,Steven Sawyer,Male,38,Mumbai,24-10-2024,Beauty,Moisturizer,5,6007.98,0.03,29138.7,19179.97,9958.73,CREDIT CARD,Yes
ORD04136,1614,Justin Snyder,Male,37,,2024/03/21,Electronics,Tablet,2,46438.79,0.28,66871.86,44295.28,22576.58,Debit Card,No
ORD04137,1552,Joshua Lee,Male,24,Chennai,29-11-2023,Beauty,Moisturizer,5,13771.45,0.19,55774.37,37097.79,18676.58,UPI,No
ORD04138,1013,Adam Collins,Female,35,Bangalore,07-11-2024,Fashion,T-Shirt,5,43178.91,0.08,198622.99,153854.83,44768.16,Debit Card,Yes
ORD04139,1724,Heather Woods,Female,60,Chennai,21-10-2023,Electronics,Smartphone,1,15696.61,0.08,14440.88,12375.14,2065.74,Debit Card,No
ORD04140,1258,Katherine West,Male,18,Hyderabad,18-12-2023,Beauty,Shampoo,4,48143.06,0.26,142503.46,106843.57,35659.89,DEBIT CARD,Yes
ORD04141,1623,Charles Parker,,27,Pune,2024/08/14,Home,Mixer,5,14803.71,0.04,71057.81,62691.96,8365.85,Net Banking,No
ORD04142,1442,Richard Cox,Female,55,Delhi,2024/06/11,Beauty,Face Wash,4,3529.18,0.1,12705.05,10486.74,2218.31,Cash on Delivery,No
ORD04143,1542,Alison Gomez,Female,29,Pune,29-09-2024,Beauty,Shampoo,2,11896.5,0.26,17606.82,11046.73,6560.09,Net Banking,No
ORD04144,1052,Aaron Lewis,Female,44,Delhi,2023/03/31,Fashion,Jacket,2,18914.29,0.16,31776.01,22578.28,9197.73,DEBIT CARD,No
ORD04145,1060,Kelly Stephens,Female,18,Chennai,24-03-2023,Fashion,T-Shirt,2,22788.89,0.16,38285.34,30413.94,7871.4,NET BANKING,Yes
ORD04146,1045,Drew Robinson,Female,21,Pune,14-07-2023,Electronics,Laptop,3,39204.73,0.26,87034.5,70269.84,16764.66,UPI,No
ORD04147,1578,,Female,24,Mumbai,05-05-2024,Fashion,T-Shirt,5,33769.76,0.18,138456.02,98046.48,40409.54,Credit Card,No
ORD04148,1765,David Vega,Female,19,Bangalore,27-03-2024,Fashion,Jeans,3,43492.48,0.28,93943.76,78645.3,15298.46,UPI,No
ORD04149,1504,Christopher Roberson,Female,30,Delhi,2023/08/23,Beauty,Face Wash,4,7766.25,0.0,31065.0,24206.67,6858.33,Cash on Delivery,No
ORD04150,1580,Robert Stewart,Male,39,,20-03-2024,Beauty,Perfume,5,48571.59,0.11,216143.58,169179.75,,Credit Card,Yes
ORD04151,1488,,Female,51,Chennai,31-12-2023,Fashion,T-Shirt,2,9612.66,0.21,15188.0,12282.23,2905.77,UPI,No
ORD04152,1731,Hannah Dennis,Male,52,Chennai,12-03-2023,Beauty,Lipstick,1,48599.14,0.29,34505.39,23158.49,11346.9,UPI,No
ORD04153,1691,Mark Frederick,Female,23,Mumbai,2024/02/27,Fashion,Jeans,1,15142.81,0.25,11357.11,7779.53,3577.58,Net Banking,No
ORD04154,1626,Kevin Rice,Female,28,Bangalore,05-01-2023,Beauty,Shampoo,1,38995.51,0.22,30416.5,21451.68,8964.82,UPI,No
ORD04155,1386,Richard Miller,Male,53,Kolkata,2024/06/04,Beauty,Shampoo,1,14685.47,0.27,10720.39,8365.19,2355.2,DEBIT CARD,No
ORD04156,1170,Paul Massey,Female,34,hyderabad,12-04-2023,Home,Vacuum Cleaner,1,21004.6,0.3,14703.22,12763.09,1940.13,Cash on Delivery,Yes
ORD04157,1532,,Male,53,Bangalore,16-05-2023,Fashion,T-Shirt,5,6623.22,0.0,33116.1,23330.87,9785.23,CREDIT CARD,No
ORD04158,1551,Taylor Peters,Male,18,Mumbai,13-07-2023, Electronics ,Tablet,5,25948.49,0.01,128445.03,85185.51,43259.52,UPI,No
ORD04159,1390,Christopher Gallagher,Male,26,Hyderabad,15-12-2023,Electronics,Smartwatch,2,26650.25,0.13,46371.43,36143.9,10227.53,Debit Card,No
ORD04160,1417,Chloe Mcdonald,Male,36,Delhi,03-09-2024,Fashion,Dress,3,8017.81,0.24,18280.61,15277.28,3003.33,DEBIT CARD,No
ORD04161,1381,Christopher Howard,Female,42,,2023/05/14,Electronics,Tablet,1,25094.18,0.1,22584.76,14079.82,8504.94,Net Banking,No
ORD04162,1294,Emily Hunter,Male,43,Bangalore,2024/09/21,Home,Vacuum Cleaner,3,45475.87,,105049.26,93875.26,11174.0,Cash on Delivery,Yes
ORD04163,1322,Michelle Meyer,,40,Hyderabad,11-12-2023,Home,Chair,3,40665.56,0.04,117116.81,74643.18,42473.63,Cash on Delivery,Yes
ORD04164,1198,Dean Crawford,Female,56,Mumbai,09-08-2024,Electronics,Laptop,3,15545.19,0.13,40572.95,25870.79,,UPI,No
ORD04165,1704,Gwendolyn Pearson,Male,32,Bangalore,07-12-2023,Fashion,Jeans,5,35910.93,0.11,159803.64,139006.48,20797.16,Cash on Delivery,No
ORD04166,1230,Dalton Carlson,Male,45,Chennai,10-02-2024,Beauty,Shampoo,2,45584.41,0.03,88433.76,61035.14,27398.62,Credit Card,No
ORD04167,1401,Sarah Mathews MD,Female,31,Mumbai,2023/10/10,Beauty,Shampoo,3,40147.24,0.21,95148.96,72570.09,22578.87,Cash on Delivery,No
ORD04168,1563,Lucas Thomas,Male,30,Delhi,17-05-2024,Beauty,Perfume,3,11255.28,0.22,26337.36,16612.91,9724.45,Debit Card,No
ORD04169,1106,Tina Fox,Female,24,Bangalore,29-07-2024,Home,Mixer,4,6243.34,0.29,17731.09,15754.59,1976.5,Net Banking,No
ORD04170,1767,Lisa Wilson,Female,18,Bangalore,30-08-2024,Electronics,Tablet,3,39463.4,0.09,107735.08,89803.8,,UPI,No
ORD04171,1756,Larry Richard,Male,53,Chennai,05-07-2023,Fashion,Jacket,1,40365.53,0.16,33907.05,29744.78,4162.27,UPI,No
ORD04172,1708,Brian Fowler,Male,37,Chennai,2024/08/27,Fashion,Jeans,4,820.88,0.22,2561.15,2043.68,517.47,Credit Card,Yes
ORD04173,1475,Leslie Calhoun MD,Male,40,Mumbai,02-05-2024,Beauty,Shampoo,2,34326.07,0.2,54921.71,37142.22,17779.49,Debit Card,No
ORD04174,1139,Julia Schultz,Male,60,Kolkata,2023/02/06,Home,Chair,4,12278.73,0.27,35853.89,30099.6,5754.29,Debit Card,Yes
ORD04175,1081,Victoria Bowen,Female,53,Kolkata,03-12-2023,Beauty,Perfume,3,27206.25,0.07,75905.44,64627.47,11277.97,Net Banking,No
ORD04176,1397,Dawn Burch,Male,45,Pune,30-07-2023,Beauty,Moisturizer,2,26533.74,0.25,39800.61,28094.52,11706.09,Net Banking,Yes
ORD04177,1585,Debbie Jones,Male,28,Hyderabad,2023/12/28,Fashion,Jeans,3,39815.58,0.09,108696.53,91181.9,17514.63,Debit Card,No
ORD04178,1403,Gregory Nielsen,Female,31,Kolkata,30-11-2023,Beauty,Moisturizer,4,2492.3,0.22,7775.98,6018.42,1757.56,Debit Card,No
ORD04179,1018,Haley Kelley,Female,36,Mumbai,12-03-2024,Beauty,Face Wash,5,5255.57,0.3,18394.49,13231.0,5163.49,Cash on Delivery,No
ORD04180,1105,Erika Rodriguez,Female,53,Kolkata,14-06-2024,Beauty,Lipstick,3,40328.4,0.28,87109.34,67173.62,,Debit Card,No
ORD04181,1778,Brian Johnson,Male,35,Chennai,2023/01/08,Home,Chair,2,48919.43,0.12,86098.2,73448.38,12649.82,Net Banking,No
ORD04182,1680,Jessica Smith,Female,28,delhi,2023/08/07,Electronics,Laptop,5,38543.15,0.19,156099.76,117297.71,38802.05,UPI,No
ORD04183,1335,Anthony Robinson,Male,19,Chennai,2023/09/18,Beauty,Moisturizer,5,42405.66,0.11,188705.19,160183.01,28522.18,Cash on Delivery,No
ORD04184,1350,,Male,36,Delhi,2024/09/29,Home,Lamp,4,15525.14,0.2,49680.45,40586.72,9093.73,Net Banking,No
ORD04185,1167,Ryan Weaver,Female,41,,30-09-2024,Beauty,Face Wash,4,49584.03,,158668.9,100579.66,58089.24,Debit Card,No
ORD04186,1745,Brandon Smith,Female,27,Pune,2024/08/06,Beauty,Perfume,3,12664.15,0.08,34953.05,27089.39,7863.66,Credit Card,Yes
ORD04187,1105,Justin Bennett,Male,51,Mumbai,05-06-2024,Fashion,Dress,5,47607.68,,223756.1,199321.16,,Cash on Delivery,Yes
ORD04188,1514,Eduardo Holt,Female,34,Hyderabad,29-03-2023, Electronics ,Smartphone,5,1615.38,0.2,6461.52,4982.39,,Debit Card,No
ORD04189,1190,Michael Gomez,Male,48,Hyderabad,2023/04/26, Home ,Chair,2,14571.37,0.28,20982.77,18296.99,2685.78,UPI,Yes
ORD04190,1627,Calvin Pierce,Male,42,pune,11-04-2023,Beauty,Face Wash,3,25188.67,0.16,63475.45,40337.88,23137.57,UPI,No
ORD04191,1583,Christopher Ruiz,Male,22,Kolkata,10-03-2023,Electronics,Smartphone,4,42531.7,,136101.44,82072.82,54028.62,Net Banking,No
ORD04192,1424,Jeremy Huynh,Female,41,Delhi,23-09-2024,Electronics,Smartwatch,4,34945.04,0.17,116017.53,94994.27,21023.26,Cash on Delivery,No
ORD04193,1396,Amanda Graves,Male,22,,03-01-2024,Electronics,Headphones,2,49559.33,0.28,71365.44,62623.99,8741.45,Credit Card,Yes
ORD04194,1160,Brent Ayala,Male,19,chennai,24-04-2024,Home,Vacuum Cleaner,1,47711.6,0.05,45326.02,27594.0,17732.02,Cash on Delivery,No
ORD04195,1426,Sarah Frazier,Male,46,Mumbai,2024/09/04,Beauty,Face Wash,1,49901.7,0.19,40420.38,30343.33,10077.05,Net Banking,No
ORD04196,1375,Melanie Mccann,Female,59,Delhi,12-09-2023,Home,Lamp,3,6875.62,0.18,16914.03,14090.14,2823.89,Net Banking,No
ORD04197,1701,Douglas Jones,Female,39,Kolkata,13-03-2023,Beauty,Perfume,1,18916.5,0.14,16268.19,11034.54,5233.65,Cash on Delivery,No
ORD04198,1054,Nicholas Johnson,Male,60,Kolkata,28-02-2023,Beauty,Perfume,4,28163.67,0.24,85617.56,64511.19,21106.37,Credit Card,No
ORD04199,1087,Reginald Wright,Female,59,Bangalore,15-09-2023,Home,Vacuum Cleaner,4,36521.27,0.25,109563.81,78677.26,30886.55,Cash on Delivery,No
ORD04200,1077,Jennifer Wong,Male,35,Hyderabad,22-02-2024,Fashion,Dress,3,47978.38,0.22,112269.41,92554.43,19714.98,Credit Card,Yes
ORD04201,1503,Dr. Adrienne Orr MD,Male,47,Chennai,07-06-2024,Fashion,Dress,5,49105.9,0.17,203789.48,178755.59,25033.89,Net Banking,Yes
ORD04202,1649,,Male,31,chennai,2023/12/28,Fashion,Jeans,3,12059.04,0.26,26771.07,23579.45,3191.62,Net Banking,No
ORD04203,1689,Dennis Salinas,Male,24,Bangalore,17-05-2024,Beauty,Face Wash,3,20037.04,,46886.67,28848.37,18038.3,Credit Card,Yes
ORD04204,1697,Megan Smith,Male,43,Hyderabad,12-11-2024, Beauty ,Perfume,2,39902.38,0.2,63843.81,41951.33,21892.48,Credit Card,No
ORD04205,1311,Christine Parker,Male,40,Chennai,30-10-2024,Beauty,Face Wash,2,20353.84,0.21,32159.07,26864.75,5294.32,Credit Card,No
ORD04206,1447,Lauren Eaton,Male,53,Pune,04-02-2024,Electronics,Smartwatch,1,41688.06,0.22,32516.69,19877.1,,UPI,Yes
ORD04207,1390,James Williams,Male,32,Pune,07-11-2023,Electronics,Laptop,5,38177.87,0.15,162255.95,107523.26,54732.69,Net Banking,Yes
ORD04208,1095,Blake Parker,Male,49,pune,2024/09/26,Beauty,Lipstick,5,29818.77,0.16,125238.83,95377.7,29861.13,UPI,No
ORD04209,1008,Randall Fritz,Male,19,Hyderabad,04-05-2023,Fashion,Jacket,4,6148.46,0.23,18937.26,16349.36,2587.9,NET BANKING,No
ORD04210,1294,Kelly Clark,Male,36,Bangalore,2024/11/02, Electronics ,Smartphone,5,44288.48,,174939.5,112556.67,62382.83,Debit Card,No
ORD04211,1093,Hannah Salazar,Female,42,Kolkata,23-09-2023, Electronics ,Headphones,5,15665.88,0.26,57963.76,51776.24,6187.52,Debit Card,No
ORD04212,1718,Jason Jones,Female,59,Chennai,26-11-2024,Fashion,Jacket,1,1872.52,0.12,1647.82,1108.78,539.04,Cash on Delivery,Yes
ORD04213,1007,John Coleman,Female,52,Kolkata,28-04-2023,Beauty,Face Wash,5,46664.78,0.07,216991.23,177217.72,39773.51,Credit Card,No
ORD04214,1497,Alison Coleman,Female,28,Delhi,17-10-2024,Fashion,Dress,2,43316.01,0.08,79701.46,61147.7,18553.76,Cash on Delivery,No
ORD04215,1772,Courtney Fowler,Female,24,bangalore,2024/03/20,Beauty,Face Wash,1,29637.05,0.16,24895.12,18430.56,6464.56,UPI,No
ORD04216,1364,Whitney Villanueva,Female,36,Delhi,21-09-2023,Fashion,Jacket,5,24516.64,0.2,98066.56,61747.1,36319.46,Debit Card,Yes
ORD04217,1750,Michael Cooper,Male,35,Bangalore,18-07-2023, Electronics ,Smartwatch,1,9891.95,0.08,9100.59,7257.97,1842.62,Cash on Delivery,No
ORD04218,1484,Christopher Noble,Male,30,Bangalore,03-01-2024,Home,Chair,1,25547.53,0.01,25292.05,22061.19,3230.86,Credit Card,No
ORD04219,1529,Ann Robbins,Female,42,Kolkata,2023/07/26, Fashion ,Jacket,5,10782.39,0.16,45286.04,33316.76,11969.28,Net Banking,Yes
ORD04220,1084,Michael Alexander,Male,20,nan,20-04-2023,Electronics,Headphones,4,45140.27,0.2,144448.86,95403.14,49045.72,Net Banking,No
ORD04221,1230,James Haley,Female,23,,28-08-2024,Fashion,Jacket,4,39151.55,0.22,122152.84,105592.72,16560.12,Net Banking,No
ORD04222,1387,Laura Myers,Female,48,,01-12-2024,Home,Chair,4,16739.91,,63611.66,47305.53,16306.13,Debit Card,No
ORD04223,1780,Geoffrey Carter,Female,50,Mumbai,05-11-2024,Fashion,Jacket,2,4898.05,0.01,9698.14,7283.66,2414.48,Net Banking,Yes
ORD04224,1272,Briana Schultz,Female,27,Hyderabad,22-11-2023,Electronics,Laptop,4,49144.78,0.23,151365.92,116232.63,35133.29,Debit Card,No
ORD04225,1680,Theresa Baker,Male,31,mumbai,10-01-2024,Fashion,Jeans,4,1774.18,0.13,6174.15,5246.99,927.16,Cash on Delivery,No
ORD04226,1478,Cynthia Moon,Female,54,Mumbai,2023/07/13,Electronics,Smartphone,2,2173.75,0.15,3695.38,2358.15,1337.23,UPI,No
ORD04227,1507,Jordan Anderson,Male,46,Hyderabad,26-04-2023,Home,Vacuum Cleaner,2,38511.15,0.13,67009.4,46567.4,20442.0,UPI,Yes
ORD04228,1249,Jeremy Lambert,Female,40,Pune,2024/06/22,Beauty,Face Wash,2,34975.53,0.14,60157.91,49605.62,10552.29,NET BANKING,No
ORD04229,1522,Joshua Carrillo,Female,36,Bangalore,04-01-2024,Fashion,Jacket,5,35609.21,0.08,163802.37,140710.28,23092.09,Cash on Delivery,No
ORD04230,1373,Anna Jennings,Male,45,Pune,17-04-2024,Electronics,Smartwatch,2,14100.29,0.03,27354.56,23895.98,,Cash on Delivery,No
ORD04231,1199,Robin Mercer,Female,18,kolkata,25-03-2024,Electronics,Laptop,2,16060.75,0.15,27303.27,24037.41,3265.86,UPI,No
ORD04232,1302,Shane Ramsey,Female,34,Delhi,17-03-2023,Beauty,Perfume,4,3711.97,0.01,14699.4,12662.7,2036.7,Net Banking,Yes
ORD04233,1718,John Griffith,Female,26,mumbai,2024/04/07, Beauty ,Shampoo,1,4851.62,0.11,4317.94,2615.07,1702.87,Cash on Delivery,No
ORD04234,1748,Donna Santiago,Female,44,Bangalore,15-11-2023,Electronics,Smartphone,2,10169.51,0.05,19322.07,15790.83,,Cash on Delivery,No
ORD04235,1668,,Female,41,chennai,2024/03/14,Fashion,Jacket,1,22329.91,0.23,17194.03,14869.74,2324.29,UPI,No
ORD04236,1301,Andrew Olson,Male,35,Pune,2023/05/01,Beauty,Moisturizer,5,3297.11,0.25,12364.16,8630.64,3733.52,UPI,No
ORD04237,1701,Jill Williams,Male,44,Chennai,28-08-2024,Home,Lamp,1,9945.0,0.03,9646.65,8303.86,,Cash on Delivery,No
ORD04238,1206,Jessica Jordan,Male,27,Hyderabad,11-09-2023,Electronics,Headphones,1,43881.43,0.13,38176.84,23073.28,,Net Banking,No
ORD04239,1666,Elizabeth Hutchinson,Female,34,Pune,07-03-2023,Beauty,Perfume,4,7901.33,0.13,27496.63,22943.41,4553.22,NET BANKING,No
ORD04240,1320,Nancy Richards,Male,36,Pune,02-04-2023,Fashion,Sneakers,3,40467.99,0.23,93481.06,82520.87,10960.19,Cash on Delivery,No
ORD04241,1610,Tiffany Lynn,Male,39,Chennai,04-09-2023,Beauty,Shampoo,5,16695.32,0.26,61772.68,53986.94,7785.74,Credit Card,No
ORD04242,1655,Brian Alvarado,Female,46,,14-04-2024,Home,Vacuum Cleaner,5,19589.97,0.25,73462.39,45096.27,28366.12,UPI,No
ORD04243,1787,Yolanda Lopez,Female,52,Chennai,2024/07/07,Fashion,Jacket,1,43419.92,0.09,39512.13,28223.62,11288.51,Credit Card,Yes
ORD04244,1620,Charles Harris,Female,19,Bangalore,31-10-2023,Beauty,Face Wash,4,38879.61,0.24,118194.01,81049.51,37144.5,Net Banking,Yes
ORD04245,1266,Kathryn Valdez,Male,60,Hyderabad,2024/07/08,Beauty,Perfume,4,14827.99,0.25,44483.97,38244.67,6239.3,UPI,No
ORD04246,1371,William Carlson,Male,30,Chennai,19-12-2024,Beauty,Moisturizer,2,23166.34,0.06,43552.72,35771.25,,Debit Card,Yes
ORD04247,1702,Jennifer Clark,Male,38,Delhi,21-03-2024,Beauty,Lipstick,1,10492.48,0.24,7974.28,6721.88,1252.4,Debit Card,Yes
ORD04248,1545,James Johnson,Female,37,kolkata,2024/09/25,Beauty,Moisturizer,3,47328.58,0.01,140565.88,110288.13,30277.75,Cash on Delivery,No
ORD04249,1648,Sherry Lloyd,Male,42,Chennai,04-08-2023,Beauty,Moisturizer,4,31085.37,0.08,114394.16,68911.85,45482.31,NET BANKING,Yes
ORD04250,1208,Danny Hubbard,Male,36,Hyderabad,2024/05/16,Beauty,Lipstick,1,1563.02,0.28,1125.37,727.04,398.33,Net Banking,No
ORD04251,1064,Diana Harris,Female,22,Delhi,2023/06/02,Fashion,Jacket,1,3030.77,0.25,2273.08,1721.27,551.81,Net Banking,Yes
ORD04252,1209,Hannah Horne,Male,19,Hyderabad,2024/01/25,Electronics,Headphones,5,13877.51,0.03,67305.92,56572.83,10733.09,Debit Card,Yes
ORD04253,1334,Carla George,Female,33,Bangalore,2024/05/07,Home,Mixer,5,38896.02,0.1,175032.09,145942.87,29089.22,UPI,No
ORD04254,1422,Kimberly Ferguson,Female,21,Chennai,2023/09/20,Home,Desk,3,24170.42,0.2,58009.01,43333.44,14675.57,Credit Card,No
ORD04255,1452,Sarah Velazquez,Female,30,Delhi,01-12-2023,Electronics,Laptop,2,10978.61,0.19,17785.35,14981.43,2803.92,Credit Card,Yes
ORD04256,1315,Denise Ruiz,Female,35,chennai,04-01-2023, Home ,Desk,3,40872.46,0.06,115260.34,76657.75,38602.59,UPI,Yes
ORD04257,1615,Cassandra Chambers,Female,19,Pune,2023/02/09,Beauty,Lipstick,3,20945.18,0.15,53410.21,43566.14,9844.07,UPI,No
ORD04258,1325,Nicole Dorsey,Male,50,pune,04-02-2024,Beauty,Moisturizer,2,5294.23,0.17,8788.42,7315.32,1473.1,Debit Card,No
ORD04259,1001,Jonathan King,Female,45,Chennai,13-05-2024,Home,Chair,5,16551.22,0.02,81100.98,64659.27,16441.71,Debit Card,Yes
ORD04260,1731,,Male,28,Chennai,2023/04/09,Home,Lamp,3,4592.6,0.14,11848.91,7434.58,4414.33,Debit Card,No
ORD04261,1687,Sean Jones,Male,23,Bangalore,27-01-2024,Home,Vacuum Cleaner,2,17134.01,0.25,25701.01,17881.32,7819.69,Cash on Delivery,No
ORD04262,1448,David Russell,Female,53,Mumbai,2023/11/19,Fashion,Sneakers,2,11553.68,0.14,19872.33,13310.16,6562.17,Credit Card,No
ORD04263,1093,Brianna Herrera,Female,37,Bangalore,17-04-2024,Electronics,Smartphone,2,3905.89,,7030.6,5868.86,1161.74,Credit Card,No
ORD04264,1511,Mr. Shawn Lester,Male,58,Bangalore,2023/03/25,Home,Mixer,1,36015.26,0.05,34214.5,25574.01,8640.49,Credit Card,Yes
ORD04265,1725,Andrea Rodriguez,Male,24,Hyderabad,2023/08/21,Home,Chair,5,4489.53,0.09,20427.36,16066.09,4361.27,Credit Card,No
ORD04266,1691,Sarah Martin,Female,26,Bangalore,24-08-2024,Beauty,Moisturizer,4,30488.99,0.23,93906.09,81068.14,12837.95,Cash on Delivery,Yes
ORD04267,1000,Richard Berry,Male,47,Pune,22-09-2024,Home,Mixer,1,16508.23,0.1,14857.41,9774.96,5082.45,Credit Card,No
ORD04268,1707,,Female,47,Delhi,2023/02/28,Home,Desk,1,43642.85,,40151.42,24380.5,15770.92,Cash on Delivery,No
ORD04269,1201,Richard Simmons,Female,25,Chennai,27-01-2024,Beauty,Face Wash,2,6377.01,0.29,9055.35,6472.66,2582.69,Credit Card,No
ORD04270,1330,Charles Murray,Male,24,Chennai,04-04-2023,Beauty,Face Wash,5,43702.66,0.28,157329.58,128214.45,29115.13,Cash on Delivery,Yes
ORD04271,1287,Mrs. Kelly Sanchez,Female,21,,06-03-2023,Fashion,T-Shirt,2,36711.99,0.21,58004.94,40462.13,17542.81,DEBIT CARD,No
ORD04272,1325,John Flores DVM,Female,34,Mumbai,30-01-2023, Fashion ,T-Shirt,2,4698.42,0.04,9020.97,6623.24,2397.73,Cash on Delivery,No
ORD04273,1784,Wanda Marks,Male,36,Pune,27-02-2023,Electronics,Smartphone,1,39888.26,0.01,39489.38,23823.42,15665.96,Net Banking,No
ORD04274,1186,Jessica Petersen,Male,49,Kolkata,2023/01/05,Beauty,Perfume,1,15368.71,0.23,11833.91,7125.66,4708.25,Cash on Delivery,No
ORD04275,1448,Richard Marquez,Female,32,Pune,2024/10/23,Beauty,Shampoo,4,17913.48,0.05,68071.22,45921.64,22149.58,Net Banking,No
ORD04276,1216,Sarah Guzman,Female,48,Mumbai,13-10-2023,Electronics,Smartwatch,3,4673.82,,11357.38,7779.95,3577.43,Debit Card,No
ORD04277,1343,Jeffrey Johnson,Male,32,Hyderabad,13-10-2023,Beauty,Face Wash,3,21240.06,0.2,50976.14,35162.22,15813.92,Debit Card,No
ORD04278,1407,Kristy Lucero,Female,25,,2023/05/14,Electronics,Smartwatch,2,360.33,,605.35,455.88,149.47,Net Banking,No
ORD04279,1581,Nathan Bass,Female,30,Pune,2024/04/14, Fashion ,Sneakers,3,29347.99,0.23,67793.86,57167.19,10626.67,Debit Card,No
ORD04280,1408,Monica Hughes,Male,34,Chennai,26-04-2023, Electronics ,Headphones,2,21162.0,0.03,41054.28,32478.62,8575.66,Net Banking,No
ORD04281,1726,Stacie Hernandez,Male,35,Chennai,25-05-2023,Fashion,Dress,3,20941.7,0.3,43977.57,28509.2,15468.37,Credit Card,No
ORD04282,1106,Lisa Smith,Male,24,,01-03-2023,Electronics,Tablet,2,32794.35,0.17,54438.62,40561.12,13877.5,UPI,Yes
ORD04283,1147,Elizabeth Sullivan,Male,49,Hyderabad,10-05-2024,Electronics,Laptop,4,22198.98,0.17,73700.61,52813.02,20887.59,Net Banking,No
ORD04284,1167,Joseph Murray,,26,Kolkata,2024/07/30,Home,Desk,5,14264.93,0.29,50640.5,42353.22,8287.28,UPI,No
ORD04285,1372,Taylor Hill,Female,52,Bangalore,11-04-2023,Fashion,Sneakers,1,7858.2,0.09,7150.96,5258.24,1892.72,Cash on Delivery,No
ORD04286,1755,Kathy Foster,Female,21,Delhi,26-03-2023,Electronics,Smartphone,3,20937.34,0.2,50249.62,44926.13,5323.49,Credit Card,Yes
ORD04287,1647,Charles Bailey,Female,56,Pune,31-03-2024,Home,Chair,3,40786.54,0.19,99111.29,83584.14,15527.15,Credit Card,Yes
ORD04288,1435,Andrew Shaw,Female,18,Delhi,2024/07/04,Home,Chair,4,28372.46,0.13,98736.16,85809.45,12926.71,UPI,Yes
ORD04289,1619,Jessica Reyes,,30,Kolkata,31-01-2024,Home,Vacuum Cleaner,2,12619.61,0.12,22210.51,14759.11,7451.4,Net Banking,No
ORD04290,1140,Kimberly Pineda,Female,47,,12-10-2023,Home,Desk,1,16778.39,0.23,12919.36,8601.7,4317.66,UPI,No
ORD04291,1609,Jason Carlson,Female,44,Hyderabad,29-01-2023,Beauty,Shampoo,5,28097.87,0.14,120820.84,74166.82,46654.02,UPI,No
ORD04292,1153,Julia Brewer,Female,36,mumbai,28-01-2023,Home,Lamp,5,13238.19,0.05,62881.4,49093.8,13787.6,Debit Card,Yes
ORD04293,1004,Linda Moore,Female,55,Bangalore,15-01-2023,Home,Lamp,4,31055.39,0.23,95650.6,75924.83,19725.77,Net Banking,No
ORD04294,1133,Cristian Lamb,Male,46,Hyderabad,2023/11/14,Fashion,Sneakers,3,4055.25,,11557.46,9256.97,2300.49,Credit Card,No
ORD04295,1674,Mark Floyd,Male,32,Pune,14-06-2023,Electronics,Headphones,4,9133.0,0.17,30321.56,20765.19,9556.37,Net Banking,No
ORD04296,1638,Ryan Hernandez,Male,58,Mumbai,06-06-2023,Home,Chair,4,49053.59,0.07,182479.35,125810.83,56668.52,Credit Card,No
ORD04297,1044,Todd Kemp,Male,22,Chennai,24-08-2023,Fashion,Jeans,3,16537.04,0.03,48122.79,32879.98,15242.81,Credit Card,Yes
ORD04298,1639,Terri Nelson,Male,44,Hyderabad,26-01-2023,Home,Chair,5,11015.68,0.14,47367.42,32101.64,15265.78,Credit Card,Yes
ORD04299,1336,Eric Smith,Female,34,Kolkata,14-06-2024,Fashion,Dress,3,40029.86,0.25,90067.18,78263.35,11803.83,Credit Card,Yes
ORD04300,1504,Sarah Cabrera,Female,55,Hyderabad,13-07-2023,Beauty,Perfume,5,44292.14,0.28,159451.7,136307.83,23143.87,CASH ON DELIVERY,No
ORD04301,1431,Kimberly Thompson,Female,53,Kolkata,02-11-2024,Fashion,Sneakers,4,10071.96,0.17,33438.91,24619.45,8819.46,Cash on Delivery,No
ORD04302,1535,Renee Harrison,Female,56,Mumbai,17-07-2023,Electronics,Smartwatch,4,3159.58,0.15,10742.57,6461.05,4281.52,UPI,No
ORD04303,1420,Kimberly Rowland,Male,41,pune,25-12-2024,Beauty,Lipstick,1,23546.83,0.11,20956.68,14021.67,6935.01,Debit Card,No
ORD04304,1059,Benjamin Reyes,Male,59,Bangalore,2023/04/18,Fashion,Dress,2,49590.67,0.2,79345.07,69385.02,9960.05,Debit Card,No
ORD04305,1240,Jesse Hughes,Male,41,mumbai,24-10-2023,Electronics,Headphones,1,14794.9,0.2,11835.92,8694.34,3141.58,Net Banking,No
ORD04306,1355,Mathew Tran,Male,44,Delhi,2024/11/04,Beauty,Shampoo,4,37374.03,0.13,130061.62,108639.5,,UPI,No
ORD04307,1120,Pedro Lang,,53,Kolkata,2024/06/11, Home ,Mixer,2,3910.39,0.06,7351.53,5246.83,2104.7,UPI,No
ORD04308,1192,David Simmons,Male,26,Delhi,24-10-2024,Home,Mixer,4,43937.54,0.09,159932.65,96894.61,63038.04,Debit Card,No
ORD04309,1635,,Female,47,Pune,21-12-2024,Electronics,Smartwatch,5,47516.21,0.28,171058.36,145601.53,25456.83,CASH ON DELIVERY,No
ORD04310,1126,Richard Wilson,Male,34,Hyderabad,17-10-2023,Home,Mixer,5,19683.25,0.08,90542.95,67331.5,23211.45,UPI,No
ORD04311,1440,Christian Wright,Male,36,Mumbai,27-12-2023,Beauty,Lipstick,3,4326.13,,9863.58,8616.1,1247.48,Net Banking,No
ORD04312,1224,Michael Robertson,Female,21,Hyderabad,18-08-2024,Beauty,Perfume,2,28122.69,0.09,51183.3,43010.37,8172.93,Debit Card,No
ORD04313,1151,Michael Mcdaniel,Male,26,Delhi,12-11-2024,Beauty,Face Wash,4,43432.28,0.23,133771.42,101803.49,31967.93,Cash on Delivery,No
ORD04314,1231,Raymond Powers,Female,24,Kolkata,29-07-2024,Electronics,Smartwatch,4,26001.99,0.24,79046.05,56281.29,22764.76,Cash on Delivery,Yes
ORD04315,1014,Joseph Hobbs,Female,33,,2023/11/02,Beauty,Perfume,2,2406.02,0.28,3464.67,2281.99,1182.68,Debit Card,Yes
ORD04316,1078,Christopher Colon,Male,38,,12-02-2023,Home,Vacuum Cleaner,2,14672.4,0.16,24649.63,17803.75,6845.88,Debit Card,No
ORD04317,1242,Candice Douglas,Male,29,pune,08-04-2024, Electronics ,Tablet,1,16606.25,0.04,15942.0,11041.44,4900.56,Cash on Delivery,No
ORD04318,1420,,Male,18,Kolkata,22-12-2023,Electronics,Smartphone,4,23173.49,0.25,69520.47,50498.94,19021.53,UPI,No
ORD04319,1404,Jackie Thompson,,55,Delhi,03-03-2023,Electronics,Laptop,4,11813.18,0.22,36857.12,32660.42,4196.7,UPI,No
ORD04320,1577,Nichole Dorsey,Male,23,Bangalore,07-01-2024,Beauty,Face Wash,4,49809.28,0.06,187282.89,139321.79,47961.1,Debit Card,No
ORD04321,1619,Chad Williams,Male,27,Bangalore,04-05-2023,Fashion,T-Shirt,1,48582.96,0.06,45667.98,30477.39,15190.59,UPI,Yes
ORD04322,1685,Megan Pennington,,54,Mumbai,09-03-2023,Beauty,Moisturizer,5,6595.61,0.1,29680.24,20654.44,9025.8,Net Banking,No
ORD04323,1787,Sandra Williams,Male,27,Mumbai,17-11-2023,Beauty,Face Wash,5,5917.95,0.25,22192.31,14106.7,8085.61,Net Banking,No
ORD04324,1558,Tina Nunez,,60,delhi,16-05-2024,Fashion,Dress,5,44132.77,0.24,167704.53,100772.29,66932.24,UPI,No
ORD04325,1766,Cynthia Garcia,Female,-5,Delhi,23-02-2023,Electronics,Laptop,3,6059.22,0.18,14905.68,10680.53,4225.15,Credit Card,No
ORD04326,1486,David Byrd,Male,37,Mumbai,19-12-2023,Electronics,Headphones,5,35622.11,0.28,128239.6,102690.78,25548.82,Debit Card,Yes
ORD04327,1193,Justin Rhodes,Female,28,Delhi,2023/01/29,Electronics,Smartphone,4,11786.23,0.08,43373.33,28166.53,15206.8,UPI,No
ORD04328,1219,Justin Richardson,Female,45,Pune,11-09-2024,Home,Lamp,2,28200.75,0.13,49069.31,42384.91,6684.4,Cash on Delivery,No
ORD04329,1095,Robert Hernandez,Male,43,Kolkata,27-01-2023,Electronics,Smartphone,5,44427.02,0.09,202142.94,158855.99,43286.95,Net Banking,No
ORD04330,1488,Nicole Lucas,Male,55,Mumbai,2023/04/04,Fashion,Jeans,5,47078.66,0.13,204792.17,169810.52,34981.65,UPI,Yes
ORD04331,1559,Ana Jackson,Male,20,Bangalore,25-11-2024,Home,Desk,4,49016.69,0.02,192145.42,166625.58,25519.84,Net Banking,No
ORD04332,1166,Jesse Ortega,Male,21,Pune,2023/05/09,Electronics,Headphones,4,20153.33,0.24,61266.12,53097.3,8168.82,Net Banking,No
ORD04333,1031,David Barber,Female,47,Delhi,05-11-2024,Fashion,T-Shirt,5,3039.55,0.05,14437.86,12649.64,1788.22,Net Banking,No
ORD04334,1273,Justin Newman,Male,43,Kolkata,19-08-2023,Electronics,Smartwatch,3,40938.29,0.24,93339.3,56629.96,36709.34,Cash on Delivery,No
ORD04335,1218,Brady Craig,Female,48,Kolkata,23-03-2024,Fashion,Jeans,2,40822.74,0.02,80012.57,58505.16,21507.41,UPI,Yes
ORD04336,1562,Jonathan Johnson,Male,31,Kolkata,03-07-2024,Electronics,Smartphone,1,40687.33,,39466.71,23908.3,15558.41,Net Banking,Yes
ORD04337,1242,Taylor Silva,Male,18,Delhi,09-11-2023,Home,Vacuum Cleaner,2,20297.64,,40189.33,24757.47,15431.86,Net Banking,Yes
ORD04338,1364,Arthur Campbell,Male,30,Delhi,05-12-2024,Beauty,Perfume,3,21399.68,0.05,60989.09,47453.95,13535.14,UPI,No
ORD04339,1642,Amy Carter,Female,48,Hyderabad,19-06-2024,Fashion,Jeans,2,48543.17,0.23,74756.48,56325.66,18430.82,UPI,No
ORD04340,1011,Brandon Scott Jr.,Female,47,Bangalore,02-05-2023,Fashion,Dress,3,47656.02,0.17,118663.49,103970.8,14692.69,Credit Card,No
ORD04341,1308,Danielle Byrd,Male,55,delhi,06-05-2024,Home,Chair,3,33820.77,0.29,72038.24,50095.18,,Credit Card,No
ORD04342,1253,Todd Oneill,Female,23,Delhi,14-10-2023,Fashion,Jeans,2,39062.36,0.12,68749.75,46917.79,21831.96,Cash on Delivery,No
ORD04343,1415,Mary Sullivan,Male,21,,21-12-2023,Electronics,Smartwatch,4,9237.71,0.07,34364.28,30229.29,4134.99,Net Banking,No
ORD04344,1064,Jason Johnson,Male,18,Hyderabad,2023/04/04,Home,Lamp,5,46110.44,0.05,219024.59,155507.45,63517.14,UPI,No
ORD04345,1500,Megan Wilson,Male,52,Kolkata,30-06-2024,Electronics,Headphones,1,5719.06,0.2,4575.25,3600.01,975.24,Credit Card,No
ORD04346,1095,William Davis,Male,33,Pune,29-03-2024,Beauty,Shampoo,5,48632.78,0.12,213984.23,145726.19,68258.04,CASH ON DELIVERY,No
ORD04347,1117,Eric Jordan,Male,45,Pune,2024/08/22,Beauty,Perfume,2,4713.21,,8483.78,5184.9,3298.88,Credit Card,No
ORD04348,1358,Michelle Rodriguez,Female,53,Delhi,16-03-2023, Fashion ,Jacket,4,12793.87,0.05,48616.71,38394.94,,DEBIT CARD,No
ORD04349,1377,Nathan Randall,Male,33,Bangalore,2023/01/26,Home,Desk,2,16566.98,0.15,28163.87,22543.42,5620.45,Cash on Delivery,Yes
ORD04350,1388,Hannah Perez,Female,23,Bangalore,08-02-2024,Beauty,Perfume,3,21096.28,0.09,57592.84,40913.26,16679.58,Debit Card,No
ORD04351,1070,Michael Miller,Male,39,Delhi,02-02-2023,Fashion,Sneakers,5,31062.75,0.14,133569.83,96243.04,37326.79,Credit Card,Yes
ORD04352,1635,Jesse Brooks,Female,19,Chennai,23-06-2023,Electronics,Tablet,5,28140.51,0.11,125225.27,78874.03,46351.24,Credit Card,No
ORD04353,1549,Stephanie Price,Male,20,Delhi,01-03-2023,Home,Lamp,4,31295.73,0.27,91383.53,71436.33,19947.2,Cash on Delivery,Yes
ORD04354,1432,Cynthia Robbins,Male,24,Kolkata,16-01-2024,Electronics,Headphones,3,419.52,0.12,1107.53,874.52,233.01,Net Banking,No
ORD04355,1521,Anthony Simmons,Male,36,Hyderabad,25-02-2023,Beauty,Moisturizer,1,8984.93,0.16,7547.34,5410.45,2136.89,UPI,No
ORD04356,1466,Patrick Moody,Female,42,Delhi,15-10-2023,Fashion,Sneakers,1,4872.51,,3995.46,2445.41,1550.05,Debit Card,No
ORD04357,1636,April Mckinney,Female,60,Pune,09-11-2023,Home,Vacuum Cleaner,5,10573.05,0.1,47578.72,39235.45,8343.27,CASH ON DELIVERY,No
ORD04358,1411,Jason Richardson,Male,25,Kolkata,29-05-2023,Fashion,Jacket,1,48142.67,,35625.58,30659.99,4965.59,Debit Card,No
ORD04359,1701,Marcus Levy,Female,18,Hyderabad,2023/08/06,Fashion,T-Shirt,1,42589.74,0.18,34923.59,27990.77,6932.82,UPI,No
ORD04360,1319,Brenda Johnston,,43,Delhi,2023/09/20,Electronics,Tablet,3,15924.84,,45863.54,28643.51,17220.03,Credit Card,No
ORD04361,1458,Kyle Johnson,Male,60,Mumbai,2024/03/24,Electronics,Tablet,2,25362.78,0.22,39565.94,29150.91,10415.03,Cash on Delivery,No
ORD04362,1677,Sean Parker,Male,31,Chennai,28-09-2024,Electronics,Smartwatch,3,30592.19,,77092.32,56247.04,20845.28,Cash on Delivery,Yes
ORD04363,1431,Melissa Lloyd,Male,27,Hyderabad,29-08-2024,Fashion,Jacket,3,14087.95,,34656.36,24694.45,9961.91,Cash on Delivery,No
ORD04364,1257,Jason Lewis,,41,chennai,02-06-2023,Beauty,Shampoo,5,13614.08,0.1,61263.36,50675.02,10588.34,Debit Card,No
ORD04365,1677,Jean Murray,Female,29,mumbai,12-11-2023,Home,Chair,3,34269.19,0.18,84302.21,51730.19,32572.02,Cash on Delivery,Yes
ORD04366,1408,Erica Oconnor,Male,52,Mumbai,09-09-2023,Home,Lamp,3,11608.68,0.26,25771.27,22743.04,3028.23,Credit Card,No
ORD04367,1389,Patrick Contreras,Female,23,Hyderabad,02-05-2023,Beauty,Perfume,4,28349.15,0.21,89583.31,67616.74,21966.57,Cash on Delivery,Yes
ORD04368,1317,,Male,54,Pune,23-10-2024,Fashion,Jeans,3,49912.55,0.25,112303.24,73194.88,39108.36,NET BANKING,No
ORD04369,1581,Amanda Arroyo,Female,32,Pune,13-09-2024,Fashion,Jacket,5,45537.04,0.14,195809.27,136350.05,59459.22,UPI,No
ORD04370,1756,Tina Smith,Male,44,Hyderabad,29-07-2023,Electronics,Tablet,1,48233.89,0.02,47269.21,36028.85,11240.36,Cash on Delivery,No
ORD04371,1712,Lisa Garrett,Male,59,Delhi,15-03-2024,Beauty,Shampoo,2,15954.36,0.21,25207.89,15820.3,9387.59,UPI,Yes
ORD04372,1175,Colleen Weaver,Male,26,Mumbai,26-03-2023,Beauty,Lipstick,3,15505.39,0.08,42794.88,25803.28,16991.6,Cash on Delivery,No
ORD04373,1700,,Male,44,Hyderabad,2024/02/18,Home,Mixer,2,30795.65,0.13,53584.43,35167.4,18417.03,Debit Card,No
ORD04374,1710,Robert Watkins,Female,43,Pune,01-06-2023,Beauty,Shampoo,3,46365.73,0.03,134924.27,109215.85,25708.42,Cash on Delivery,No
ORD04375,1265,Shaun Carter,Female,53,chennai,29-08-2024,Fashion,Jeans,5,22564.04,0.1,101538.18,69791.94,31746.24,DEBIT CARD,No
ORD04376,1205,Tiffany Jennings,Female,60,Hyderabad,04-12-2023,Electronics,Tablet,5,17755.54,0.02,87002.15,64371.36,22630.79,Net Banking,No
ORD04377,1200,Tony Bowen,Female,40,Bangalore,03-03-2023,Beauty,Moisturizer,1,7196.44,0.09,6548.76,5217.51,1331.25,Cash on Delivery,Yes
ORD04378,1789,Tricia Jackson,Male,24,bangalore,06-05-2024,Fashion,Jacket,1,27047.81,0.05,25695.42,16853.55,8841.87,Cash on Delivery,Yes
ORD04379,1507,Dennis Michael,Female,47,delhi,2024/10/04,Electronics,Tablet,4,8538.1,0.12,30054.11,21477.36,8576.75,Net Banking,No
ORD04380,1111,Joseph Chavez,Female,48,Kolkata,2023/11/03,Beauty,Shampoo,4,16396.34,0.18,53780.0,41998.99,11781.01,UPI,No
ORD04381,1081,Jacob Green,Male,44,Hyderabad,29-08-2024,Home,Lamp,1,1421.99,0.17,1180.25,1061.91,118.34,Cash on Delivery,No
ORD04382,1697,Curtis Scott,Female,60,Kolkata,31-08-2024,Fashion,Dress,3,11944.51,0.14,30816.84,22405.53,8411.31,Credit Card,No
ORD04383,1341,Ronald Smith,Female,32,Delhi,2024/10/16,Electronics,Headphones,4,8109.39,0.24,24652.55,19443.93,5208.62,UPI,No
ORD04384,1034,Kristin Klein,Female,55,Pune,2024/05/07,Electronics,Laptop,2,9752.36,0.27,14238.45,10969.66,3268.79,DEBIT CARD,No
ORD04385,1328,Michaela Montgomery,,48,Bangalore,06-12-2024,Beauty,Lipstick,4,33694.73,0.16,113214.29,78953.57,34260.72,Net Banking,Yes
ORD04386,1216,Cindy Chaney,Female,43,Kolkata,30-08-2023,Home,Chair,4,34578.61,,102352.69,67345.05,35007.64,UPI,No
ORD04387,1194,Travis Bentley,Female,35,Mumbai,2023/08/08, Home ,Vacuum Cleaner,3,31617.9,0.0,94853.7,61747.87,33105.83,UPI,Yes
ORD04388,1038,Eric Carter,,56,Kolkata,24-04-2023,Electronics,Smartwatch,5,35327.18,0.12,155439.59,120610.72,34828.87,UPI,Yes
ORD04389,1017,Lauren Garza,Male,43,Kolkata,2024/05/06,Home,Mixer,1,45052.27,0.02,44151.22,27706.06,16445.16,UPI,Yes
ORD04390,1559,Andrea Thomas,Male,25,Bangalore,2024/05/22,Beauty,Moisturizer,5,36325.74,0.1,163465.83,127928.3,35537.53,Debit Card,No
ORD04391,1444,Laura Thompson,Female,52,,11-09-2024,Electronics,Laptop,4,38797.45,,117944.25,79973.07,37971.18,Cash on Delivery,No
ORD04392,1015,Christopher Clark,Female,56,Delhi,2024/03/23,Fashion,T-Shirt,5,7315.19,0.05,34747.15,29206.23,5540.92,UPI,No
ORD04393,1575,,Female,21,,2024/08/05, Beauty ,Perfume,3,26202.15,0.2,62885.16,48097.05,14788.11,Credit Card,No
ORD04394,1622,Melinda Grant,Male,52,Pune,2023/01/24,Home,Lamp,4,35634.93,0.27,104054.0,72230.39,31823.61,CASH ON DELIVERY,Yes
ORD04395,1542,Bryan Brown,Female,34,Bangalore,21-08-2024,Home,Desk,2,8365.66,0.01,16564.01,12898.66,3665.35,Net Banking,No
ORD04396,1369,Olivia Gray,Female,27,Bangalore,2024/10/10,Home,Lamp,1,11138.33,0.24,8465.13,7013.24,,Credit Card,No
ORD04397,1185,Nicholas Hanson,Female,23,Chennai,21-10-2024,Beauty,Moisturizer,1,1321.31,,1202.39,939.97,262.42,Net Banking,No
ORD04398,1017,John Hudson,,49,Delhi,12-11-2024,Electronics,Headphones,3,47818.41,0.12,126240.6,110284.93,15955.67,Cash on Delivery,No
ORD04399,1750,Walter Aguilar,Female,38,delhi,2023/05/20,Fashion,Sneakers,1,24176.98,0.26,17890.97,14132.43,3758.54,CASH ON DELIVERY,No
ORD04400,1516,Luis Collier,Male,33,Pune,2023/12/22,Fashion,Sneakers,4,7493.67,0.25,22481.01,19130.24,3350.77,Net Banking,Yes
ORD04401,1315,,Male,31,,23-07-2023,Electronics,Laptop,2,41655.74,0.2,66649.18,42994.7,23654.48,UPI,No
ORD04402,1483,Dennis Johnson,,57,bangalore,2023/02/18,Home,Mixer,2,11998.91,0.22,18718.3,11367.54,,Cash on Delivery,No
ORD04403,1147,Dr. Debra Singleton MD,Male,23,nan,2024/07/21,Home,Chair,2,22370.16,0.14,38476.68,30517.69,7958.99,Cash on Delivery,Yes
ORD04404,1388,Katelyn Reyes,Female,55,Mumbai,2024/01/13,Beauty,Lipstick,4,37291.58,,143199.67,106587.05,36612.62,CASH ON DELIVERY,No
ORD04405,1681,Thomas Murphy,Male,55,Delhi,2024/02/26,Fashion,Jacket,3,21642.84,0.07,60383.52,39636.17,20747.35,Cash on Delivery,No
ORD04406,1352,William Mendez,Female,32,nan,20-12-2024,Fashion,Jeans,1,25741.83,0.05,24454.74,21899.04,2555.7,Net Banking,Yes
ORD04407,1339,Joanna Carrillo,Female,26,delhi,24-03-2023,Fashion,T-Shirt,5,29117.23,0.22,113557.2,97226.22,16330.98,Debit Card,Yes
ORD04408,1319,Joshua Clark,Male,50,Mumbai,06-02-2024,Electronics,Tablet,2,14214.24,0.02,27859.91,23862.41,3997.5,NET BANKING,No
ORD04409,1660,Stephanie Clark,Female,51,Hyderabad,2024/03/08, Electronics ,Headphones,1,16394.32,0.0,16394.32,13022.36,3371.96,Net Banking,No
ORD04410,1257,Janice Jensen,Male,43,Delhi,2024/04/23,Fashion,Jeans,2,44007.82,0.04,84495.01,70692.31,13802.7,Cash on Delivery,No
ORD04411,1217,Tony Martinez,Female,42,Pune,09-09-2024,Beauty,Lipstick,1,10966.01,0.18,8992.13,7596.57,1395.56,Credit Card,No
ORD04412,1706,Michael Thomas,Female,55,Kolkata,11-08-2023,Electronics,Smartphone,3,39619.35,0.0,118858.05,92863.28,25994.77,Credit Card,No
ORD04413,1644,Victoria Mcdonald,Male,24,Hyderabad,23-02-2023,Fashion,Jacket,5,36579.91,0.25,137174.66,99200.17,37974.49,UPI,Yes
ORD04414,1098,Tina Montgomery,Male,28,Hyderabad,14-10-2024,Electronics,Smartphone,3,6177.37,0.16,15566.97,13292.8,2274.17,UPI,No
ORD04415,1777,,Male,48,Delhi,25-11-2023,Fashion,Jeans,5,47904.87,0.18,196409.97,146265.01,50144.96,Credit Card,No
ORD04416,1304,Justin Cole,Male,34,Bangalore,04-01-2023,Beauty,Face Wash,4,22013.14,0.29,62517.32,51269.62,11247.7,Credit Card,No
ORD04417,1072,Laura Fletcher,Male,60,Kolkata,2023/06/25,Electronics,Smartphone,4,36821.16,0.15,125191.94,95413.34,29778.6,Net Banking,Yes
ORD04418,1148,Danielle Barnes,Female,59,,11-07-2023,Fashion,Dress,4,11636.49,0.11,41425.9,33641.76,7784.14,Cash on Delivery,No
ORD04419,1057,Antonio Ware,Female,46,Mumbai,10-08-2023,Electronics,Laptop,5,2107.64,0.03,10222.05,6353.72,3868.33,Debit Card,No
ORD04420,1775,Adam Mccoy,,51,Hyderabad,22-11-2023,Electronics,Smartphone,3,42759.72,0.06,120582.41,84484.66,36097.75,Debit Card,No
ORD04421,1774,Stephanie Cook,Male,22,Hyderabad,15-08-2023, Fashion ,Jacket,2,19744.6,0.05,37514.74,27079.27,10435.47,Debit Card,No
ORD04422,1564,Christopher Blake,Male,40,Kolkata,20-05-2024,Electronics,Smartwatch,2,19272.13,0.12,33918.95,25769.14,8149.81,Credit Card,No
ORD04423,1770,Kevin Elliott,Male,32,Pune,24-12-2023,Beauty,Perfume,1,39775.29,0.12,35002.26,24940.32,10061.94,UPI,No
ORD04424,1077,,Female,53,Hyderabad,14-08-2023,Fashion,Jeans,3,6762.47,0.01,20084.54,13721.01,6363.53,Cash on Delivery,No
ORD04425,1452,Vanessa Hall,Male,23,Hyderabad,15-12-2023,Beauty,Face Wash,3,32170.14,0.22,75278.13,61663.32,13614.81,Debit Card,No
ORD04426,1762,Matthew Rich,Male,48,Bangalore,2023/08/15,Fashion,T-Shirt,5,11485.89,0.22,44794.97,28738.37,16056.6,DEBIT CARD,No
ORD04427,1262,Mark Hunt,Male,21,Hyderabad,04-09-2024,Beauty,Perfume,3,41148.75,0.02,120977.32,98637.83,22339.49,UPI,No
ORD04428,1022,Julie Edwards,Female,52,Hyderabad,13-09-2023,Electronics,Smartwatch,2,27660.19,0.12,48681.93,39429.61,9252.32,Debit Card,No
ORD04429,1151,Mary Buchanan,Male,36,Bangalore,25-01-2023,Beauty,Shampoo,5,28205.56,0.15,119873.63,87708.69,32164.94,UPI,Yes
ORD04430,1055,Melvin Phelps,Male,36,Kolkata,2024/09/09,Home,Mixer,5,7585.48,0.13,32996.84,26963.07,6033.77,Cash on Delivery,Yes
ORD04431,1574,Bobby Walker,Female,46,delhi,2023/01/15,Home,Vacuum Cleaner,3,10865.02,0.01,32269.11,22687.56,9581.55,Debit Card,No
ORD04432,1241,Ryan Jones,Female,33,Kolkata,2024/03/03,Electronics,Laptop,2,1233.22,0.12,2170.47,1891.19,279.28,Cash on Delivery,Yes
ORD04433,1674,Jamie Smith,Female,56,Kolkata,2023/12/08,Beauty,Moisturizer,4,33519.44,0.14,115306.87,91657.61,23649.26,Debit Card,Yes
ORD04434,1199,Sarah Thomas,Male,57,Bangalore,16-06-2023,Home,Lamp,4,19288.48,0.24,58636.98,39771.83,18865.15,Debit Card,No
ORD04435,1370,Cole Richardson,Female,54,Delhi,2023/09/17,Beauty,Moisturizer,4,26863.1,0.01,106377.88,70271.42,36106.46,Debit Card,No
ORD04436,1383,Brittany Orr,Female,48,Hyderabad,04-10-2023,Beauty,Moisturizer,5,40646.9,0.14,174781.67,150184.81,24596.86,Net Banking,No
ORD04437,1364,Jonathan Douglas,Female,27,Chennai,28-09-2024,Home,Vacuum Cleaner,5,31293.96,0.0,156469.8,128049.84,28419.96,Cash on Delivery,Yes
ORD04438,1678,Samantha Neal,Female,56,kolkata,2024/11/22,Beauty,Face Wash,2,43589.46,0.14,74973.87,48945.71,26028.16,Credit Card,No
ORD04439,1777,,Female,47,Delhi,2023/07/07,Fashion,Sneakers,2,13566.76,0.11,24148.83,16394.57,7754.26,DEBIT CARD,No
ORD04440,1588,Adrienne Lam,Male,30,Hyderabad,12-07-2023,Home,Vacuum Cleaner,2,39922.61,0.21,63077.72,39192.28,23885.44,UPI,Yes
ORD04441,1623,Timothy Bishop,Male,46,Kolkata,08-02-2023,Electronics,Tablet,2,30469.62,0.27,44485.65,32032.57,12453.08,Net Banking,No
ORD04442,1547,Linda Johnson,Female,31,Pune,11-06-2023,Beauty,Perfume,1,40260.27,0.04,38649.86,30473.76,,Cash on Delivery,No
ORD04443,1208,Vincent Price,Male,27,chennai,2024/11/09,Beauty,Lipstick,1,38776.03,0.25,29082.02,25090.83,3991.19,Credit Card,No
ORD04444,1653,Stephanie Ballard,Female,49,Delhi,2024/01/15,Home,Mixer,5,16505.82,0.13,71800.32,48943.79,22856.53,Credit Card,No
ORD04445,1187,Sheryl Torres,Female,33,Kolkata,14-06-2024,Home,Vacuum Cleaner,3,635.36,0.07,1772.65,1083.4,689.25,Credit Card,No
ORD04446,1664,Ms. Samantha Mooney DVM,Male,57,Hyderabad,15-06-2023,Home,Vacuum Cleaner,2,35942.06,0.29,51037.73,33114.96,17922.77,Net Banking,No
ORD04447,1417,Joseph Barnett,,22,Hyderabad,27-10-2023,Home,Desk,5,17731.21,0.24,67378.6,51745.11,15633.49,Debit Card,No
ORD04448,1218,David Mcdowell,Female,32,hyderabad,25-12-2024,Beauty,Perfume,1,37031.88,0.11,32958.37,22992.27,9966.1,UPI,No
ORD04449,1418,Mrs. Alicia Brown MD,Male,58,Mumbai,2023/04/12,Home,Desk,1,48933.82,0.07,45508.45,40243.38,5265.07,CREDIT CARD,No
ORD04450,1277,Elizabeth Kennedy,Female,54,Pune,2023/08/02,Electronics,Laptop,1,45104.6,0.21,35632.63,26211.61,9421.02,CREDIT CARD,No
ORD04451,1137,Joshua Warren,Female,44,Kolkata,29-10-2023,Home,Vacuum Cleaner,1,29109.54,0.27,21249.96,17501.17,3748.79,Net Banking,No
ORD04452,1303,Douglas Jenkins,Female,42,,07-07-2024, Home ,Desk,3,2191.77,0.07,6115.04,4813.46,1301.58,NET BANKING,No
ORD04453,1519,Megan Williamson,Male,60,Bangalore,2023/01/19,Electronics,Headphones,5,1491.81,0.01,7384.46,5217.22,2167.24,Cash on Delivery,Yes
ORD04454,1135,Todd Gill,,33,Delhi,29-08-2023,Home,Chair,3,29966.06,0.05,85403.27,69860.98,15542.29,UPI,No
ORD04455,1726,Michael Griffin,Female,41,Pune,28-05-2024,Beauty,Perfume,1,43602.16,0.13,37933.88,32797.67,5136.21,Debit Card,Yes
ORD04456,1168,Nathan Perez,Female,20,Chennai,23-12-2024,Fashion,Jacket,5,39169.66,0.13,170388.02,148523.14,21864.88,Cash on Delivery,No
ORD04457,1763,Travis Carey,Male,21,Kolkata,17-10-2023,Beauty,Shampoo,3,10838.0,0.13,28287.18,17007.69,11279.49,Credit Card,Yes
ORD04458,1483,Natalie Lam,Male,49,,12-05-2024,Fashion,Sneakers,5,9570.96,0.27,34934.0,28067.19,6866.81,Net Banking,Yes
ORD04459,1617,Kathryn Hines,Male,37,Mumbai,24-11-2023,Home,Chair,5,13911.5,0.16,58428.3,52364.84,6063.46,Cash on Delivery,Yes
ORD04460,1645,Christina Guzman,Female,57,Delhi,26-11-2024,Beauty,Face Wash,3,46316.41,0.24,105601.41,79365.96,26235.45,Credit Card,No
ORD04461,1331,Abigail Dorsey,Female,40,Hyderabad,2024/11/11,Fashion,Dress,1,44428.43,0.26,32877.04,23357.55,9519.49,Net Banking,Yes
ORD04462,1668,Taylor Hurley,Female,48,Delhi,30-08-2024,Electronics,Laptop,4,11484.53,0.09,41803.69,37049.03,4754.66,Net Banking,No
ORD04463,1162,Mrs. Kimberly Sloan MD,Male,38,Chennai,2024/06/10,Beauty,Perfume,5,29437.67,0.04,141300.82,104990.78,36310.04,Credit Card,No
ORD04464,1440,Brian Garcia,Female,52,Delhi,2024/01/06,Fashion,Jacket,1,22884.91,,21511.82,18127.94,3383.88,Cash on Delivery,No
ORD04465,1650,John Hall,Male,24,Hyderabad,08-11-2024,Beauty,Perfume,2,12748.01,0.23,19631.94,13819.82,5812.12,NET BANKING,Yes
ORD04466,1111,Brooke Taylor,Male,28,Mumbai,03-05-2023,Home,Lamp,1,16807.03,0.08,15462.47,9491.91,5970.56,Cash on Delivery,No
ORD04467,1377,Evan Barrett,Male,50,Pune,21-07-2024,Electronics,Smartwatch,1,5441.27,0.2,4353.02,3359.78,993.24,UPI,Yes
ORD04468,1719,Charles Hubbard,Male,53,Kolkata,13-02-2023,Beauty,Shampoo,2,21993.53,0.04,42227.58,35485.63,6741.95,Net Banking,No
ORD04469,1241,Laurie Herrera,Male,30,Mumbai,27-06-2023,Electronics,Tablet,5,47845.89,,203345.03,148880.63,54464.4,Cash on Delivery,No
ORD04470,1243,Joseph Austin,Female,31,Bangalore,06-08-2023,Fashion,Sneakers,1,17037.07,0.28,12266.69,8326.33,3940.36,Net Banking,No
ORD04471,1054,Stephen Rodriguez,Male,31,Kolkata,12-10-2024,Electronics,Headphones,4,29712.19,0.19,96267.5,74735.93,21531.57,Credit Card,No
ORD04472,1006,Laura Good,Female,40,Mumbai,2024/07/29,Electronics,Smartphone,3,24569.35,0.26,54543.96,34784.76,19759.2,Debit Card,No
ORD04473,1149,,Female,19,Delhi,10-06-2023,Electronics,Headphones,1,423.22,0.02,414.76,275.14,139.62,Debit Card,Yes
ORD04474,1031,Holly Austin,Female,39,Hyderabad,2023/03/05,Fashion,T-Shirt,1,2261.81,0.04,2171.34,1409.17,762.17,Debit Card,No
ORD04475,1111,Jason Elliott,Male,21,Hyderabad,23-06-2023,Home,Lamp,1,16655.84,0.18,13657.79,11124.52,2533.27,Cash on Delivery,No
ORD04476,1513,Susan Zamora,Male,60,Mumbai,2024/02/14,Fashion,Dress,3,13057.77,0.27,28596.52,22529.68,6066.84,Credit Card,No
ORD04477,1636,Kimberly Hoffman,Male,22,Bangalore,2024/10/19,Beauty,Lipstick,3,37114.33,0.07,103548.98,62951.86,40597.12,Debit Card,Yes
ORD04478,1047,,Female,32,mumbai,2024/04/11,Home,Lamp,1,21425.87,0.18,17569.21,12023.72,5545.49,Net Banking,No
ORD04479,1784,Bryan Travis,Male,19,hyderabad,09-10-2023,Fashion,T-Shirt,4,33612.58,0.01,133105.82,114143.85,18961.97,UPI,Yes
ORD04480,1279,James Parsons,Female,46,Hyderabad,13-09-2024,Fashion,Sneakers,4,12328.29,0.21,38957.4,26179.21,12778.19,Net Banking,No
ORD04481,1716,Duane Franklin,Male,55,Hyderabad,23-02-2023,Home,Desk,4,30740.87,0.15,104518.96,74639.36,29879.6,Credit Card,No
ORD04482,1241,Kristopher Fuentes,Female,44,Kolkata,25-02-2023,Fashion,Dress,5,5602.29,0.09,25490.42,22743.12,2747.3,UPI,No
ORD04483,1463,Deborah Jacobs,Male,41,pune,04-03-2024,Fashion,Sneakers,2,41968.61,0.03,81419.1,59789.52,21629.58,Cash on Delivery,Yes
ORD04484,1730,Elizabeth Gutierrez,Female,39,Bangalore,2023/10/20,Fashion,Sneakers,1,6027.79,0.29,4279.73,3668.62,611.11,Credit Card,No
ORD04485,1730,Michael Johnson,Male,22,kolkata,09-02-2023,Beauty,Lipstick,5,22144.7,0.15,94114.97,66203.85,27911.12,Net Banking,No
ORD04486,1682,David West,Male,53,Kolkata,25-10-2023,Home,Chair,2,33795.85,0.17,56101.11,47271.24,,Cash on Delivery,Yes
ORD04487,1300,Laura Adams,Male,56,chennai,04-07-2024,Fashion,Jacket,4,40203.98,0.03,155991.44,118638.76,37352.68,Credit Card,Yes
ORD04488,1214,,Female,18,Hyderabad,2024/11/19,Beauty,Shampoo,2,25372.31,0.13,44147.82,34380.17,9767.65,DEBIT CARD,No
ORD04489,1783,,Male,52,hyderabad,24-01-2024,Home,Vacuum Cleaner,2,43101.88,0.22,67238.93,57008.6,10230.33,Debit Card,Yes
ORD04490,1354,Tristan Webb,Female,34,Delhi,2023/11/13,Fashion,T-Shirt,2,7617.43,0.26,11273.8,9656.94,1616.86,Net Banking,Yes
ORD04491,1201,David Bennett,Female,45,Delhi,13-08-2023,Home,Mixer,2,25804.02,0.16,43350.75,30123.28,,Net Banking,No
ORD04492,1171,Cassie Castaneda,Female,22,chennai,18-04-2023,Electronics,Smartwatch,5,2278.26,0.29,8087.82,4967.91,3119.91,Debit Card,No
ORD04493,1408,,Male,20,Chennai,05-01-2024,Beauty,Moisturizer,3,46262.26,0.18,113805.16,82660.06,31145.1,UPI,No
ORD04494,1238,Matthew Wright,Male,35,Mumbai,2023/04/22,Home,Mixer,4,26990.27,0.1,97164.97,76578.07,20586.9,UPI,Yes
ORD04495,1066,Olivia Romero,Male,36,Hyderabad,2023/08/20,Beauty,Lipstick,4,44036.21,,156768.91,106596.89,50172.02,Net Banking,Yes
ORD04496,1688,Casey Campbell,Male,22,Hyderabad,07-01-2024,Home,Desk,4,19346.34,0.3,54169.75,45011.37,9158.38,Net Banking,Yes
ORD04497,1137,Rhonda Coleman,Female,38,Delhi,29-10-2024, Electronics ,Headphones,1,47524.28,0.08,43722.34,37145.21,6577.13,Cash on Delivery,No
ORD04498,1717,Alex Perez,,60,Bangalore,30-01-2023,Fashion,T-Shirt,5,47157.33,0.29,3348170.4,127971.01,39437.51,UPI,No
ORD04499,1430,Jaime Johnson,Male,-5,Mumbai,2023/10/06,Electronics,Headphones,4,5281.66,0.27,15422.45,10886.17,4536.28,UPI,Yes
ORD04500,1180,James Campbell,Male,58,Delhi,2023/07/28,Beauty,Lipstick,1,16499.93,0.17,13694.94,10905.41,2789.53,UPI,No
ORD04501,1309,Wayne Watson,Female,26,Mumbai,23-11-2024,Home,Vacuum Cleaner,2,12990.34,0.16,21823.77,18081.01,3742.76,Debit Card,Yes
ORD04502,1192,Krista Obrien,Male,21,Pune,21-08-2023,Fashion,Jacket,1,22618.5,0.02,22166.13,15687.3,6478.83,UPI,No
ORD04503,1522,Cynthia King,Male,57,Pune,19-04-2024,Home,Vacuum Cleaner,1,44508.76,0.19,36052.1,26794.85,9257.25,Cash on Delivery,No
ORD04504,1535,John Conner,Male,43,Kolkata,21-11-2023,Electronics,Headphones,1,5317.45,0.22,4147.61,3261.3,886.31,Net Banking,No
ORD04505,1039,Nicholas Anderson,Female,28,Chennai,06-09-2023,Fashion,Jacket,2,41089.54,0.23,63277.89,38914.76,24363.13,Cash on Delivery,Yes
ORD04506,1123,Donald Clark,Male,40,Chennai,14-01-2024,Beauty,Lipstick,5,13299.35,0.16,55857.27,43793.8,12063.47,DEBIT CARD,Yes
ORD04507,1038,,Female,45,Mumbai,2024/07/22,Home,Chair,2,17097.48,0.02,33511.06,25284.56,8226.5,UPI,No
ORD04508,1672,Jeffrey Moore,Female,22,Mumbai,01-03-2023, Fashion ,Dress,5,618.52,0.2,2474.08,1638.96,835.12,Cash on Delivery,No
ORD04509,1730,Benjamin Webb,Male,44,,29-11-2024,Fashion,Dress,2,47867.45,0.11,85204.06,55199.1,30004.96,Debit Card,No
ORD04510,1627,Bryan Fitzpatrick,Male,20,Chennai,03-04-2024,Beauty,Face Wash,3,25659.95,0.18,63123.48,55809.4,7314.08,UPI,Yes
ORD04511,1476,Christine Gutierrez,Male,55,Chennai,11-03-2023,Electronics,Tablet,3,17290.25,0.03,50314.63,37086.81,13227.82,UPI,No
ORD04512,1529,Richard Caldwell,Male,48,Pune,05-01-2023,Home,Mixer,2,309.5,0.08,569.48,441.95,127.53,Credit Card,No
ORD04513,1331,Brian Estrada,Male,54,Kolkata,2024/03/01,Electronics,Laptop,1,6320.23,0.0,6320.23,5168.13,1152.1,Credit Card,No
ORD04514,1593,,Female,49,chennai,2023/04/15,Electronics,Smartphone,2,25272.76,0.19,40941.87,35119.78,5822.09,Credit Card,Yes
ORD04515,1226,Rachel Wilson,Female,18,,06-10-2024,Home,Vacuum Cleaner,1,16793.94,0.18,13771.03,9312.17,4458.86,Net Banking,Yes
ORD04516,1639,Destiny Jones,Female,47,,26-07-2024,Home,Lamp,5,30301.7,0.06,142417.99,106553.91,35864.08,Cash on Delivery,No
ORD04517,1560,Andrew Jones,Male,43,Kolkata,2023/03/05,Fashion,Sneakers,2,22986.78,0.07,42755.41,27809.6,,Cash on Delivery,Yes
ORD04518,1326,Rita Moore,,46,Bangalore,09-06-2024,Beauty,Perfume,1,34101.74,0.19,27622.41,21179.08,6443.33,Cash on Delivery,No
ORD04519,1707,Shannon Hamilton,Female,18,,13-02-2023,Electronics,Smartphone,4,22641.52,0.1,81509.47,69694.89,11814.58,Credit Card,No
ORD04520,1376,Katherine Greer,Female,49,,19-03-2024, Beauty ,Face Wash,4,32971.06,0.27,96275.5,58553.48,37722.02,Cash on Delivery,No
ORD04521,1016,Alec Fisher,Male,40,Pune,23-04-2023,Beauty,Shampoo,5,12696.89,,53326.94,35659.78,17667.16,Debit Card,No
ORD04522,1053,Laura Smith,Male,53,Kolkata,05-06-2023,Beauty,Shampoo,3,6360.18,0.14,16409.26,9973.6,6435.66,CREDIT CARD,No
ORD04523,1310,Kevin Reeves,Female,57,nan,15-04-2023,Fashion,Dress,5,46387.37,0.06,218020.64,167085.46,50935.18,Credit Card,No
ORD04524,1172,Steven Willis,Female,19,mumbai,2024/12/28,Beauty,Shampoo,1,13386.33,0.26,9905.88,6886.24,3019.64,Credit Card,Yes
ORD04525,1507,Ronald Ryan,Female,28,Kolkata,08-08-2023,Fashion,Jeans,5,25764.08,,126243.99,98225.77,28018.22,UPI,No
ORD04526,1613,Jesse Williams,Female,52,chennai,27-09-2023,Home,Vacuum Cleaner,1,1890.34,0.28,1361.04,943.85,417.19,DEBIT CARD,Yes
ORD04527,1639,Jason Reyes,Male,57,Mumbai,15-10-2024,Home,Desk,4,22716.93,0.11,80872.27,69443.52,11428.75,Cash on Delivery,No
ORD04528,1208,Brent Moore,Male,30,,12-04-2023,Home,Chair,3,22215.44,0.09,60648.15,43008.94,17639.21,UPI,No
ORD04529,1575,Joseph Walker,Male,48,Hyderabad,2024/05/01,Beauty,Shampoo,2,22446.41,0.07,41750.32,36238.47,5511.85,Net Banking,No
ORD04530,1252,Louis Sandoval,Female,19,Hyderabad,22-12-2024,Fashion,T-Shirt,3,30296.73,0.27,66349.84,44018.99,22330.85,Debit Card,No
ORD04531,1438,James Fitzgerald,Female,27,Pune,04-03-2024,Electronics,Headphones,2,23968.59,0.22,37391.0,28092.24,9298.76,Cash on Delivery,No
ORD04532,1327,Meredith Hicks,Female,41,Delhi,05-11-2024,Fashion,Sneakers,3,7909.51,0.0,23728.53,14598.98,9129.55,Credit Card,No
ORD04533,1285,Robert Gonzalez,Female,37,Pune,14-09-2023,Home,Chair,1,13785.78,0.05,13096.49,10212.75,2883.74,Cash on Delivery,No
ORD04534,1000,Brian Clark,Male,32,Hyderabad,18-09-2024,Fashion,Jacket,5,5649.91,0.16,23729.62,21327.01,2402.61,Net Banking,No
ORD04535,1414,,Male,48,Chennai,03-12-2024,Fashion,Dress,1,22170.42,0.27,16184.41,12612.28,3572.13,Debit Card,Yes
ORD04536,1076,Stephanie Williams,Male,25,Hyderabad,09-03-2023,Fashion,T-Shirt,2,1967.27,0.27,2872.21,2065.41,806.8,Cash on Delivery,No
ORD04537,1296,Nicholas Myers,Female,52,chennai,25-08-2024,Fashion,Jacket,4,37335.1,0.08,137393.17,86374.24,51018.93,CASH ON DELIVERY,No
ORD04538,1081,Marie Franklin,Male,39,Delhi,2024/09/29,Beauty,Lipstick,1,32886.89,0.23,25322.91,16117.63,9205.28,NET BANKING,Yes
ORD04539,1630,Sandra Andrews,Female,21,Chennai,26-08-2024,Electronics,Tablet,3,36130.38,,80209.44,66534.18,13675.26,Credit Card,Yes
ORD04540,1435,Elizabeth Burns,Female,26,Bangalore,17-05-2024,Beauty,Lipstick,4,42823.3,0.26,126756.97,82790.03,43966.94,CASH ON DELIVERY,No
ORD04541,1728,Laura Roberts,Male,46,Delhi,27-09-2024,Electronics,Smartphone,5,24063.47,0.0,120317.35,80116.89,,UPI,No
ORD04542,1184,Marvin Ward,Female,31,chennai,27-08-2023,Beauty,Face Wash,2,40817.12,0.05,77552.53,63368.65,14183.88,Credit Card,No
ORD04543,1609,Brittany Rogers,Female,58,delhi,2023/11/17,Fashion,Dress,3,25180.5,0.04,72519.84,47018.31,25501.53,CASH ON DELIVERY,No
ORD04544,1443,Samantha Pugh,Male,49,Mumbai,21-10-2024,Electronics,Headphones,5,39380.89,0.24,149647.38,95403.05,54244.33,UPI,No
ORD04545,1666,Nicole Thomas,Female,45,Kolkata,01-01-2024,Fashion,Sneakers,5,7428.42,0.01,36770.68,25164.99,11605.69,Debit Card,No
ORD04546,1730,Michael Taylor,Female,52,kolkata,2023/03/19,Electronics,Tablet,2,31962.27,0.27,46664.91,31431.7,15233.21,Credit Card,Yes
ORD04547,1197,Austin Mays,,48,Delhi,2024/08/24,Fashion,Jacket,2,24120.22,0.19,39074.76,32661.19,6413.57,Cash on Delivery,Yes
ORD04548,1349,John Richardson,Male,27,Delhi,2023/08/24,Beauty,Face Wash,5,15541.73,0.19,62944.01,43913.85,19030.16,UPI,No
ORD04549,1320,Alison Bennett,Female,28,Pune,20-08-2023,Electronics,Smartwatch,1,7824.28,0.21,6181.18,4754.41,1426.77,Credit Card,No
ORD04550,1442,Susan Fisher,Male,33,Pune,2023/10/04,Electronics,Laptop,5,3134.82,0.29,11128.61,8580.1,2548.51,Debit Card,No
ORD04551,1566,Jacqueline Jones,Female,55,,02-04-2024,Electronics,Smartphone,5,3613.16,,13910.67,11079.82,2830.85,Credit Card,Yes
ORD04552,1738,Bobby Johnson,Female,32,Mumbai,03-08-2023,Home,Desk,3,20209.23,0.02,59415.14,37279.26,22135.88,Debit Card,No
ORD04553,1711,Connie Bruce,Female,38,Hyderabad,24-07-2024,Electronics,Headphones,4,27498.63,0.07,102294.9,89594.48,12700.42,UPI,Yes
ORD04554,1535,Dylan Oliver,Female,41,,2023/07/21,Fashion,Jacket,1,17560.63,0.18,14399.72,10058.85,4340.87,Debit Card,No
ORD04555,1730,,Female,21,Mumbai,2023/07/08,Electronics,Headphones,1,5497.07,0.11,4892.39,3075.56,,UPI,Yes
ORD04556,1405,Robert Rodriguez,Female,48,Kolkata,29-11-2024,Beauty,Perfume,1,14607.12,0.01,14461.05,9031.52,5429.53,Credit Card,No
ORD04557,1516,David Washington,Male,43,Bangalore,01-08-2024,Beauty,Lipstick,3,12207.91,0.09,33327.59,25669.97,7657.62,Net Banking,No
ORD04558,1159,Michael Dyer,Male,34,Mumbai,2023/06/17,Fashion,Sneakers,1,3895.66,0.14,3350.27,2792.66,557.61,Cash on Delivery,Yes
ORD04559,1637,Ryan Johnson,Male,59,Hyderabad,25-11-2024,Fashion,Dress,5,48784.67,0.18,200017.15,141920.0,58097.15,Debit Card,No
ORD04560,1655,Dean Mooney,,56,Bangalore,2023/07/04,Electronics,Laptop,1,449.86,0.21,355.39,299.14,56.25,NET BANKING,No
ORD04561,1565,Brian Miller,Female,21,Bangalore,18-03-2024,Home,Desk,4,46717.83,0.12,164446.76,99974.97,64471.79,Cash on Delivery,Yes
ORD04562,1584,Tara Cochran,Male,30,Bangalore,19-07-2023,Electronics,Smartphone,4,19892.12,0.18,65246.15,55650.0,9596.15,DEBIT CARD,No
ORD04563,1289,Michael Gonzalez,Male,30,Pune,16-11-2024,Home,Lamp,2,14414.78,0.19,23351.94,15877.84,7474.1,Credit Card,No
ORD04564,1567,Aaron Cox,Male,53,,21-08-2024,Home,Mixer,1,992.97,0.06,933.39,737.79,195.6,Debit Card,No
ORD04565,1522,Keith Johnson,Male,43,Chennai,12-08-2024,Home,Chair,2,19216.06,0.27,28055.45,17534.24,10521.21,UPI,No
ORD04566,1574,Jessica Hudson,Female,48,Mumbai,22-09-2024,Electronics,Smartwatch,3,35537.74,0.06,100216.43,60897.43,39319.0,Cash on Delivery,No
ORD04567,1283,Melissa Yu,Female,31,Hyderabad,26-11-2024,Beauty,Moisturizer,3,30251.04,0.29,64434.72,56079.52,8355.2,Debit Card,No
ORD04568,1226,Zachary Jackson,Female,52,Bangalore,23-01-2024,Beauty,Shampoo,1,43400.01,0.02,42532.01,37910.29,4621.72,Net Banking,No
ORD04569,1733,Bonnie Kaiser,Male,54,bangalore,25-04-2023,Electronics,Headphones,3,9616.22,0.2,23078.93,19703.25,3375.68,Net Banking,No
ORD04570,1764,Jose Norris,Female,27,Kolkata,2024/10/31,Fashion,Dress,5,2042.82,,8886.27,5517.81,3368.46,Credit Card,No
ORD04571,1213,Ryan Park,Female,18,Bangalore,27-07-2023,Electronics,Laptop,5,28049.46,,115002.79,81073.03,33929.76,UPI,No
ORD04572,1708,Adam Mcdaniel,Male,36,,08-11-2023,Beauty,Moisturizer,3,34189.7,0.2,82055.28,50981.97,31073.31,Debit Card,Yes
ORD04573,1394,Mrs. Natalie Montoya MD,Male,39,Pune,02-08-2024, Electronics ,Smartwatch,2,33476.95,0.03,64945.28,42069.12,22876.16,Credit Card,No
ORD04574,1615,Andres Washington,Female,32,Pune,15-12-2023,Home,Vacuum Cleaner,4,2745.09,0.0,10980.36,7039.72,3940.64,Net Banking,No
ORD04575,1099,Brandi Hawkins,Female,57,Mumbai,20-08-2023,Home,Vacuum Cleaner,3,36897.3,0.01,109584.98,66379.75,43205.23,UPI,No
ORD04576,1244,Ryan Haney,Female,36,Hyderabad,16-02-2024,Fashion,Jacket,1,38578.13,0.19,31248.29,19605.06,11643.23,Debit Card,Yes
ORD04577,1652,Katherine Ross,,35,Mumbai,2024/02/09,Fashion,Jacket,2,11661.27,0.14,20057.38,14315.82,5741.56,CASH ON DELIVERY,No
ORD04578,1450,Kaitlyn Williams,Female,40,Chennai,09-03-2024,Fashion,Dress,3,40144.09,0.27,87915.56,69298.3,18617.26,DEBIT CARD,No
ORD04579,1288,Angela Bradford,Male,27,Bangalore,24-11-2023,Beauty,Face Wash,3,7357.42,0.26,16333.47,10515.85,5817.62,Cash on Delivery,No
ORD04580,1571,Mrs. Taylor Bright,Male,33,mumbai,16-06-2024,Home,Vacuum Cleaner,2,10126.27,0.14,17417.18,13200.24,4216.94,Cash on Delivery,No
ORD04581,1663,Lauren Howell,Female,54,Hyderabad,29-08-2024,Beauty,Moisturizer,1,352.46,0.12,310.16,203.49,106.67,CASH ON DELIVERY,Yes
ORD04582,1203,Xavier Cabrera,Male,58,Bangalore,07-01-2023,Fashion,Jeans,1,10646.69,0.21,8410.89,5265.58,3145.31,Debit Card,Yes
ORD04583,1075,Mandy Tran,Female,29,mumbai,05-02-2024,Beauty,Perfume,5,5646.61,0.08,25974.41,17211.36,8763.05,Debit Card,No
ORD04584,1215,Jennifer Clark,Female,28,delhi,29-12-2023,Beauty,Perfume,4,34755.26,0.29,98704.94,81754.99,16949.95,Debit Card,No
ORD04585,1758,Diana White,Male,55,Hyderabad,30-08-2023,Home,Chair,3,41193.15,0.03,119872.07,99639.6,20232.47,Cash on Delivery,No
ORD04586,1453,Duane Mcdonald,Male,59,Mumbai,21-09-2024,Beauty,Lipstick,5,32294.67,0.15,137252.35,99374.75,37877.6,UPI,No
ORD04587,1268,Matthew Johnston,Female,48,,25-02-2023,Fashion,T-Shirt,3,16517.51,0.04,47570.43,39556.31,8014.12,Credit Card,No
ORD04588,1766,Joann Robbins,Female,54,Pune,2024/05/22,Fashion,Sneakers,2,42796.63,0.05,81313.6,69636.15,11677.45,UPI,Yes
ORD04589,1194,Shawn Lane,Male,29,Kolkata,2023/11/30,Home,Lamp,2,15089.73,,422512.39999999997,14593.54,6532.08,Credit Card,Yes
ORD04590,1588,Lisa Mccullough,Female,41,Delhi,2024/04/23,Electronics,Tablet,3,5142.14,0.05,14655.1,10402.07,4253.03,UPI,Yes
ORD04591,1339,Erik Whitaker,Female,37,Pune,28-11-2023,Electronics,Laptop,3,1082.73,0.08,2988.33,2579.73,408.6,Net Banking,No
ORD04592,1644,Ian Snyder,Female,50,Kolkata,22-08-2023,Beauty,Moisturizer,4,10613.05,0.07,789611.0,28897.0,10583.55,UPI,No
ORD04593,1278,Michael Schroeder,Female,20,Delhi,20-01-2023,Beauty,Moisturizer,1,45566.29,0.14,39187.01,28654.22,10532.79,Credit Card,Yes
ORD04594,1330,Carmen Moore,Female,48,Mumbai,2023/03/19,Fashion,T-Shirt,4,13025.47,0.01,51580.86,40336.61,,Credit Card,Yes
ORD04595,1511,Austin Carpenter,Female,51,Bangalore,07-06-2023,Home,Chair,1,5646.48,0.18,4630.11,3117.19,1512.92,Cash on Delivery,No
ORD04596,1534,Richard Stewart,Female,59,Bangalore,22-10-2024,Electronics,Laptop,4,42726.85,0.12,150398.51,123937.77,26460.74,Cash on Delivery,No
ORD04597,1315,David Saunders,Female,20,,2024/05/19,Electronics,Smartwatch,1,36862.15,0.16,30964.21,19638.37,11325.84,UPI,No
ORD04598,1538,,Female,51,hyderabad,24-07-2023,Home,Desk,1,38511.15,0.06,36200.48,28735.29,7465.19,Credit Card,No
ORD04599,1102,Lauren Herrera,Male,25,Hyderabad,26-10-2023,Beauty,Lipstick,5,36316.2,0.21,143448.99,99839.04,43609.95,Debit Card,No
ORD04600,1243,Mark Mcgrath,Female,51,Pune,2023/08/10,Home,Mixer,2,27551.73,0.17,45735.87,38250.09,7485.78,Credit Card,No
ORD04601,1410,Nicole Poole,Female,56,Hyderabad,2023/05/07,Electronics,Smartphone,4,38080.73,0.18,124904.79,84356.22,40548.57,Credit Card,No
ORD04602,1186,Anthony Smith,Male,29,Pune,03-09-2023,Electronics,Headphones,1,30523.11,0.05,28996.95,24054.56,4942.39,Net Banking,No
ORD04603,1153,Lisa Romero,Male,22,Delhi,08-09-2024,Home,Lamp,4,16903.74,0.23,52063.52,40718.75,11344.77,Net Banking,Yes
ORD04604,1370,Mr. Norman Wilson,Female,20,Delhi,26-05-2024,Fashion,Dress,1,39271.01,0.27,28667.84,23711.21,,UPI,No
ORD04605,1282,Julie Hoffman,Male,28,Chennai,2024/07/20,Home,Vacuum Cleaner,5,33193.81,0.03,160989.98,137050.75,23939.23,Debit Card,No
ORD04606,1265,Steve Farmer,Female,48,Pune,21-06-2024,Electronics,Headphones,2,44351.39,0.15,75397.36,60290.0,15107.36,UPI,Yes
ORD04607,1177,Carolyn Carter,Male,30,Hyderabad,21-06-2023,Beauty,Face Wash,1,47321.62,0.25,35491.22,29859.13,5632.09,Credit Card,No
ORD04608,1313,Joe Pace,Female,46,,2024/08/09,Home,Desk,2,21315.01,0.18,34956.62,28209.36,6747.26,Net Banking,Yes
ORD04609,1122,Travis Collins,Male,58,Kolkata,2023/11/13,Beauty,Perfume,2,25580.98,,39906.33,35130.78,4775.55,Debit Card,Yes
ORD04610,1729,Anthony Thomas,Female,57,Hyderabad,2024/04/15,Beauty,Perfume,1,38913.28,0.12,34243.69,30481.37,3762.32,Cash on Delivery,Yes
ORD04611,1085,Erika Hensley,Male,27,,15-03-2024, Electronics ,Laptop,3,507.64,0.23,1172.65,716.02,456.63,UPI,Yes
ORD04612,1545,Benjamin Davis,Female,58,Delhi,2024/09/01,Home,Desk,1,21792.27,0.19,17651.74,11024.09,6627.65,Debit Card,No
ORD04613,1687,Kristen Clark,Female,22,Pune,2023/04/15,Beauty,Perfume,3,14465.72,0.15,36887.59,25666.09,11221.5,Cash on Delivery,No
ORD04614,1594,Laura Phillips,Male,48,Delhi,10-05-2023,Electronics,Headphones,1,46191.37,0.24,35105.44,23535.31,11570.13,UPI,No
ORD04615,1724,Kyle Duncan,Male,53,bangalore,08-02-2023,Home,Chair,3,12675.2,0.22,29659.97,25094.28,,Net Banking,No
ORD04616,1546,Gerald Phillips,Female,56,Pune,22-08-2024,Home,Vacuum Cleaner,4,4240.66,0.03,16453.76,14425.39,2028.37,Credit Card,No
ORD04617,1057,John Spence,Male,50,Pune,2023/02/17,Home,Lamp,4,12074.13,0.2,38637.22,32268.82,6368.4,Cash on Delivery,Yes
ORD04618,1204,Kimberly Leblanc,Female,53,Mumbai,2023/09/26,Fashion,Jacket,5,2492.02,0.01,12335.5,10539.14,1796.36,Net Banking,No
ORD04619,1345,Alexa Carter,Male,59,Bangalore,2024/06/04,Fashion,Jeans,3,25330.47,0.1,68392.27,52976.64,15415.63,Net Banking,Yes
ORD04620,1533,James Johnson,Female,41,Bangalore,15-04-2024,Home,Vacuum Cleaner,1,49008.09,0.19,39696.55,29979.78,9716.77,UPI,No
ORD04621,1778,Elizabeth Hill,Male,37,Kolkata,2024/11/08,Home,Desk,4,39000.67,0.08,143522.47,101297.38,42225.09,Credit Card,No
ORD04622,1244,Kylie Lozano,Female,37,Hyderabad,19-01-2024,Fashion,T-Shirt,4,6990.16,0.0,27960.64,19297.24,8663.4,Debit Card,No
ORD04623,1217,Elizabeth Terry,Female,52,Mumbai,09-06-2023,Beauty,Moisturizer,4,28888.66,0.04,110932.45,83027.57,27904.88,Cash on Delivery,No
ORD04624,1476,Darrell Williams,Male,25,Delhi,2023/10/28,Fashion,Jeans,2,25916.35,0.28,37319.54,29186.87,8132.67,Cash on Delivery,No
ORD04625,1172,Maurice Washington,Female,60,Delhi,2024/06/19,Fashion,Dress,4,43729.95,0.15,148681.83,127912.92,20768.91,Cash on Delivery,Yes
ORD04626,1733,Gary Hall,,42,Delhi,02-07-2024,Beauty,Lipstick,3,16234.28,0.26,36040.1,29855.48,6184.62,UPI,No
ORD04627,1222,Lauren Brock,Female,43,Mumbai,09-08-2024,Beauty,Lipstick,3,19719.06,,53833.03,44704.37,9128.66,Cash on Delivery,No
ORD04628,1662,Kari Travis,Female,45,Bangalore,03-09-2024,Electronics,Tablet,5,3942.75,0.12,17348.1,11727.68,5620.42,Debit Card,Yes
ORD04629,1404,Tom Huff,,46,Bangalore,14-09-2023,Fashion,Dress,3,7112.69,0.13,18564.12,12191.7,6372.42,Cash on Delivery,No
ORD04630,1282,Sarah Martin,Female,57,Hyderabad,15-04-2024,Fashion,T-Shirt,5,3428.04,0.07,15940.39,13244.8,2695.59,UPI,No
ORD04631,1134,Logan Becker,Male,59,Delhi,2024/05/29, Beauty ,Perfume,2,5650.76,0.17,9380.26,7260.35,2119.91,UPI,Yes
ORD04632,1309,Larry Garcia,Male,23,Kolkata,16-01-2024,Electronics,Smartphone,1,14244.97,0.26,10541.28,7875.2,2666.08,UPI,No
ORD04633,1035,Rebecca Harvey,Female,46,Delhi,03-10-2024,Fashion,T-Shirt,3,16739.04,0.05,47706.26,29220.8,18485.46,Credit Card,No
ORD04634,1597,Dominic Brooks,Male,31,Kolkata,2023/07/03,Electronics,Smartwatch,5,39846.3,0.07,185285.29,112691.36,72593.93,Debit Card,No
ORD04635,1118,Kevin Green,Male,38,,2023/07/24,Home,Chair,4,15732.5,0.05,59783.5,44185.58,15597.92,Cash on Delivery,No
ORD04636,1145,Randy Hartman,Female,25,Pune,2024/06/05,Fashion,Jacket,5,46589.92,0.0,232949.6,209646.92,23302.68,Cash on Delivery,No
ORD04637,1105,Nancy Rose,Male,21,Bangalore,19-02-2023,Electronics,Smartwatch,5,28233.69,0.09,128463.29,101385.11,27078.18,Debit Card,No
ORD04638,1004,Mark Martin,Female,18,Mumbai,06-03-2023,Home,Mixer,2,40178.76,0.25,60268.14,44003.98,16264.16,UPI,Yes
ORD04639,1379,Wesley Robinson,Male,18,Pune,21-04-2023,Beauty,Moisturizer,1,49050.82,0.1,44145.74,35230.33,8915.41,UPI,No
ORD04640,1277,John Nolan,Female,38,Mumbai,19-01-2023,Fashion,Sneakers,2,25945.44,0.06,48777.43,42150.78,6626.65,Cash on Delivery,No
ORD04641,1509,Ashley Hogan,Female,26,Kolkata,11-10-2023,Electronics,Tablet,2,34995.27,0.27,51093.09,35228.26,15864.83,Cash on Delivery,No
ORD04642,1192,Tracy Wheeler,,24,Mumbai,15-12-2024,Fashion,Jacket,4,10882.06,0.17,36128.44,32126.19,4002.25,UPI,Yes
ORD04643,1490,Christina Parks,Female,38,Mumbai,2024/05/03,Beauty,Lipstick,1,17991.43,0.09,16372.2,10468.23,5903.97,Credit Card,Yes
ORD04644,1333,David Fitzpatrick,,59,Mumbai,04-12-2024,Fashion,Jeans,4,15902.57,0.24,48343.81,33348.87,14994.94,UPI,Yes
ORD04645,1698,Nicholas Walter,Male,25,Chennai,2024/12/22,Home,Desk,4,992.96,0.07,3693.81,2399.19,1294.62,Net Banking,No
ORD04646,1311,Rebecca Hooper,Male,58,Pune,03-05-2023, Home ,Vacuum Cleaner,1,27396.86,,21369.55,14689.66,6679.89,Net Banking,Yes
ORD04647,1372,Ryan Mcdaniel,Male,36,Mumbai,2024/02/29,Beauty,Moisturizer,2,6635.16,0.14,11412.48,8896.02,2516.46,Cash on Delivery,Yes
ORD04648,1344,Jesse Stewart,,58,Pune,2024/12/06,Beauty,Shampoo,1,29947.44,0.07,27851.12,21155.98,6695.14,Net Banking,No
ORD04649,1105,Jeffery Jennings,Male,38,Delhi,2023/04/26,Beauty,Face Wash,5,33358.3,0.14,143440.69,100114.6,43326.09,UPI,Yes
ORD04650,1620,Jessica Meadows,Female,53,Kolkata,25-09-2023,Fashion,Jeans,5,3297.09,0.28,11869.52,8464.62,3404.9,Cash on Delivery,No
ORD04651,1573,Rachel Hurst,Female,57,Chennai,04-06-2023,Beauty,Face Wash,4,21873.53,0.04,83994.36,70724.42,13269.94,Credit Card,Yes
ORD04652,1664,Joseph Lara,Female,40,Hyderabad,06-10-2023,Electronics,Headphones,2,30248.49,0.16,50817.46,42594.4,8223.06,Debit Card,No
ORD04653,1469,Brandon Flores,Female,56,Kolkata,05-11-2024,Electronics,Smartphone,3,15038.87,,41056.12,31340.14,9715.98,Net Banking,No
ORD04654,1432,Melinda Oneal,Female,36,Chennai,18-12-2023,Home,Vacuum Cleaner,2,19191.14,0.14,33008.76,28000.02,5008.74,UPI,No
ORD04655,1551,Aaron Hobbs,Female,29,Hyderabad,2024/05/24,Home,Vacuum Cleaner,5,6243.1,0.29,22163.0,15941.11,6221.89,Credit Card,Yes
ORD04656,1741,Ryan Ford,Male,56,Mumbai,26-05-2023,Home,Mixer,5,39337.12,0.11,175050.18,132710.39,42339.79,Net Banking,No
ORD04657,1575,James Copeland,Male,51,Chennai,17-05-2024,Beauty,Lipstick,2,12495.45,0.24,18993.08,13630.42,5362.66,UPI,Yes
ORD04658,1048,Lisa Russo,Female,42,Pune,14-10-2023,Beauty,Moisturizer,1,19142.02,0.04,18376.34,15965.61,2410.73,Net Banking,No
ORD04659,1240,Nancy Vaughn,Male,21,Chennai,16-07-2023,Beauty,Lipstick,2,45045.03,0.09,81981.95,72972.91,9009.04,Cash on Delivery,No
ORD04660,1587,Lorraine Estrada,Male,26,Hyderabad,2023/03/19,Fashion,Jacket,3,42756.86,0.29,91072.11,81712.24,9359.87,Debit Card,No
ORD04661,1109,Victoria Sharp,,19,Delhi,13-02-2023,Home,Mixer,5,21248.08,0.06,99865.98,89622.04,10243.94,UPI,No
ORD04662,1325,Paula Andrews,Male,20,Kolkata,2023/12/24,Beauty,Face Wash,3,7299.59,0.26,16205.09,14231.18,1973.91,Credit Card,No
ORD04663,1108,Douglas Walters,Male,26,Chennai,2023/04/17, Beauty ,Perfume,1,26031.48,0.27,19002.98,13590.82,5412.16,UPI,No
ORD04664,1217,Grace Jackson,Female,22,chennai,2024/08/16, Beauty ,Shampoo,2,18250.68,,35771.33,23424.19,12347.14,Cash on Delivery,Yes
ORD04665,1666,Faith Boyd,Female,18,Hyderabad,2023/01/14,Fashion,T-Shirt,3,45412.19,0.02,133511.84,84464.87,49046.97,Cash on Delivery,No
ORD04666,1586,Amanda Davidson,Male,20,Kolkata,18-05-2023,Home,Desk,1,37352.67,0.07,34737.98,27835.61,6902.37,UPI,No
ORD04667,1745,,Male,34,hyderabad,30-03-2024,Home,Lamp,4,48731.18,0.29,138396.55,104582.06,33814.49,Credit Card,No
ORD04668,1271,Cindy Sawyer,Male,44,Kolkata,19-02-2023,Beauty,Shampoo,2,33326.78,0.05,63320.88,56594.95,6725.93,UPI,Yes
ORD04669,1102,Edward Lucero,Male,54,Kolkata,2023/09/10,Electronics,Smartwatch,5,41775.65,0.06,196345.55,167978.31,28367.24,Debit Card,Yes
ORD04670,1115,Charles Mcintosh,Male,60,,17-03-2024,Beauty,Moisturizer,4,2295.16,0.24,6977.29,4847.69,2129.6,UPI,No
ORD04671,1667,Jennifer Harrison,Female,46,Bangalore,30-10-2024,Beauty,Lipstick,1,49197.66,,43785.92,27598.02,16187.9,Credit Card,No
ORD04672,1051,Stephen Webb,Male,34,Delhi,16-10-2023,Fashion,T-Shirt,1,23184.33,0.2,18547.46,14074.92,4472.54,Credit Card,Yes
ORD04673,1673,Anthony Martinez,Male,42,Chennai,03-05-2023,Fashion,Sneakers,2,29938.55,0.11,53290.62,32080.68,21209.94,DEBIT CARD,No
ORD04674,1123,Christian Robinson,Female,39,Chennai,22-11-2024, Beauty ,Perfume,4,24359.29,0.24,74052.24,47287.55,26764.69,UPI,No
ORD04675,1681,Joseph Alvarez,Female,57,Delhi,19-07-2023,Home,Desk,5,40984.78,0.13,178283.79,139262.81,39020.98,Cash on Delivery,No
ORD04676,1629,Michael Baker,Female,27,Pune,24-11-2023,Electronics,Smartphone,1,18179.5,0.04,17452.32,15188.17,2264.15,UPI,No
ORD04677,1129,Roy Mitchell,Male,23,kolkata,27-10-2024,Beauty,Perfume,1,38849.74,0.11,34576.27,21459.18,13117.09,Cash on Delivery,No
ORD04678,1022,Robert Hood,Male,30,delhi,18-08-2024,Fashion,Sneakers,1,35052.31,0.09,31897.6,21251.93,10645.67,Net Banking,No
ORD04679,1660,Ashley Jones,Male,50,Kolkata,14-12-2023,Home,Chair,4,39235.66,0.12,138109.52,123985.61,14123.91,Net Banking,No
ORD04680,1256,Laurie Mathis,Male,43,Bangalore,2024/11/24,Home,Lamp,5,14607.01,0.13,63540.49,46793.48,16747.01,NET BANKING,No
ORD04681,1472,Tara Hurst,Male,58,Pune,05-04-2024,Home,Lamp,3,4764.8,0.23,11006.69,9048.97,1957.72,Net Banking,Yes
ORD04682,1604,Jennifer Freeman,Male,36,Delhi,23-02-2023,Fashion,Dress,5,4194.08,0.1,18873.36,15901.42,2971.94,Debit Card,No
ORD04683,1496,Amanda Berry,Female,28,chennai,16-02-2024,Home,Desk,1,47916.88,0.26,35458.49,24462.38,10996.11,Credit Card,No
ORD04684,1690,Evelyn Mills,Male,32,Mumbai,26-12-2024,Beauty,Face Wash,1,24881.64,0.1,22393.48,19413.56,2979.92,Debit Card,No
ORD04685,1688,Thomas Solis,Female,59,Chennai,13-06-2023,Home,Mixer,2,3383.79,0.26,5008.01,3200.47,1807.54,Net Banking,No
ORD04686,1600,Charles Lawson,Male,53,Pune,2023/08/08,Home,Chair,4,24159.91,0.01,95673.24,78386.97,17286.27,UPI,Yes
ORD04687,1615,Jeanne Gardner,Female,37,Pune,2023/07/14,Home,Vacuum Cleaner,4,36386.64,0.14,125170.04,106267.76,18902.28,Cash on Delivery,No
ORD04688,1465,,Male,52,Bangalore,10-01-2024,Fashion,Dress,4,7682.35,0.04,29500.22,23876.21,5624.01,NET BANKING,No
ORD04689,1226,Angela Williams,Female,42,Hyderabad,27-01-2024,Electronics,Laptop,4,47906.02,0.23,147550.54,127166.12,20384.42,Net Banking,No
ORD04690,1069,Lauren Huffman,Female,18,mumbai,02-02-2023,Fashion,Dress,3,42147.23,0.29,89773.6,80349.31,9424.29,DEBIT CARD,No
ORD04691,1215,Evan Barry,Female,38,Bangalore,2023/10/24,Beauty,Moisturizer,1,28157.89,0.19,22807.89,14886.78,7921.11,UPI,No
ORD04692,1269,Samuel Herrera,Male,27,Delhi,2023/04/10,Home,Vacuum Cleaner,1,20050.22,0.25,15037.67,10377.43,4660.24,Debit Card,No
ORD04693,1019,Timothy Mcguire,Male,47,Mumbai,06-11-2024,Electronics,Headphones,1,4949.75,0.25,3712.31,3105.21,607.1,Credit Card,Yes
ORD04694,1487,Angel Allen,Female,52,Delhi,12-05-2023,Beauty,Moisturizer,3,36964.02,0.29,78733.36,64724.2,,Debit Card,No
ORD04695,1041,Miss Debra Riley MD,Female,36,Kolkata,18-01-2024,Beauty,Shampoo,5,32955.62,0.08,151595.85,105034.55,46561.3,Debit Card,No
ORD04696,1457,Thomas Sanchez,Female,59,Kolkata,05-08-2023,Beauty,Lipstick,4,27112.12,0.15,92181.21,81851.59,,Cash on Delivery,Yes
ORD04697,1236,Shelby Galloway,Female,35,Chennai,06-11-2023,Beauty,Perfume,2,3360.97,,6520.28,5792.06,728.22,Net Banking,No
ORD04698,1051,Johnny Holmes,Female,21,Kolkata,2023/04/03,Beauty,Shampoo,2,7174.14,0.16,12052.56,9808.43,2244.13,Credit Card,No
ORD04699,1256,Laura Martinez,Female,23,Hyderabad,2023/04/01,Fashion,Jeans,1,38221.13,,28665.85,21977.78,6688.07,Debit Card,No
ORD04700,1634,Judith Davidson,Female,29,kolkata,22-11-2023,Beauty,Perfume,4,3212.7,0.11,11437.21,7511.89,3925.32,Cash on Delivery,No
ORD04701,1540,Linda Clark,Male,38,Delhi,28-10-2024,Fashion,Sneakers,1,9649.65,0.19,7816.22,6488.94,1327.28,Cash on Delivery,No
ORD04702,1710,Nicole Johnson,Female,53,Hyderabad,09-04-2023,Beauty,Perfume,4,23293.41,0.22,72675.44,54084.15,18591.29,Credit Card,Yes
ORD04703,1344,Mr. Brandon Sullivan,Male,30,Bangalore,21-03-2023,Electronics,Tablet,2,32587.97,0.04,62568.9,49509.06,13059.84,Debit Card,No
ORD04704,1568,Christina Scott,Male,23,Kolkata,16-05-2023,Home,Desk,1,18910.35,0.27,13804.56,11778.11,2026.45,Cash on Delivery,No
ORD04705,1042,Donna Perez,Male,43,Pune,28-01-2024,Fashion,Jacket,5,7535.88,0.17,31273.9,22516.54,8757.36,Net Banking,Yes
ORD04706,1175,Dakota Horn,Female,36,Hyderabad,07-03-2023,Fashion,Jacket,5,20633.88,0.1,92852.46,73203.39,19649.07,UPI,Yes
ORD04707,1052,Calvin Gonzalez,Male,55,Pune,2024/04/03,Home,Desk,1,15751.51,0.05,14963.93,10326.15,4637.78,UPI,Yes
ORD04708,1189,Adrienne Smith,Male,27,Pune,2023/06/10,Beauty,Shampoo,2,23236.39,0.3,32530.95,25671.16,6859.79,Net Banking,No
ORD04709,1597,Brittany Peterson,Male,46,Delhi,22-01-2023,Beauty,Lipstick,3,34700.06,0.26,77034.13,57454.85,19579.28,Credit Card,No
ORD04710,1185,David Mahoney,Male,44,Pune,30-10-2023,Fashion,T-Shirt,3,38898.79,0.01,115529.41,72177.02,43352.39,Net Banking,Yes
ORD04711,1612,Renee Johnson,Male,38,Hyderabad,2023/06/23,Beauty,Moisturizer,1,22610.98,0.14,19445.44,11692.11,7753.33,Debit Card,No
ORD04712,1657,Edward Johnson,Male,39,Pune,12-03-2023,Fashion,T-Shirt,4,37936.84,0.21,119880.41,77564.2,42316.21,Debit Card,No
ORD04713,1740,Michael Romero,Female,39,Mumbai,2024/09/07,Beauty,Shampoo,3,10787.3,0.04,31067.42,20583.51,10483.91,Credit Card,Yes
ORD04714,1658,Kevin Boone,Female,54,chennai,02-09-2024,Fashion,Jeans,4,26774.74,0.0,107098.96,74229.61,32869.35,Debit Card,No
ORD04715,1575,James Ortiz,Male,49,Chennai,30-08-2024,Electronics,Smartphone,5,8823.09,0.09,40145.06,28716.52,11428.54,Net Banking,No
ORD04716,1446,Thomas Ryan,Male,27,Kolkata,08-06-2024,Home,Lamp,5,21213.91,0.25,79552.16,66840.57,12711.59,Net Banking,No
ORD04717,1256,Lee Graham,Female,57,Hyderabad,11-01-2023,Electronics,Tablet,5,48828.31,0.18,200196.07,158675.69,41520.38,UPI,Yes
ORD04718,1137,Edward Leach,Male,38,Kolkata,2023/08/05,Beauty,Lipstick,3,30106.54,0.01,89416.42,73338.8,16077.62,Cash on Delivery,Yes
ORD04719,1758,,Female,55,Kolkata,03-03-2023,Electronics,Headphones,5,26374.75,0.21,104180.26,74649.42,,UPI,No
ORD04720,1237,Lacey Maxwell,Female,28,Mumbai,07-02-2024,Electronics,Laptop,3,3265.0,0.07,9109.35,7831.2,1278.15,Debit Card,No
ORD04721,1258,Randy Martinez,Male,44,Hyderabad,2024/11/15,Electronics,Tablet,3,9121.93,0.17,22713.61,19790.97,2922.64,Debit Card,No
ORD04722,1232,Elizabeth Cruz,Female,21,Mumbai,25-03-2024,Electronics,Smartphone,2,21158.89,0.11,37662.82,23039.41,14623.41,Cash on Delivery,Yes
ORD04723,1041,Mary Smith,,37,Mumbai,30-04-2023, Home ,Mixer,5,48674.33,0.01,240937.93,168323.06,72614.87,Cash on Delivery,No
ORD04724,1693,Cathy Mcdonald,Female,36,Kolkata,2024/03/17,Fashion,Dress,2,7517.63,0.3,10524.68,9162.12,1362.56,UPI,No
ORD04725,1058,Jerry Rivas,Female,45,Delhi,16-12-2023,Fashion,Sneakers,1,6443.59,0.25,4832.69,3225.8,1606.89,Net Banking,Yes
ORD04726,1579,Jacqueline Silva,Male,57,Chennai,29-12-2024,Beauty,Lipstick,5,43901.3,0.09,199750.92,159280.47,40470.45,Cash on Delivery,No
ORD04727,1275,Evan Ramirez,Male,32,Pune,16-11-2024,Beauty,Face Wash,2,34421.69,0.14,59205.31,41215.06,17990.25,Debit Card,Yes
ORD04728,1210,Olivia Moore,Female,58,Mumbai,08-06-2024,Home,Chair,1,41515.49,0.01,41100.34,29806.6,11293.74,Net Banking,No
ORD04729,1141,Joseph Cooper,Male,32,Delhi,29-06-2023,Electronics,Laptop,2,49222.83,0.18,80725.44,50257.23,30468.21,Credit Card,Yes
ORD04730,1122,Stephanie Wright,Female,53,Pune,2023/09/09,Beauty,Shampoo,3,42087.37,0.29,89646.1,66616.36,23029.74,Net Banking,No
ORD04731,1444,Patrick Johnson,Male,38,Delhi,26-08-2024,Home,Chair,3,18312.49,0.15,46696.85,28916.11,17780.74,UPI,Yes
ORD04732,1044,Nicole Dean,,48,Chennai,31-07-2024,Home,Desk,2,36554.94,0.02,71647.68,44789.91,26857.77,Credit Card,Yes
ORD04733,1126,Raymond Case,Female,23,Bangalore,25-06-2024,Beauty,Moisturizer,2,15407.05,0.25,23110.57,17683.26,5427.31,Debit Card,No
ORD04734,1588,Jason Davis,Male,32,Delhi,2024/01/05,Fashion,Sneakers,1,44100.26,0.15,37485.22,32160.05,5325.17,Cash on Delivery,No
ORD04735,1334,Stephen Murray,Female,20,Kolkata,03-01-2023,Fashion,T-Shirt,2,33298.01,0.11,59270.46,52194.84,7075.62,NET BANKING,Yes
ORD04736,1027,Melissa Bradley,Male,19,Delhi,2024/04/30,Beauty,Shampoo,3,20387.69,0.27,44649.04,34754.8,,Credit Card,No
ORD04737,1168,Tyrone Flores,Male,51,Mumbai,27-03-2024,Fashion,Jeans,2,20277.88,0.1,36500.18,29798.39,,Debit Card,No
ORD04738,1498,Laura Lambert,Male,60,Kolkata,27-02-2024,Electronics,Smartwatch,2,40556.89,0.04,77869.23,64395.09,13474.14,Net Banking,No
ORD04739,1719,Justin Murphy II,Female,48,Kolkata,21-10-2023,Fashion,Sneakers,1,6109.02,0.21,4826.13,3100.9,,Cash on Delivery,Yes
ORD04740,1176,Lauren Gardner,Male,36,Bangalore,10-09-2023,Home,Desk,5,7074.5,0.27,25821.92,21270.66,4551.26,Cash on Delivery,No
ORD04741,1024,Regina Sullivan,Male,26,Pune,09-05-2024,Beauty,Face Wash,5,27705.09,0.06,130213.92,101955.66,28258.26,Net Banking,No
ORD04742,1648,,Male,25,Chennai,20-12-2023,Home,Vacuum Cleaner,3,32175.39,0.11,85908.29,63118.63,22789.66,CASH ON DELIVERY,Yes
ORD04743,1597,Theresa Townsend,Female,18,Chennai,2024/05/01,Beauty,Perfume,2,19605.87,0.27,28624.57,17247.93,11376.64,Net Banking,No
ORD04744,1132,Valerie Franklin,Male,38,Pune,28-08-2024, Beauty ,Moisturizer,3,43346.45,0.28,93628.33,61085.4,32542.93,Debit Card,No
ORD04745,1005,Susan Hall,Male,46,Mumbai,2024/04/11,Beauty,Face Wash,1,22585.22,0.03,21907.66,15347.56,6560.1,UPI,No
ORD04746,1152,Sarah Sims,Male,58,Delhi,06-03-2024,Electronics,Tablet,5,26680.98,0.07,124066.56,92512.2,31554.36,Credit Card,No
ORD04747,1643,Willie Ferguson,Male,54,Mumbai,2023/10/12, Electronics ,Headphones,4,46483.96,0.19,150608.03,130517.21,20090.82,UPI,Yes
ORD04748,1751,Alicia Short,Female,21,Kolkata,17-04-2024,Electronics,Laptop,4,23227.2,0.06,87334.27,65541.22,21793.05,Cash on Delivery,No
ORD04749,1529,Kathleen Gray MD,Male,45,Hyderabad,28-07-2023,Home,Vacuum Cleaner,3,943.31,0.3,1980.95,1730.22,250.73,Credit Card,No
ORD04750,1656,Jon Patton,Female,60,Delhi,17-04-2023,Fashion,Dress,1,17593.06,0.01,17417.13,13297.86,4119.27,Net Banking,No
ORD04751,1759,Anthony Garza,Male,36,Delhi,05-11-2023, Electronics ,Smartwatch,2,25104.75,0.04,48201.12,29970.41,18230.71,UPI,No
ORD04752,1056,Heather Allen,Female,29,Chennai,03-07-2024,Home,Desk,5,44988.31,0.21,177703.82,142590.91,35112.91,Debit Card,No
ORD04753,1095,Deanna Waters,Female,57,Kolkata,18-07-2023,Beauty,Perfume,5,9302.79,0.2,37211.16,32338.75,4872.41,UPI,No
ORD04754,1601,Lisa Potter,Male,23,Hyderabad,08-03-2023,Beauty,Lipstick,1,25582.06,0.04,24558.78,16571.6,7987.18,Debit Card,No
ORD04755,1295,James Lane,Male,28,Mumbai,03-11-2023, Beauty ,Face Wash,4,8438.57,0.08,31053.94,27566.05,3487.89,Cash on Delivery,No
ORD04756,1594,Dawn Brown,Male,26,Chennai,02-03-2023,Fashion,T-Shirt,1,27751.61,,24143.9,15775.33,8368.57,Cash on Delivery,No
ORD04757,1108,Mr. Joseph Martin,Female,43,Hyderabad,12-08-2023,Home,Lamp,3,49370.9,0.04,142188.19,104810.78,37377.41,Credit Card,Yes
ORD04758,1255,Crystal Spears,Male,59,,01-01-2023,Fashion,Jeans,5,32269.41,0.02,158120.11,105487.53,52632.58,Credit Card,No
ORD04759,1475,Donna Smith,Female,60,Chennai,08-07-2023,Electronics,Smartphone,1,10486.15,0.16,8808.37,5616.9,3191.47,Debit Card,No
ORD04760,1244,Taylor Douglas,Male,54,Bangalore,2024/03/01,Electronics,Laptop,3,17412.54,0.0,52237.62,34312.38,17925.24,UPI,Yes
ORD04761,1428,Jackson Joyce,Female,27,Pune,13-02-2023,Electronics,Headphones,2,40961.63,,72092.47,46030.77,26061.7,Debit Card,No
ORD04762,1238,Matthew Cooper,Female,20,Mumbai,30-04-2023,Home,Vacuum Cleaner,3,36966.94,0.09,100919.75,72148.64,28771.11,Net Banking,No
ORD04763,1540,Anne Holt,Male,46,bangalore,20-02-2023, Home ,Desk,5,13565.95,0.14,58333.58,49182.33,9151.25,Cash on Delivery,No
ORD04764,1649,Jeremy Humphrey,Female,49,Delhi,16-07-2024,Fashion,Sneakers,2,23562.65,0.07,43826.53,33455.4,10371.13,Cash on Delivery,No
ORD04765,1555,Christopher Crawford,Male,23,Mumbai,04-11-2024,Beauty,Moisturizer,1,29108.45,0.16,24451.1,18734.83,5716.27,Debit Card,Yes
ORD04766,1630,Kevin Lee,Male,55,Mumbai,16-12-2024,Beauty,Perfume,1,40127.86,0.07,37318.91,24383.88,12935.03,UPI,No
ORD04767,1351,Michele Sanchez,Male,48,Bangalore,28-01-2024,Home,Desk,3,31914.13,0.27,69891.94,56729.39,13162.55,Debit Card,Yes
ORD04768,1357,Andrew Baker,Male,58,Hyderabad,15-12-2023,Beauty,Shampoo,2,24826.11,0.15,42204.39,27086.65,15117.74,Cash on Delivery,No
ORD04769,1400,Larry Craig,Male,37,Delhi,26-09-2024,Electronics,Tablet,5,24331.48,0.18,99759.07,61286.38,38472.69,Net Banking,No
ORD04770,1495,Amber Giles,Male,26,Pune,2023/05/19,Home,Lamp,4,28103.27,0.02,110164.82,69376.93,40787.89,Debit Card,No
ORD04771,1284,Jillian Stephens,Female,22,Mumbai,20-09-2023,Electronics,Smartphone,3,20837.87,0.11,55637.11,34913.51,20723.6,Cash on Delivery,No
ORD04772,1392,Michelle Young,Male,28,Delhi,25-09-2023,Beauty,Shampoo,2,2748.24,0.01,5441.52,4354.88,1086.64,UPI,Yes
ORD04773,1183,Angela Rodriguez,Male,41,Kolkata,2023/11/03,Electronics,Smartwatch,2,33369.19,0.13,58062.39,46153.26,11909.13,UPI,No
ORD04774,1681,Crystal Gallegos DDS,Male,27,bangalore,2023/03/04,Home,Vacuum Cleaner,2,44246.35,0.24,67254.45,47284.98,19969.47,Net Banking,No
ORD04775,1759,Taylor James,Male,38,Mumbai,21-06-2024,Beauty,Perfume,3,1703.99,0.15,4345.17,2928.6,1416.57,Debit Card,No
ORD04776,1609,Christine Adams,Female,18,Pune,10-06-2023,Beauty,Moisturizer,3,23723.3,0.12,62629.51,43235.14,19394.37,Debit Card,No
ORD04777,1178,Rebecca Armstrong,Male,31,Bangalore,26-01-2024,Electronics,Smartwatch,4,42266.63,0.26,125109.22,93612.14,31497.08,Cash on Delivery,No
ORD04778,1493,Brianna Campbell,Female,27,Pune,2023/07/14,Electronics,Headphones,4,16209.97,0.06,60949.49,54405.25,6544.24,UPI,No
ORD04779,1274,Katherine Thompson,Female,44,Hyderabad,02-08-2023,Home,Desk,3,48717.54,0.04,140306.52,116019.06,24287.46,Net Banking,No
ORD04780,1467,Thomas Ramirez,Male,49,Kolkata,31-07-2024,Fashion,Jacket,1,9032.52,0.22,7045.37,4811.07,2234.3,Debit Card,No
ORD04781,1157,Joshua Carter,Female,46,Mumbai,2024/05/20,Fashion,Sneakers,1,47129.95,0.19,38175.26,32330.1,5845.16,Cash on Delivery,No
ORD04782,1384,Nicholas Morgan,Male,52,Delhi,04-06-2024, Home ,Chair,3,3268.04,0.14,8431.54,7290.29,1141.25,Debit Card,No
ORD04783,1062,Lisa Johnson,Male,40,Hyderabad,10-04-2024,Beauty,Perfume,1,15102.59,0.18,12384.12,10685.91,1698.21,Credit Card,Yes
ORD04784,1377,Maria Mullen,Female,39,Bangalore,23-01-2023,Home,Vacuum Cleaner,2,14465.1,0.06,27194.39,18397.53,8796.86,Credit Card,No
ORD04785,1541,Michelle Garcia,Female,37,Pune,22-04-2024,Beauty,Face Wash,5,13444.26,0.08,61843.6,53313.82,,Cash on Delivery,No
ORD04786,1134,Craig Williams,Female,31,Pune,18-12-2023,Fashion,Jeans,5,4253.3,0.24,16162.54,10686.27,,Debit Card,No
ORD04787,1557,Deborah Gonzales,Male,45,Hyderabad,10-02-2024,Home,Desk,3,882.89,0.09,2410.29,2059.66,350.63,UPI,No
ORD04788,1745,,Female,46,Delhi,24-09-2024,Fashion,Jacket,2,46229.21,0.05,87835.5,78881.55,8953.95,Net Banking,No
ORD04789,1678,Jessica Thomas,Female,37,Kolkata,26-02-2024,Beauty,Moisturizer,3,18610.39,0.2,44664.94,36732.28,7932.66,Cash on Delivery,No
ORD04790,1476,Stuart Walton,Female,18,bangalore,2023/05/25,Home,Vacuum Cleaner,2,11216.02,0.13,19515.87,13527.81,5988.06,Cash on Delivery,No
ORD04791,1346,John Herrera,Female,37,Pune,14-05-2024,Home,Chair,4,23377.57,0.11,83224.15,62381.6,20842.55,CASH ON DELIVERY,No
ORD04792,1741,Cindy Reed,Male,54,Bangalore,10-10-2023,Electronics,Headphones,4,10562.23,0.09,38446.52,23416.08,15030.44,UPI,No
ORD04793,1019,Joseph Jackson,Female,53,Hyderabad,2024/10/23,Fashion,Jacket,3,25956.38,0.17,64631.39,53500.39,11131.0,Net Banking,No
ORD04794,1365,Michael Stanley,Female,39,Hyderabad,2023/03/13,Electronics,Smartwatch,3,33281.28,,92854.77,57208.3,35646.47,Net Banking,No
ORD04795,1025,Timothy Brady,Male,32,Kolkata,2023/02/15,Home,Chair,4,23643.79,0.09,86063.4,63007.25,23056.15,Cash on Delivery,Yes
ORD04796,1046,,Male,32,Hyderabad,09-03-2023,Beauty,Perfume,3,18751.93,0.14,48379.98,30453.16,17926.82,Cash on Delivery,No
ORD04797,1220,Lori Ellis,Male,53,Pune,26-10-2023,Fashion,T-Shirt,4,43941.77,0.09,159948.04,105707.51,54240.53,Cash on Delivery,No
ORD04798,1485,Levi Moore,Female,57,Chennai,10-02-2024,Fashion,Dress,2,6433.5,0.1,11580.3,8577.83,3002.47,Cash on Delivery,No
ORD04799,1516,Taylor Bennett,Female,34,,20-07-2023,Electronics,Tablet,2,32409.14,0.27,47317.34,36422.35,10894.99,Net Banking,Yes
ORD04800,1453,Courtney Nelson,Male,54,Mumbai,07-02-2023,Home,Desk,1,15063.55,0.2,12050.84,9097.61,2953.23,Credit Card,No
ORD04801,1440,Andrew Thornton,Female,60,Mumbai,08-07-2024,Fashion,Jeans,4,39348.26,0.1,141653.74,105104.74,36549.0,Net Banking,No
ORD04802,1127,Mark Dickerson,Male,27,pune,23-07-2023,Electronics,Laptop,1,17371.54,,15634.39,10886.6,,Debit Card,Yes
ORD04803,1193,Sean Lewis,Male,18,Kolkata,26-09-2023,Beauty,Lipstick,4,8527.67,0.17,28311.86,21508.42,6803.44,CREDIT CARD,No
ORD04804,1151,Karen Mathis,Female,19,Hyderabad,10-07-2024,Fashion,Sneakers,2,13376.33,0.11,23809.87,17952.9,5856.97,Debit Card,Yes
ORD04805,1361,Lisa Mccall,Male,47,Kolkata,08-06-2023,Home,Vacuum Cleaner,3,34520.26,0.07,96311.53,77963.98,18347.55,Net Banking,Yes
ORD04806,1650,Ryan Ward PhD,Female,24,kolkata,05-02-2023,Fashion,Sneakers,1,49681.96,0.3,34777.37,21711.67,13065.7,UPI,Yes
ORD04807,1454,Natalie Allen,Female,26,nan,2023/07/17,Beauty,Perfume,1,11646.87,0.05,11064.53,8690.69,2373.84,Cash on Delivery,No
ORD04808,1125,Lisa Maldonado,Female,57,Bangalore,14-06-2023,Home,Chair,5,6932.52,0.22,27036.83,16474.63,10562.2,Credit Card,No
ORD04809,1435,Craig Thomas,Female,29,Chennai,17-06-2024,Home,Lamp,5,13244.12,0.13,57611.92,41152.05,16459.87,Cash on Delivery,No
ORD04810,1295,Michael Johnson,Male,19,Kolkata,29-07-2023,Beauty,Lipstick,5,18908.32,0.04,90759.94,62162.34,28597.6,UPI,No
ORD04811,1659,Joel Johnson,Female,45,Kolkata,05-03-2023,Home,Vacuum Cleaner,2,24029.28,0.04,46136.22,28922.81,17213.41,Cash on Delivery,No
ORD04812,1377,Heather Estes,Female,58,,11-05-2024,Fashion,Jacket,4,35776.24,0.12,125932.36,82325.11,43607.25,Debit Card,No
ORD04813,1215,Christine Daniels,Female,30,Mumbai,07-10-2024,Home,Chair,4,25417.25,0.29,72184.99,60045.93,12139.06,UPI,Yes
ORD04814,1191,Chloe Phillips MD,Female,33,Hyderabad,13-04-2024,Fashion,Dress,2,13092.51,0.19,21209.87,16712.74,,UPI,Yes
ORD04815,1311,,Male,34,Kolkata,10-10-2024,Fashion,Jacket,4,23904.41,0.28,68844.7,54164.32,14680.38,Net Banking,Yes
ORD04816,1609,Robert Boyer,,50,Kolkata,06-11-2023,Beauty,Moisturizer,5,12213.37,0.18,50074.82,43668.06,6406.76,UPI,No
ORD04817,1182,,Male,38,Bangalore,26-12-2023,Home,Chair,5,31998.83,0.09,145594.68,92443.63,53151.05,Debit Card,No
ORD04818,1383,Amy Martin,Male,51,Kolkata,07-09-2023,Beauty,Lipstick,3,42097.87,0.08,116190.12,98137.69,18052.43,Cash on Delivery,No
ORD04819,1005,Jeffrey Rodriguez,Male,19,Hyderabad,13-10-2023,Beauty,Moisturizer,2,3690.11,0.02,7232.62,4631.62,,Debit Card,No
ORD04820,1637,Samuel Monroe,Male,23,Hyderabad,18-03-2023,Electronics,Smartwatch,1,20147.96,0.17,16722.81,12446.07,4276.74,Credit Card,No
ORD04821,1561,,Male,51,Pune,05-06-2024,Home,Vacuum Cleaner,2,40537.97,0.09,73779.11,46230.79,27548.32,Credit Card,No
ORD04822,1233,William Mccoy,Female,50,bangalore,18-01-2023,Home,Vacuum Cleaner,1,1236.31,0.1,1112.68,700.06,412.62,Credit Card,No
ORD04823,1674,Bonnie Scott,Male,30,Chennai,21-07-2024,Electronics,Smartphone,1,24600.07,0.1,22140.06,19684.33,2455.73,UPI,Yes
ORD04824,1007,Jose Castro,Male,18,Kolkata,24-02-2023,Home,Vacuum Cleaner,3,44951.72,0.14,115975.44,89336.76,26638.68,Debit Card,No
ORD04825,1679,Kelly Copeland,Female,37,Hyderabad,03-05-2023,Electronics,Tablet,1,21011.22,0.19,17019.09,11654.0,5365.09,Credit Card,Yes
ORD04826,1636,Martin Moreno,Male,20,Chennai,09-08-2024,Beauty,Face Wash,1,29917.16,0.16,25130.41,16875.42,8254.99,Net Banking,No
ORD04827,1332,David Scott,Male,34,Bangalore,11-08-2023,Beauty,Shampoo,4,26248.76,0.27,76646.38,62080.23,14566.15,Cash on Delivery,No
ORD04828,1391,Melissa Bell,,54,Chennai,13-11-2024,Beauty,Moisturizer,5,4169.65,0.02,20431.28,17706.29,2724.99,Credit Card,No
ORD04829,1768,,Male,31,bangalore,12-03-2023,Fashion,Dress,2,4735.63,0.17,7861.15,4742.66,3118.49,Cash on Delivery,Yes
ORD04830,1204,Dr. Tina Turner MD,Female,58,Hyderabad,20-04-2023,Fashion,Jeans,5,34929.87,0.12,153691.43,134633.25,19058.18,Cash on Delivery,No
ORD04831,1231,Dennis Watson,Female,25,Mumbai,31-10-2024,Beauty,Moisturizer,2,40673.59,0.13,70772.05,59783.91,10988.14,Credit Card,No
ORD04832,1397,,Male,57,mumbai,20-05-2024,Electronics,Laptop,3,48118.03,0.22,112596.19,73475.23,39120.96,Net Banking,No
ORD04833,1400,Dr. John Shannon,Female,60,Chennai,15-12-2023,Electronics,Smartphone,3,43527.96,0.14,112302.14,74161.28,38140.86,UPI,No
ORD04834,1166,Nicole Thompson,Male,32,Bangalore,04-10-2024,Beauty,Perfume,2,49179.79,0.2,78687.66,50006.79,28680.87,Debit Card,No
ORD04835,1468,Mr. Robert King,Female,56,Delhi,2023/11/01,Fashion,T-Shirt,4,9322.11,0.08,34305.36,25043.86,9261.5,UPI,No
ORD04836,1678,Kyle Sanders,Female,29,Delhi,04-10-2024,Home,Lamp,2,12549.07,0.19,20329.49,14449.12,5880.37,UPI,No
ORD04837,1137,Cynthia Murray,Male,19,Kolkata,05-08-2023,Electronics,Smartwatch,4,39616.77,0.06,148959.06,99627.82,49331.24,Credit Card,No
ORD04838,1549,Patty Fischer,Male,23,Hyderabad,2023/11/02,Electronics,Smartphone,1,13936.57,0.11,12403.55,7749.65,4653.9,UPI,No
ORD04839,1431,Chris Morrison,Male,34,kolkata,03-11-2023,Fashion,Jeans,4,48148.27,0.11,171407.84,132674.56,38733.28,Cash on Delivery,Yes
ORD04840,1465,Andrea Freeman,Male,50,Chennai,07-08-2024,Home,Desk,2,33580.5,0.01,66489.39,59460.81,7028.58,UPI,No
ORD04841,1298,Stephen Mcguire,,36,kolkata,03-07-2023,Electronics,Laptop,4,30022.51,0.19,97272.93,60178.82,37094.11,Credit Card,Yes
ORD04842,1086,Lauren Perez,,39,Pune,19-07-2024,Fashion,Dress,1,40769.58,0.22,31800.27,22866.11,8934.16,UPI,No
ORD04843,1547,Karen Harding,Female,20,Hyderabad,26-09-2024,Home,Chair,1,12333.62,0.03,11963.61,7797.81,4165.8,UPI,Yes
ORD04844,1023,Katrina Daniels,Male,24,,2024/03/25,Beauty,Lipstick,5,23980.5,,117504.45,102878.65,14625.8,Credit Card,No
ORD04845,1081,Mrs. Crystal Kelley,Male,28,Chennai,21-12-2024,Home,Chair,1,6064.65,0.18,4973.01,3733.57,1239.44,NET BANKING,No
ORD04846,1393,Mary Carson,Male,52,Delhi,2023/10/04,Beauty,Face Wash,3,8231.57,0.06,23213.03,14235.82,8977.21,Cash on Delivery,No
ORD04847,1374,George Thornton,Female,43,Mumbai,2023/01/11,Electronics,Laptop,2,40382.3,0.04,77534.02,50813.22,26720.8,Credit Card,Yes
ORD04848,1766,Brittany Smith,Female,46,Bangalore,18-11-2024,Beauty,Lipstick,1,38078.24,0.24,28939.46,22648.4,6291.06,Debit Card,No
ORD04849,1474,Julie Gray,Female,39,Bangalore,2023/10/14,Fashion,Jeans,3,32514.37,0.08,89739.66,80526.73,9212.93,Credit Card,No
ORD04850,1526,Allison Williams,Male,37,Bangalore,2023/01/16,Beauty,Face Wash,2,34638.81,,48494.33,32179.74,16314.59,UPI,No
ORD04851,1098,Maria Patel,Female,55,Kolkata,2024/04/11,Fashion,T-Shirt,3,15772.01,0.25,35487.02,24230.4,11256.62,CASH ON DELIVERY,No
ORD04852,1600,Ashley Nash,Female,53,bangalore,21-07-2024,Fashion,Jeans,2,18267.36,0.27,26670.35,22075.12,4595.23,Net Banking,Yes
ORD04853,1735,Dr. Emily Kelly,Male,55,Delhi,22-10-2024,Beauty,Face Wash,5,43775.15,0.22,170723.08,151869.14,18853.94,Debit Card,Yes
ORD04854,1678,Shawna Ward,,40,nan,16-05-2024,Home,Desk,1,29233.73,,21048.29,17271.03,3777.26,UPI,No
ORD04855,1123,Melissa Calderon,Male,38,Pune,03-09-2024,Home,Vacuum Cleaner,1,6705.5,0.19,5431.45,4390.69,1040.76,Net Banking,Yes
ORD04856,1443,Brett Welch,Female,43,Bangalore,10-07-2024,Home,Vacuum Cleaner,4,37085.81,0.12,130542.05,105713.37,24828.68,UPI,No
ORD04857,1733,Andrew Price,Female,18,Mumbai,25-11-2023,Fashion,Jeans,5,26594.5,0.13,115686.07,81275.11,34410.96,Debit Card,No
ORD04858,1497,Rachel Herrera,Male,55,delhi,02-12-2024,Fashion,T-Shirt,4,28220.06,0.12,99334.61,76456.58,22878.03,Debit Card,No
ORD04859,1086,Sherry Brown,Male,58,Mumbai,12-01-2024,Electronics,Headphones,2,45473.75,0.27,66391.68,40420.18,25971.5,Debit Card,No
ORD04860,1315,Jenny Hicks,Male,28,Kolkata,16-10-2023,Electronics,Smartphone,2,41277.98,0.06,77602.6,60427.53,17175.07,Cash on Delivery,Yes
ORD04861,1375,Bradley Thompson,Male,44,Hyderabad,17-06-2024,Beauty,Lipstick,2,41317.6,0.04,79329.79,55030.57,24299.22,Credit Card,No
ORD04862,1138,Rachel Oconnor,Female,27,Bangalore,11-02-2024,Beauty,Face Wash,3,27976.63,0.19,67983.21,58329.17,,Cash on Delivery,Yes
ORD04863,1386,Michelle Griffin,Female,44,Mumbai,2023/04/07,Electronics,Tablet,3,8320.99,0.02,24463.71,16393.54,8070.17,DEBIT CARD,No
ORD04864,1234,Michael Lewis,Female,29,Pune,30-12-2023,Beauty,Moisturizer,4,30651.79,0.06,115250.73,89856.33,25394.4,Debit Card,No
ORD04865,1402,Alexandra Nielsen,Male,56,Pune,17-06-2024,Beauty,Lipstick,1,14809.53,0.21,11699.53,7473.56,4225.97,Net Banking,No
ORD04866,1465,Anthony Rice Jr.,Female,51,Hyderabad,29-06-2023,Beauty,Moisturizer,5,9678.87,0.26,35811.82,30477.05,5334.77,CASH ON DELIVERY,Yes
ORD04867,1071,Joseph Harper,Female,56,Mumbai,11-09-2024,Beauty,Moisturizer,3,1761.05,0.12,4649.17,3255.64,1393.53,NET BANKING,No
ORD04868,1473,Jason Nguyen,Male,56,delhi,19-07-2023,Home,Lamp,2,22398.4,0.14,38525.25,26106.08,12419.17,Credit Card,No
ORD04869,1618,Rebecca Moses,Female,30,Kolkata,17-12-2023,Electronics,Tablet,1,17634.55,0.2,14107.64,11632.99,2474.65,Cash on Delivery,No
ORD04870,1517,Brittany Juarez,Male,50,Bangalore,02-01-2024,Electronics,Smartphone,1,31243.1,0.1,28118.79,23163.66,4955.13,CASH ON DELIVERY,Yes
ORD04871,1793,Jonathan Aguilar,Female,48,Delhi,25-08-2024,Home,Chair,2,26299.06,0.27,38396.63,34217.99,4178.64,Credit Card,Yes
ORD04872,1603,Christopher Compton,Male,33,Kolkata,2024/05/06,Beauty,Moisturizer,3,13591.29,0.06,38327.44,23690.82,14636.62,Debit Card,No
ORD04873,1686,Sarah Shelton,Female,34,Delhi,10-03-2024,Electronics,Smartwatch,4,49002.2,0.29,139166.25,121526.51,17639.74,UPI,No
ORD04874,1718,,Female,44,,2024/04/22,Electronics,Smartphone,4,17867.0,0.06,67179.92,44905.46,22274.46,Net Banking,No
ORD04875,1612,Dylan Mclaughlin,Male,43,Delhi,06-05-2024,Beauty,Shampoo,2,8613.83,0.03,16710.83,14368.79,2342.04,DEBIT CARD,Yes
ORD04876,1254,Catherine Kirby,Male,36,,22-05-2023,Home,Lamp,3,22952.99,0.16,57841.53,39189.11,18652.42,Debit Card,No
ORD04877,1324,Samuel Taylor,Female,32,Bangalore,06-12-2023,Electronics,Laptop,3,16827.44,0.04,48463.03,40767.05,7695.98,Credit Card,Yes
ORD04878,1403,Randy Evans,Male,37,Pune,2023/02/05,Beauty,Shampoo,3,13457.3,0.06,37949.59,26354.99,11594.6,Debit Card,No
ORD04879,1086,Lawrence Barnes,Female,28,pune,2023/07/16,Home,Chair,1,49289.95,0.05,46825.45,33932.16,12893.29,Credit Card,No
ORD04880,1167,Ashlee Medina,Male,21,Kolkata,14-07-2024,Home,Lamp,1,25681.69,0.21,20288.54,16595.17,3693.37,Credit Card,No
ORD04881,1719,Virginia King,Female,44,Delhi,24-05-2024,Beauty,Shampoo,2,38830.94,0.18,63682.74,47651.4,16031.34,Cash on Delivery,No
ORD04882,1325,Jeremy Schmidt,Female,18,Mumbai,15-06-2024,Beauty,Lipstick,2,39034.82,0.12,68701.28,50151.97,18549.31,Cash on Delivery,Yes
ORD04883,1168,,Male,48,Pune,16-08-2024,Beauty,Lipstick,4,7301.17,0.03,28328.54,17856.17,10472.37,Net Banking,No
ORD04884,1737,Nicole Johnson,Male,28,Mumbai,19-07-2024,Electronics,Smartwatch,3,43813.77,0.17,109096.29,88845.3,20250.99,UPI,Yes
ORD04885,1577,Dana White,Female,54,Mumbai,07-09-2023,Fashion,T-Shirt,5,17746.71,0.27,64775.49,51688.48,13087.01,Debit Card,No
ORD04886,1363,Dr. Leslie Clark,Female,36,Bangalore,2024/01/05,Fashion,Jeans,4,6920.2,0.12,24359.1,20031.0,4328.1,Credit Card,No
ORD04887,1125,Ashley Rogers,Male,51,Hyderabad,21-02-2024,Fashion,Jacket,5,28922.65,0.13,125813.53,101511.15,24302.38,UPI,No
ORD04888,1624,,Male,28,Mumbai,14-06-2023,Fashion,Jeans,3,23542.38,0.1,63564.43,39925.55,23638.88,Cash on Delivery,Yes
ORD04889,1384,Claudia Stafford,Female,20,Kolkata,2024/03/14,Electronics,Headphones,4,43769.17,0.23,134809.04,97054.37,37754.67,Net Banking,No
ORD04890,1214,Gabriela Hurley,Female,27,hyderabad,07-06-2023,Beauty,Moisturizer,2,45493.41,0.11,80978.27,49825.34,31152.93,UPI,No
ORD04891,1684,James Lawson,Female,22,Delhi,30-09-2024,Fashion,T-Shirt,5,13670.17,0.05,64933.31,55433.21,9500.1,Cash on Delivery,No
ORD04892,1126,Rachel Dennis,Female,26,Delhi,2023/03/19,Electronics,Headphones,3,7115.73,0.13,18572.06,14598.74,3973.32,Cash on Delivery,Yes
ORD04893,1586,Mariah Watts,Male,50,Delhi,26-07-2024,Fashion,Jacket,1,2132.9,0.05,2026.25,1621.92,404.33,Cash on Delivery,Yes
ORD04894,1238,Troy Peterson,Male,36,Delhi,2024/08/28,Fashion,T-Shirt,1,42250.32,0.24,32110.24,28722.34,3387.9,Net Banking,Yes
ORD04895,1762,Michael Williams,Male,27,Delhi,01-03-2023,Beauty,Shampoo,3,30911.45,0.27,67696.08,52782.85,14913.23,Credit Card,No
ORD04896,1431,Matthew Cooper,Female,55,Delhi,21-01-2024,Fashion,T-Shirt,3,29978.35,0.21,71048.69,56286.19,14762.5,Cash on Delivery,Yes
ORD04897,1432,Craig Rodriguez,Female,46,Kolkata,19-10-2024,Beauty,Perfume,2,24232.71,0.2,38772.34,25407.08,13365.26,Debit Card,No
ORD04898,1310,Donna Guerra,Male,54,Pune,07-03-2023,Fashion,Jacket,2,23273.64,0.01,46081.81,38076.46,8005.35,Cash on Delivery,No
ORD04899,1476,Samuel Taylor,Female,46,Chennai,2023/02/05, Home ,Desk,3,44323.15,0.02,130310.06,80821.67,49488.39,UPI,Yes
ORD04900,1326,Janet Lopez,Female,60,Chennai,28-05-2023,Fashion,Sneakers,1,36195.56,0.09,32937.96,22249.31,10688.65,Net Banking,No
ORD04901,1572,Michael Sawyer,Female,36,hyderabad,24-07-2024,Home,Mixer,2,11031.32,0.01,21842.01,14928.28,6913.73,Debit Card,Yes
ORD04902,1293,William Ellis,Female,57,Hyderabad,06-08-2023,Beauty,Shampoo,3,11024.8,0.14,28443.98,20431.0,8012.98,Cash on Delivery,Yes
ORD04903,1764,Alexander Duncan,Male,24,Kolkata,08-04-2024,Home,Lamp,4,23263.88,,69791.64,55124.22,,Debit Card,No
ORD04904,1401,Maria Green,Female,25,Bangalore,2023/12/09,Fashion,T-Shirt,1,24584.23,0.21,19421.54,14009.68,5411.86,NET BANKING,No
ORD04905,1260,Joan Parker,Male,50,Delhi,06-04-2023,Beauty,Lipstick,1,36156.88,0.25,27117.66,20997.01,6120.65,Debit Card,No
ORD04906,1716,Regina Acevedo,Male,50,Hyderabad,2024/05/27,Electronics,Smartwatch,1,45706.9,0.01,45249.83,32381.2,12868.63,Cash on Delivery,No
ORD04907,1473,Aaron Vasquez,Female,47,Delhi,12-09-2024,Home,Lamp,2,7338.45,0.04,14089.82,9370.68,4719.14,Cash on Delivery,No
ORD04908,1584,Bridget Grant,Female,58,,18-12-2023, Fashion ,Sneakers,5,35910.39,0.01,177756.43,115940.76,61815.67,Net Banking,Yes
ORD04909,1484,Chad Hernandez,Male,31,hyderabad,11-03-2023,Beauty,Shampoo,3,38644.3,0.02,113614.24,93763.48,19850.76,UPI,No
ORD04910,1110,Becky Nelson,Male,49,Delhi,06-11-2024,Fashion,Jacket,3,9866.02,0.06,27822.18,24659.04,3163.14,Credit Card,Yes
ORD04911,1168,Ashley Anderson,Female,23,Pune,30-06-2023,Beauty,Moisturizer,4,47105.01,0.05,178999.04,143730.43,35268.61,Debit Card,No
ORD04912,1429,Dale West,Female,25,Bangalore,12-11-2023,Beauty,Lipstick,1,37081.56,0.26,27440.35,21077.27,6363.08,CREDIT CARD,No
ORD04913,1022,Johnny Harris,Male,25,Delhi,2023/01/30,Home,Chair,2,47959.15,0.19,77693.82,64002.06,13691.76,Cash on Delivery,Yes
ORD04914,1374,Jason Cross,Female,49,Chennai,17-01-2023,Home,Vacuum Cleaner,5,43536.3,0.29,154553.86,99524.1,,UPI,No
ORD04915,1686,Mr. Stanley Benitez DDS,Male,43,Hyderabad,12-05-2024,Home,Desk,1,30925.85,0.1,27833.26,23124.3,4708.96,UPI,No
ORD04916,1442,Cody Anderson,Male,52,Pune,22-01-2024,Electronics,Laptop,1,40744.63,0.04,39114.84,26627.27,12487.57,Cash on Delivery,No
ORD04917,1487,Laura Hayes,Female,46,Delhi,24-03-2024,Electronics,Smartphone,4,1396.93,0.19,4526.05,2868.04,1658.01,Net Banking,No
ORD04918,1357,Jonathan Adams,Male,32,Hyderabad,20-06-2023,Home,Mixer,2,27968.81,0.23,43071.97,38594.13,4477.84,UPI,No
ORD04919,1650,Eric Alexander,Female,33,Kolkata,2024/06/01,Beauty,Lipstick,2,19073.27,0.18,31280.16,19480.64,11799.52,UPI,No
ORD04920,1139,Jennifer Simpson,Female,38,Delhi,11-06-2023,Electronics,Tablet,1,6849.98,0.28,4931.99,3432.29,1499.7,Net Banking,No
ORD04921,1209,Peter Baker,Female,24,Kolkata,14-02-2024,Electronics,Smartwatch,5,33768.36,0.12,148580.78,108985.88,39594.9,Cash on Delivery,No
ORD04922,1030,James Hahn,Female,18,Chennai,07-12-2024,Electronics,Smartphone,3,1685.86,,4096.64,2717.41,1379.23,Credit Card,No
ORD04923,1157,Cody Allen,Female,33,Delhi,06-07-2023,Fashion,Jeans,2,18310.25,0.01,36254.29,32580.62,3673.67,Net Banking,No
ORD04924,1550,Lauren Marquez,Male,46,Delhi,2023/01/01,Beauty,Moisturizer,3,41674.44,0.28,90016.79,70135.13,19881.66,Cash on Delivery,No
ORD04925,1534,Lauren Gross,Male,28,Hyderabad,10-01-2024, Electronics ,Headphones,3,35834.58,0.04,103203.59,73479.34,29724.25,Debit Card,No
ORD04926,1330,Thomas Wells,Male,55,Bangalore,13-08-2024,Electronics,Tablet,5,9290.66,0.2,37162.64,24236.95,12925.69,Cash on Delivery,No
ORD04927,1066,Jennifer White,Female,60,chennai,07-09-2023,Home,Vacuum Cleaner,1,24308.85,0.27,17745.46,11444.91,6300.55,Credit Card,No
ORD04928,1177,Kimberly Valentine,Female,38,Mumbai,17-03-2024,Electronics,Tablet,2,23279.28,0.04,44696.22,26895.34,17800.88,Cash on Delivery,No
ORD04929,1563,Christina Marks,Female,36,Mumbai,2024/09/05,Beauty,Lipstick,2,44356.59,0.25,66534.88,51909.41,14625.47,CASH ON DELIVERY,Yes
ORD04930,1775,Jessica Gibson,Female,43,Delhi,24-04-2024,Beauty,Lipstick,3,6597.96,0.22,15439.23,10648.99,4790.24,Cash on Delivery,No
ORD04931,1573,Kathy Dawson,Female,29,bangalore,02-06-2024,Electronics,Smartphone,4,33681.6,0.2,107781.12,91808.32,15972.8,Debit Card,No
ORD04932,1326,Theresa Mcdonald,Male,21,Hyderabad,2024/07/19,Home,Mixer,2,48631.09,0.19,78782.37,51459.47,27322.9,Net Banking,Yes
ORD04933,1537,Joann Hernandez,Male,21,Chennai,15-08-2023,Electronics,Tablet,1,12762.29,0.02,12507.04,9999.84,2507.2,UPI,Yes
ORD04934,1629,Amy Smith,Female,45,nan,02-01-2023,Fashion,Dress,4,6619.97,0.12,23302.29,18656.63,4645.66,Debit Card,Yes
ORD04935,1075,,Male,26,Chennai,13-01-2023,Beauty,Face Wash,1,33860.48,0.15,28781.41,21807.25,6974.16,Cash on Delivery,Yes
ORD04936,1343,Bill Wheeler,Male,34,,05-03-2024,Beauty,Shampoo,3,821.77,0.24,1873.64,1149.42,724.22,Net Banking,No
ORD04937,1763,,Female,23,Delhi,2023/09/02, Electronics ,Tablet,1,18986.36,0.03,18416.77,14253.77,4163.0,Credit Card,Yes
ORD04938,1748,Peter Montes,Female,49,Hyderabad,2023/12/21,Fashion,Dress,1,24202.08,0.19,19603.68,15106.72,4496.96,UPI,Yes
ORD04939,1766,Jared Nelson,Male,43,Mumbai,06-04-2024, Beauty ,Shampoo,1,21654.64,0.13,18839.54,12182.82,6656.72,Net Banking,No
ORD04940,1089,Thomas Mcdaniel,Male,43,Chennai,29-01-2024,Beauty,Perfume,2,19610.6,0.0,39221.2,24604.24,14616.96,Cash on Delivery,Yes
ORD04941,1390,Nicole Rowland,Female,36,Mumbai,20-02-2024,Fashion,Jeans,3,30349.72,0.11,81033.75,67912.53,,UPI,Yes
ORD04942,1658,Jasmine Haynes,Female,51,Hyderabad,19-06-2024,Electronics,Tablet,5,45973.87,0.01,227570.66,185656.11,41914.55,Net Banking,No
ORD04943,1583,Christine Curtis,Female,48,Delhi,2023/12/07,Home,Chair,1,49318.14,0.06,46359.05,28113.14,18245.91,Net Banking,Yes
ORD04944,1783,Tiffany Newton,Female,60,Kolkata,2023/04/07,Electronics,Headphones,2,40408.72,0.07,75160.22,53835.74,21324.48,Cash on Delivery,No
ORD04945,1093,James Frey,Female,43,Kolkata,2024/09/11,Home,Chair,1,30346.87,0.21,23974.03,19136.56,4837.47,Debit Card,Yes
ORD04946,1227,Stephanie Rogers,Male,22,Delhi,2023/05/28,Beauty,Face Wash,5,20887.58,0.24,79372.8,64651.84,14720.96,Debit Card,No
ORD04947,1221,Sean Robertson,,31,Pune,23-06-2023,Fashion,Jacket,5,20856.38,0.08,95939.35,59446.63,36492.72,UPI,No
ORD04948,1002,Antonio Nelson,Female,42,Mumbai,2023/08/08,Fashion,Jeans,4,40762.63,0.07,151636.98,120276.46,,Debit Card,Yes
ORD04949,1177,Michele Jackson,Male,41,,2024/05/13,Fashion,Jeans,5,43081.63,0.25,161556.11,130228.15,31327.96,Cash on Delivery,No
ORD04950,1774,Jason Perry,Female,39,Delhi,26-12-2023,Home,Vacuum Cleaner,1,37712.54,0.18,30924.28,19665.94,11258.34,Net Banking,No
ORD04951,1486,Beth Blair,,50,Mumbai,30-04-2024,Fashion,Sneakers,5,1954.57,0.23,7525.09,5936.42,1588.67,Credit Card,No
ORD04952,1769,Clinton Bradford,Male,59,chennai,23-01-2024,Electronics,Laptop,5,3958.24,0.0,19791.2,16439.13,3352.07,Cash on Delivery,Yes
ORD04953,1414,Richard Lara DDS,Female,24,Bangalore,2023/10/26, Electronics ,Laptop,5,25494.09,0.22,99426.95,86346.68,13080.27,Cash on Delivery,No
ORD04954,1357,Erin Juarez,Male,24,Mumbai,2023/04/24,Fashion,T-Shirt,5,40115.55,0.23,154444.87,94495.42,59949.45,UPI,No
ORD04955,1110,David Trujillo,Male,42,Delhi,10-10-2024,Electronics,Smartwatch,2,5732.04,0.06,10776.24,7263.39,3512.85,UPI,No
ORD04956,1334,Sarah Sanders,Female,28,Pune,2023/03/26, Home ,Mixer,5,19979.2,0.04,95900.16,74067.74,21832.42,UPI,Yes
ORD04957,1321,James Burch,Female,31,Kolkata,01-07-2024,Fashion,Sneakers,4,22873.76,0.06,86005.34,66910.17,19095.17,NET BANKING,No
ORD04958,1432,Brian Adams,Male,40,Pune,05-07-2023,Electronics,Headphones,1,14980.51,0.16,12583.63,9905.26,2678.37,UPI,No
ORD04959,1550,Brianna Griffin,Female,28,kolkata,31-01-2024,Home,Lamp,1,17092.05,0.18,14015.48,12420.52,1594.96,Debit Card,No
ORD04960,1782,Jerry Morgan,Male,38,Delhi,31-05-2024,Electronics,Laptop,4,20150.18,0.25,60450.54,48506.32,11944.22,Credit Card,No
ORD04961,1736,Matthew Martinez,Female,50,Bangalore,10-10-2024,Electronics,Smartwatch,1,39883.16,0.2,31906.53,20099.45,11807.08,Debit Card,No
ORD04962,1566,Zachary Blair,Female,55,Mumbai,2024/11/25,Fashion,Jeans,1,6935.78,0.28,4993.76,3593.72,1400.04,DEBIT CARD,No
ORD04963,1180,Brandy Clayton,Female,42,Chennai,17-09-2024,Electronics,Headphones,5,23996.69,0.11,106785.27,80223.7,26561.57,Cash on Delivery,No
ORD04964,1479,Sara Travis,Male,50,,12-02-2023,Fashion,Jacket,3,44728.24,0.09,122108.1,101140.47,20967.63,UPI,No
ORD04965,1064,Harold Vega,,55,Bangalore,19-10-2023,Home,Chair,4,2696.06,0.04,10352.87,8208.15,2144.72,Cash on Delivery,No
ORD04966,1322,,Male,50,Pune,30-05-2023,Home,Desk,1,10262.1,0.29,7286.09,4818.99,2467.1,Debit Card,No
ORD04967,1749,Reginald Lloyd,Female,22,Kolkata,15-09-2023,Beauty,Moisturizer,4,34860.88,0.17,115738.12,91290.06,24448.06,UPI,No
ORD04968,1065,Alicia Jackson,Male,29,Pune,2024/03/24,Beauty,Moisturizer,1,3505.14,0.16,2944.32,1889.58,,UPI,Yes
ORD04969,1606,Christina Campbell,Female,40,Mumbai,2024/03/07,Fashion,Sneakers,1,35497.17,0.26,26267.91,16856.59,9411.32,Cash on Delivery,Yes
ORD04970,1326,Jared Williams,Male,24,Hyderabad,16-12-2024,Beauty,Perfume,5,42009.67,0.28,151234.81,122434.25,28800.56,Credit Card,No
ORD04971,1232,Alicia Porter,Male,30,Bangalore,2023/11/28,Beauty,Moisturizer,4,22071.12,0.25,66213.36,39980.01,26233.35,UPI,No
ORD04972,1243,Eric Miller,Male,19,Kolkata,2024/03/09,Home,Vacuum Cleaner,2,14122.08,0.04,27114.39,18805.23,8309.16,Cash on Delivery,No
ORD04973,1472,Christina Rodriguez,Female,18,Chennai,20-03-2023,Beauty,Moisturizer,1,38569.55,0.0,38569.55,33735.21,4834.34,Cash on Delivery,Yes
ORD04974,1296,Darryl Carrillo,Female,-5,Kolkata,01-06-2023,Electronics,Headphones,5,8492.71,0.01,42038.91,29226.17,12812.74,CREDIT CARD,No
ORD04975,1145,Mrs. Carla King MD,Female,43,Mumbai,21-06-2024,Fashion,T-Shirt,5,1540.37,0.19,6238.5,4131.66,2106.84,Debit Card,No
ORD04976,1736,Brandon Medina,Female,51,Bangalore,08-03-2023,Home,Desk,4,14483.43,0.24,44029.63,38716.45,5313.18,Net Banking,No
ORD04977,1233,Linda Young,Male,52,Kolkata,01-12-2024,Fashion,Sneakers,1,29263.07,,22825.19,20299.73,2525.46,UPI,No
ORD04978,1594,Phillip George,Male,34,Hyderabad,23-04-2024,Electronics,Headphones,3,1797.85,0.1,4854.19,4105.65,748.54,Net Banking,Yes
ORD04979,1433,Leslie Beard,Male,28,Delhi,29-06-2024,Fashion,Jeans,2,30846.28,0.15,52438.68,41037.34,11401.34,UPI,No
ORD04980,1309,Matthew Johnson,Female,57,Chennai,12-12-2023,Home,Desk,5,17910.77,0.01,88658.31,61737.45,26920.86,Credit Card,No
ORD04981,1067,Joseph Webster,Female,58,Mumbai,25-07-2024,Electronics,Tablet,4,22123.0,0.25,66369.0,53728.3,12640.7,Debit Card,No
ORD04982,1765,Jonathan Garcia,Female,41,Mumbai,03-07-2023,Fashion,Dress,1,17299.74,0.28,12455.81,10131.34,2324.47,UPI,No
ORD04983,1752,,Female,20,Pune,28-04-2023,Beauty,Perfume,5,41971.01,0.3,146898.54,112124.08,34774.46,Cash on Delivery,Yes
ORD04984,1462,Blake Morgan,Male,37,Kolkata,19-02-2023,Fashion,Dress,5,36617.35,0.3,128160.72,98721.97,,Cash on Delivery,No
ORD04985,1161,Dr. James Flores,Female,51,Delhi,09-02-2023,Fashion,Jacket,2,7767.25,0.15,13204.32,10925.82,2278.5,Debit Card,No
ORD04986,1769,Gina Robinson,Male,32,,21-03-2023,Home,Chair,5,15474.02,0.24,58801.28,45994.53,12806.75,UPI,No
ORD04987,1778,Justin Richmond,Female,35,Pune,22-04-2023,Beauty,Lipstick,3,35302.96,0.15,90022.55,54863.93,35158.62,Debit Card,No
ORD04988,1590,Julie Hernandez,Male,22,Chennai,23-09-2023,Beauty,Shampoo,5,41690.99,0.29,148003.01,103497.01,44506.0,Credit Card,No
ORD04989,1013,Lawrence Sandoval,Female,19,Bangalore,08-07-2024,Beauty,Lipstick,3,13774.19,0.27,30165.48,20312.0,9853.48,Net Banking,No
ORD04990,1125,Courtney Martin,Female,29,Delhi,02-07-2023,Beauty,Shampoo,4,13186.15,0.1,47470.14,29018.88,18451.26,Cash on Delivery,No
ORD04991,1750,Charles Hall,Female,20,Delhi,17-11-2023,Fashion,Jacket,2,10124.0,0.26,14983.52,9896.96,5086.56,Cash on Delivery,No
ORD04992,1193,,Female,42,Kolkata,29-07-2024,Home,Vacuum Cleaner,5,47501.22,,211380.43,154305.57,,Debit Card,No
ORD04993,1713,Bryan Mercer,Male,57,Chennai,30-12-2024,Fashion,Jeans,3,7834.4,0.26,17392.37,15102.02,2290.35,Cash on Delivery,No
ORD04994,1516,Robin Bender,Male,21,Mumbai,28-07-2023,Beauty,Face Wash,1,37642.23,0.02,36889.39,26179.9,,Net Banking,No
ORD04995,1219,Eric Bridges,Female,29,Delhi,05-03-2024,Fashion,Dress,2,9535.53,0.21,15066.14,11656.21,3409.93,Net Banking,No
ORD04996,1313,James Jenkins,Male,36,Pune,2023/08/31,Beauty,Perfume,4,31385.29,0.22,97922.1,77885.45,20036.65,UPI,No
ORD04997,1100,Robert Hurley,Male,33,Kolkata,03-12-2023,Electronics,Smartwatch,1,37392.41,0.07,34774.94,28205.17,6569.77,Cash on Delivery,Yes
ORD04998,1717,Henry Carpenter,Female,50,Delhi,21-08-2024,Beauty,Face Wash,1,8984.42,0.25,6738.32,5949.62,,UPI,No
ORD04999,1277,Gary Dennis,Male,28,Bangalore,19-03-2023,Fashion,Sneakers,3,36976.18,0.03,107600.68,79037.68,28563.0,Credit Card,No
ORD05000,1337,Julie Kramer,Female,46,Hyderabad,15-02-2023,Fashion,Sneakers,5,48467.78,0.05,230221.95,174718.26,55503.69,Cash on Delivery,No
ORD01502,1566,Melinda Jones,Female,34,Kolkata,01-08-2024,Fashion,T-Shirt,3,16855.72,0.15,42982.09,31925.72,11056.37,Debit Card,No
ORD02587,1227,Brenda Sellers,Female,24,Chennai,01-03-2023,Fashion,Dress,4,37771.83,0.13,131445.97,84860.22,46585.75,Cash on Delivery,No
ORD02654,1140,Gary Johnson,Female,57,Mumbai,16-12-2024,Home,Desk,4,30484.21,0.03,118278.73,96357.03,21921.7,CASH ON DELIVERY,No
ORD01056,1466,Grace Middleton,Female,45,Pune,20-11-2023, Home ,Mixer,3,21254.97,0.17,52924.88,35767.11,17157.77,Credit Card,Yes
ORD00706,1136,Rachel Hurley,Male,22,Bangalore,27-04-2024,Home,Desk,3,17354.1,0.11,46335.45,37867.1,8468.35,Debit Card,Yes
ORD00107,1077,Keith Gates,Male,41,Chennai,30-11-2023,Home,Vacuum Cleaner,1,38517.68,0.24,29273.44,21707.31,7566.13,UPI,No
ORD00590,1375,Tracy Hunter,Male,25,Pune,2024/04/23,Home,Mixer,3,49477.07,0.28,106870.47,87488.58,19381.89,Net Banking,Yes
ORD02469,1573,Helen Harris,Male,37,Hyderabad,2023/02/02,Fashion,Jacket,2,15093.06,0.09,27469.37,18895.23,8574.14,Debit Card,No
ORD02414,1332,Natalie Hall,Female,60,Delhi,13-11-2023,Fashion,Dress,4,3022.18,0.01,11967.83,7751.24,4216.59,Debit Card,No
ORD01601,1107,Rickey Thompson,Male,27,kolkata,2024/05/18,Fashion,Jacket,5,7097.24,0.26,26259.79,20520.92,5738.87,Net Banking,No
ORD02465,1171,James Turner,Female,52,Delhi,02-02-2024,Fashion,Jeans,5,27512.28,0.09,125180.87,90196.3,34984.57,UPI,Yes
ORD00229,1507,Teresa Martin,Male,59,chennai,17-05-2024,Home,Chair,1,30732.49,,22127.39,16999.26,5128.13,CASH ON DELIVERY,Yes
ORD00916,1265,Christopher Espinoza,Female,31,Mumbai,2024/08/25,Fashion,Jeans,3,16672.49,,36512.75,28831.15,7681.6,Credit Card,No
ORD00795,1061,Alexandra Gomez,Female,26,Hyderabad,05-02-2023,Home,Lamp,3,45674.7,0.24,104138.32,80507.73,23630.59,Cash on Delivery,No
ORD03022,1145,Catherine Jackson,Male,33,Kolkata,17-02-2023,Electronics,Smartwatch,5,9131.15,0.07,42459.85,35505.97,6953.88,UPI,No
ORD03544,1800,Michael Evans,Male,39,Delhi,17-10-2024,Fashion,T-Shirt,5,28250.62,0.08,129952.85,103549.5,26403.35,Net Banking,Yes
ORD01074,1615,Michael King,Female,19,Chennai,03-03-2024,Fashion,Dress,5,8154.28,0.06,38325.12,34364.32,3960.8,Credit Card,No
ORD03352,1658,Eric Williams,Female,42,Bangalore,01-05-2024,Electronics,Laptop,5,24452.52,0.27,89251.7,67632.88,21618.82,Credit Card,No
ORD01745,1372,Jessica Evans,Female,56,Bangalore,2023/06/17,Fashion,Jacket,4,3137.81,0.05,11923.68,9162.96,,Net Banking,No
ORD01085,1671,Megan Chung,Female,55,Mumbai,2024/02/16, Electronics ,Smartwatch,3,3145.95,0.09,8588.44,5908.75,2679.69,Debit Card,No
ORD00927,1294,Terri Thomas,Male,19,Bangalore,2023/08/16,Fashion,Dress,1,2326.34,0.1,2093.71,1840.05,253.66,CASH ON DELIVERY,No
ORD03050,1365,Maria Coleman,Female,19,Hyderabad,23-04-2023,Fashion,Jeans,2,35272.21,0.27,51497.43,45549.32,5948.11,Net Banking,No
ORD01118,1738,Donald Marquez,Male,26,Hyderabad,2024/07/30, Electronics ,Headphones,1,23586.12,0.27,17217.87,12971.26,4246.61,UPI,Yes
ORD00643,1421,Kirk Reed,Male,20,mumbai,06-12-2024,Beauty,Moisturizer,5,11950.18,0.03,57958.37,50292.41,7665.96,Credit Card,No
ORD04768,1357,Andrew Baker,Male,58,Hyderabad,15-12-2023,Beauty,Shampoo,2,24826.11,0.15,42204.39,27086.65,15117.74,Cash on Delivery,No
ORD00502,1365,,Male,35,Kolkata,07-05-2023,Home,Chair,5,2454.58,0.22,9572.86,7626.19,1946.67,Cash on Delivery,No
ORD04067,1657,Michael Taylor,Male,36,,09-07-2024,Fashion,Jeans,3,7843.65,0.12,20707.24,13575.06,7132.18,Debit Card,No
ORD00334,1007,Jonathan Harrell,Female,57,,19-01-2023,Beauty,Moisturizer,4,34563.75,0.0,138255.0,114394.0,23861.0,UPI,No
ORD04685,1688,Thomas Solis,Female,59,Chennai,13-06-2023,Home,Mixer,2,3383.79,0.26,5008.01,3200.47,1807.54,Net Banking,No
ORD00487,1319,Daniel Mills,Female,36,Hyderabad,13-11-2024,Fashion,Sneakers,1,49072.71,0.13,42693.26,29366.22,13327.04,Credit Card,No
ORD01963,1732,Joshua Wallace,Male,55,Kolkata,2024/11/13,Beauty,Face Wash,3,11623.86,0.09,31733.14,23340.35,8392.79,Net Banking,No
ORD00394,1513,Monica White,Female,50,Pune,24-10-2024,Fashion,Dress,1,18483.89,0.09,16820.34,14865.24,1955.1,UPI,No
ORD04843,1547,Karen Harding,Female,20,Hyderabad,26-09-2024,Home,Chair,1,12333.62,0.03,11963.61,7797.81,4165.8,UPI,Yes
ORD04867,1071,Joseph Harper,Female,56,Mumbai,11-09-2024,Beauty,Moisturizer,3,1761.05,0.12,4649.17,3255.64,1393.53,Net Banking,No
ORD01756,1390,Douglas Hansen,Female,60,Bangalore,2023/04/16,Home,Mixer,2,47679.54,0.01,94405.49,76531.17,17874.32,Net Banking,No
ORD02516,1509,Tony Perkins,Female,37,Kolkata,09-07-2024,Home,Chair,3,43965.18,0.19,106835.39,94687.58,12147.81,Debit Card,No
ORD03586,1547,Beth Perry,Male,26,Chennai,2023/01/06,Beauty,Shampoo,2,19228.0,0.03,37302.32,25287.25,12015.07,Cash on Delivery,Yes
ORD04316,1078,Christopher Colon,Male,38,,12-02-2023,Home,Vacuum Cleaner,2,14672.4,0.16,24649.63,17803.75,6845.88,Debit Card,No
ORD04967,1749,Reginald Lloyd,Female,22,Kolkata,15-09-2023,Beauty,Moisturizer,4,34860.88,0.17,115738.12,91290.06,24448.06,UPI,No
ORD02100,1571,,Male,21,Chennai,2023/12/16,Fashion,Sneakers,5,48870.98,0.16,205258.12,149990.16,55267.96,Cash on Delivery,No
ORD03600,1464,Mr. Zachary Lopez,Female,20,Chennai,19-10-2023,Home,Chair,5,11027.27,0.22,43006.35,36930.59,6075.76,UPI,No
ORD04122,1585,John Frederick,Male,38,Mumbai,17-02-2024,Home,Desk,5,5174.63,0.08,23803.3,17887.64,5915.66,Net Banking,No
ORD00030,1137,Kyle Taylor,Male,40,Hyderabad,03-04-2023,Beauty,Perfume,4,3169.35,0.05,12043.53,8892.95,3150.58,UPI,No
ORD00066,1163,Kathryn Ross,Male,30,Mumbai,2024/09/07,Home,Lamp,1,30851.1,0.09,28074.5,20482.08,7592.42,Net Banking,No
ORD00839,1703,Jeffrey Elliott,Male,36,Chennai,25-10-2024,Fashion,Sneakers,1,20583.01,0.1,18524.71,12553.31,5971.4,Cash on Delivery,No
ORD03907,1301,,Female,58,Delhi,27-05-2023,Beauty,Moisturizer,3,35633.6,0.15,90865.68,58509.54,32356.14,Debit Card,Yes
ORD03774,1683,Jeffery Murphy,Female,38,Kolkata,20-06-2023,Home,Vacuum Cleaner,5,19631.61,0.18,80489.6,58259.75,22229.85,Credit Card,No
ORD04636,1145,Randy Hartman,Female,25,Pune,2024/06/05,Fashion,Jacket,5,46589.92,0.0,232949.6,209646.92,23302.68,Cash on Delivery,No
ORD03162,1721,Jerry Huynh,Male,41,Pune,12-08-2023,Electronics,Smartphone,3,42069.05,0.11,112324.36,78717.67,33606.69,Net Banking,No
ORD02660,1330,Samantha Calderon,Female,28,Kolkata,15-08-2024,Fashion,Sneakers,3,5790.08,0.15,14764.7,11705.16,3059.54,Debit Card,No
ORD04616,1546,Gerald Phillips,Female,56,Pune,22-08-2024,Home,Vacuum Cleaner,4,4240.66,0.03,16453.76,14425.39,2028.37,Credit Card,No
ORD04629,1404,Tom Huff,,46,Bangalore,14-09-2023,Fashion,Dress,3,7112.69,0.13,18564.12,12191.7,6372.42,Cash on Delivery,No
ORD02452,1408,Stephen Johnson,,41,Bangalore,27-08-2023,Electronics,Tablet,1,38264.65,0.13,33290.25,27296.55,5993.7,Debit Card,Yes
ORD02847,1615,James Moran,,20,Pune,2023/01/02,Home,Vacuum Cleaner,1,19017.99,0.19,15404.57,11142.58,4261.99,Net Banking,No
ORD01145,1086,Justin Cook,,30,Chennai,17-08-2024,Home,Vacuum Cleaner,2,35437.6,0.29,50321.39,31751.59,18569.8,Net Banking,No
ORD03079,1759,Sylvia Wiley DDS,Male,48,Pune,29-07-2023,Fashion,Dress,4,16911.08,0.0,67644.32,47591.52,20052.8,Net Banking,No
ORD01104,1342,Nicholas Mcdonald,Female,51,,19-12-2023,Beauty,Moisturizer,5,19499.17,0.05,92621.06,75606.0,17015.06,DEBIT CARD,No
ORD00169,1724,Stephen Sanchez,Female,21,Delhi,2023/03/19,Fashion,Jeans,2,29298.42,0.07,54495.06,42848.3,11646.76,Net Banking,Yes
ORD01671,1641,Tiffany Green,Female,49,Delhi,02-11-2024,Electronics,Laptop,5,48149.47,0.2,192597.88,166673.33,25924.55,Net Banking,No
ORD02571,1777,Jonathan Turner,Male,21,Delhi,2024/06/19,Electronics,Smartphone,3,7424.27,0.01,22050.08,17236.12,4813.96,Net Banking,No
ORD02378,1489,Glenda Hicks,Female,30,Chennai,23-01-2024,Home,Desk,2,45860.08,0.03,88968.56,69168.71,19799.85,Credit Card,No
ORD04396,1369,Olivia Gray,Female,27,Bangalore,2024/10/10,Home,Lamp,1,11138.33,0.24,8465.13,7013.24,,Credit Card,No
ORD04258,1325,Nicole Dorsey,Male,50,Pune,04-02-2024,Beauty,Moisturizer,2,5294.23,0.17,8788.42,7315.32,1473.1,Debit Card,No
ORD03863,1309,Cynthia Williamson,Female,39,Pune,22-02-2023,Fashion,Dress,1,21765.59,0.12,19153.72,14637.95,4515.77,Net Banking,Yes
ORD00024,1365,Patrick Horton,Male,49,Mumbai,2024/06/13,Beauty,Moisturizer,1,3195.56,0.13,2780.14,2213.62,566.52,UPI,No
ORD02634,1721,Philip Rios,Male,57,Delhi,28-03-2023,Fashion,Dress,1,49673.0,0.0,49673.0,30443.67,19229.33,CASH ON DELIVERY,No
ORD03341,1759,Jaclyn Velez,,24,Kolkata,2024/12/05,Fashion,Jeans,4,1138.66,0.25,3415.98,2338.93,1077.05,UPI,No
ORD02216,1572,Tyler Novak,Male,47,bangalore,05-01-2024,Beauty,Lipstick,2,38563.03,0.12,67870.93,47837.01,20033.92,UPI,No
ORD03683,1744,Robert Lam,Male,44,Delhi,14-03-2024, Electronics ,Smartphone,5,9457.96,0.22,36886.04,26179.76,10706.28,Credit Card,Yes
ORD04725,1058,Jerry Rivas,Female,45,delhi,16-12-2023, Fashion ,Sneakers,1,6443.59,0.25,4832.69,3225.8,1606.89,Net Banking,Yes
ORD01908,1564,Mitchell Chung,Male,52,Pune,21-03-2023,Beauty,Shampoo,4,11185.03,0.11,39818.71,30788.91,9029.8,Credit Card,No
ORD00085,1664,Terry Banks,Female,29,Kolkata,15-11-2023, Home ,Vacuum Cleaner,4,19986.02,0.29,56760.3,35154.65,,UPI,No
ORD00228,1549,,Male,26,Hyderabad,14-08-2024,Beauty,Perfume,4,33248.72,0.03,129005.03,96620.31,32384.72,Credit Card,No
ORD00297,1695,Derek Williams,Male,42,Bangalore,07-04-2024,Fashion,Jeans,5,36509.24,0.28,131433.26,93136.45,38296.81,Cash on Delivery,No
ORD01002,1546,Tony Brown,Male,55,Pune,2023/06/01,Home,Vacuum Cleaner,4,8358.0,0.12,29420.16,20714.05,8706.11,Credit Card,No
ORD02139,1676,Clifford Perkins,Female,20,Bangalore,2024/09/22,Beauty,Shampoo,1,3242.11,0.05,3080.0,2659.62,420.38,UPI,No
ORD00712,1659,Michael Richard,Female,49,Chennai,2023/09/24,Beauty,Lipstick,2,49881.84,0.0,99763.68,69790.19,29973.49,Debit Card,Yes
ORD02802,1504,Daniel Williams,Male,26,Chennai,31-10-2024,Home,Vacuum Cleaner,3,10926.19,0.14,28189.57,19880.71,8308.86,UPI,Yes
ORD02528,1035,Mary Kirk,Male,59,Chennai,2024/08/07,Beauty,Perfume,5,4511.57,0.01,22332.27,19274.01,3058.26,Net Banking,No
ORD03753,1293,Erin Johnson,Female,18,Mumbai,2024/04/27,Fashion,T-Shirt,2,21929.1,0.23,33770.81,24253.79,9517.02,Credit Card,No
ORD03322,1438,Alicia Lopez,Male,49,Hyderabad,05-05-2024,Electronics,Laptop,3,34622.07,,92440.93,71700.98,20739.95,Debit Card,Yes
ORD03182,1424,Amanda White,Male,34,Delhi,24-01-2023,Fashion,Dress,4,20568.46,0.22,64173.6,47400.85,16772.75,Cash on Delivery,No
ORD04184,1350,,Male,36,delhi,2024/09/29,Home,Lamp,4,15525.14,0.2,49680.45,40586.72,9093.73,Net Banking,No
ORD01616,1782,Kimberly Barnes,Male,58,Pune,15-10-2023,Electronics,Laptop,2,34140.21,0.07,63500.79,46845.07,16655.72,Debit Card,No
ORD03025,1183,Marcus Harris Jr.,Female,38,Kolkata,2024/06/12,Electronics,Laptop,5,43717.67,0.21,172684.8,123238.39,49446.41,Cash on Delivery,Yes
ORD01414,1184,Scott Waters,Female,45,Hyderabad,20-10-2023,Home,Chair,4,26698.69,0.04,102522.97,91652.97,,Debit Card,No
ORD00764,1369,David Nichols,Female,30,Bangalore,19-04-2023,Fashion,Sneakers,3,28982.08,0.23,66948.6,41333.07,25615.53,Net Banking,Yes
ORD00656,1344,,Female,33,,22-11-2023,Fashion,Sneakers,1,45469.48,0.15,38649.06,23471.44,15177.62,CREDIT CARD,Yes
ORD04798,1485,Levi Moore,Female,57,Chennai,10-02-2024,Fashion,Dress,2,6433.5,0.1,231606.0,8577.83,3002.47,CASH ON DELIVERY,No
ORD03850,1375,Sonya Hunt,Female,25,Hyderabad,03-12-2023,Electronics,Tablet,3,22361.01,0.09,61045.56,38278.85,22766.71,Credit Card,No
ORD04154,1626,Kevin Rice,Female,28,bangalore,05-01-2023,Beauty,Shampoo,1,38995.51,0.22,30416.5,21451.68,8964.82,UPI,No
ORD00469,1584,Jason Bullock,Male,21,Bangalore,02-07-2023,Beauty,Shampoo,4,24945.34,,80822.9,72342.33,8480.57,Cash on Delivery,No
ORD00158,1682,Laura Campbell,Female,52,Delhi,23-05-2023,Electronics,Tablet,5,26996.33,0.22,105285.69,73506.13,31779.56,Debit Card,No
ORD01296,1721,Greg James,Female,28,Kolkata,19-04-2023,Electronics,Smartwatch,4,49922.38,0.1,179720.57,113657.82,66062.75,NET BANKING,No
ORD00498,1594,Jeremy Yu,Female,23,Pune,24-10-2024,Fashion,Jacket,5,15947.19,0.18,65383.48,52426.78,12956.7,UPI,No
ORD04741,1024,Regina Sullivan,Male,26,Pune,09-05-2024,Beauty,Face Wash,5,27705.09,0.06,130213.92,101955.66,28258.26,Net Banking,No
ORD02941,1430,Jeffrey Schmitt,Male,22,Delhi,05-07-2024,Beauty,Lipstick,2,48890.58,0.08,89958.67,57490.7,32467.97,Cash on Delivery,Yes
ORD03457,1498,Patrick Zimmerman,Female,43,Delhi,2023/12/20,Fashion,Sneakers,3,6224.44,0.04,17926.39,15594.46,2331.93,Net Banking,Yes
ORD00374,1263,Tricia Levy,Female,52,Mumbai,05-10-2024,Electronics,Laptop,1,18320.44,0.01,18137.24,14681.69,3455.55,Debit Card,No
ORD00080,1628,Andrew Boyle,Male,59,Pune,14-01-2024,Home,Mixer,5,22013.59,0.02,107866.59,89034.26,18832.33,DEBIT CARD,Yes
